Customer_ID,Total_Orders,Total_Spend,Avg_Session_Duration,Avg_Pages_Viewed,Total_Discount,Is_Returning_Customer,Avg_Rating,Engagement_Score,Customer_Segment,Returning_Status
CUST_00001,3,2199.63,14.333333333333334,9.0,138.05,True,3.3333333333333335,12.2,2,Returning
CUST_00002,2,809.9000000000001,15.0,10.0,71.05,True,4.0,13.0,1,Returning
CUST_00003,2,3030.81,10.5,8.5,0.0,True,3.5,9.7,1,Returning
CUST_00004,1,383.22,16.0,15.0,97.78,False,5.0,15.6,1,At Risk
CUST_00005,3,2422.73,12.666666666666666,9.333333333333334,0.0,True,3.6666666666666665,11.333333333333334,1,Returning
CUST_00006,3,1245.83,16.0,9.333333333333334,12.77,True,4.333333333333333,13.333333333333334,3,Returning
CUST_00007,1,1331.55,17.0,9.0,142.95,True,4.0,13.799999999999999,3,Returning
CUST_00008,3,5602.29,17.0,9.0,190.15,True,4.666666666666667,13.799999999999999,3,Returning
CUST_00009,1,470.86,11.0,11.0,0.0,False,3.0,11.0,2,At Risk
CUST_00010,3,1421.16,14.333333333333334,9.0,0.0,True,4.0,12.2,1,Returning
CUST_00011,7,6328.45,13.0,9.285714285714286,278.32000000000005,True,4.571428571428571,11.514285714285714,4,Returning
CUST_00012,1,794.4,8.0,7.0,0.0,False,4.0,7.6,1,At Risk
CUST_00013,2,667.97,12.5,6.5,172.04,True,5.0,10.1,1,Returning
CUST_00014,3,550.5600000000001,15.0,6.0,0.0,True,3.0,11.4,2,Returning
CUST_00015,4,17407.51,13.75,9.5,2791.0,True,3.25,12.05,0,Returning
CUST_00016,10,7775.48,14.4,8.7,1321.7499999999998,True,3.6,12.120000000000001,4,Returning
CUST_00017,1,903.51,13.0,9.0,0.0,True,5.0,11.4,1,Returning
CUST_00018,4,3145.06,13.75,9.25,0.0,True,4.5,11.95,1,Returning
CUST_00019,1,673.1,17.0,9.0,189.68,True,4.0,13.799999999999999,3,Returning
CUST_00020,2,2577.16,9.5,9.5,0.0,True,4.5,9.5,1,Returning
CUST_00021,3,5200.38,15.666666666666666,7.666666666666667,89.74,True,4.333333333333333,12.466666666666665,3,Returning
CUST_00022,4,933.56,16.25,7.75,0.0,True,4.0,12.85,3,Returning
CUST_00023,1,105.55,15.0,7.0,0.0,True,5.0,11.8,3,Returning
CUST_00024,2,333.99,13.5,7.5,89.76,True,4.5,11.1,1,Returning
CUST_00025,2,1061.66,11.5,9.0,93.07,True,5.0,10.5,1,Returning
CUST_00026,2,790.61,14.5,7.0,0.0,True,5.0,11.5,3,Returning
CUST_00027,4,2577.6099999999997,13.25,8.75,328.71000000000004,True,4.25,11.45,1,Returning
CUST_00028,2,865.42,15.0,8.5,19.28,True,4.0,12.4,3,Returning
CUST_00029,8,15296.52,15.625,10.0,3286.2099999999996,True,3.25,13.375,0,Returning
CUST_00030,7,19332.920000000002,14.0,10.0,64.66,True,4.142857142857143,12.4,4,Returning
CUST_00031,3,514.58,13.333333333333334,8.666666666666666,0.0,True,4.333333333333333,11.466666666666667,1,Returning
CUST_00032,1,45.36,18.0,9.0,0.0,True,3.0,14.399999999999999,3,Returning
CUST_00033,2,415.38,14.0,11.5,20.79,True,3.5,13.0,1,Returning
CUST_00034,2,6302.3,15.5,10.0,930.12,True,5.0,13.299999999999999,3,Returning
CUST_00035,2,221.73000000000002,13.0,11.0,21.25,True,4.0,12.2,1,Returning
CUST_00036,3,373.63,13.666666666666666,9.0,5.85,True,4.666666666666667,11.799999999999999,1,Returning
CUST_00037,1,3599.4,17.0,4.0,0.0,False,5.0,11.799999999999999,3,At Risk
CUST_00038,3,1130.59,14.0,9.666666666666666,0.0,True,3.6666666666666665,12.266666666666667,1,Returning
CUST_00039,3,3282.2999999999997,14.0,10.333333333333334,0.0,True,5.0,12.533333333333335,1,Returning
CUST_00040,3,2875.36,14.333333333333334,6.0,0.0,True,4.666666666666667,11.0,3,Returning
CUST_00041,4,5685.5599999999995,15.25,8.5,96.36,True,3.5,12.55,4,Returning
CUST_00042,2,3605.71,11.5,9.0,17.17,True,4.0,10.5,1,Returning
CUST_00043,2,1279.8000000000002,15.5,9.5,78.73,True,5.0,13.1,3,Returning
CUST_00044,2,391.98,13.5,7.5,0.0,True,5.0,11.1,1,Returning
CUST_00045,3,7551.92,15.333333333333334,9.0,1157.04,True,4.0,12.799999999999999,4,Returning
CUST_00046,2,1887.29,14.5,10.5,0.0,True,2.0,12.899999999999999,2,Returning
CUST_00047,2,2974.21,15.5,9.0,509.05,True,5.0,12.899999999999999,3,Returning
CUST_00048,4,4436.29,13.0,11.5,436.52,True,3.5,12.4,1,Returning
CUST_00049,3,702.35,14.666666666666666,8.666666666666666,54.989999999999995,True,3.6666666666666665,12.266666666666666,3,Returning
CUST_00050,1,247.4,9.0,4.0,0.0,True,4.0,7.0,1,Returning
CUST_00051,2,338.21999999999997,14.5,8.0,44.91,True,3.5,11.899999999999999,2,Returning
CUST_00052,4,6802.75,15.75,8.0,1222.42,True,4.25,12.649999999999999,4,Returning
CUST_00053,1,208.84,11.0,5.0,24.8,True,1.0,8.6,2,Returning
CUST_00054,1,529.46,16.0,6.0,0.0,True,3.0,12.0,2,Returning
CUST_00055,3,774.3199999999999,16.333333333333332,7.666666666666667,39.23,True,3.6666666666666665,12.866666666666665,3,Returning
CUST_00056,5,5841.23,12.0,9.2,171.23,True,4.4,10.879999999999999,1,Returning
CUST_00057,4,1515.3899999999999,14.25,9.0,44.67,True,4.0,12.149999999999999,1,Returning
CUST_00058,6,4964.26,12.833333333333334,10.0,26.08,True,3.8333333333333335,11.7,4,Returning
CUST_00059,4,3890.71,16.0,8.5,18.59,True,3.25,13.0,2,Returning
CUST_00060,1,1172.8,18.0,5.0,0.0,True,5.0,12.799999999999999,3,Returning
CUST_00061,3,1242.8,13.333333333333334,7.333333333333333,84.63,True,2.6666666666666665,10.933333333333334,2,Returning
CUST_00062,4,5638.85,15.25,8.25,555.0,True,4.75,12.450000000000001,3,Returning
CUST_00063,3,2960.14,15.0,8.666666666666666,83.35,True,4.666666666666667,12.466666666666667,3,Returning
CUST_00064,1,732.09,15.0,10.0,39.57,True,5.0,13.0,1,Returning
CUST_00065,2,2971.2200000000003,12.0,9.0,0.0,True,4.5,10.799999999999999,1,Returning
CUST_00066,1,3552.78,15.0,12.0,0.0,True,3.0,13.8,2,Returning
CUST_00067,5,1488.3700000000001,13.8,10.2,219.28,True,4.4,12.36,1,Returning
CUST_00068,1,122.67,13.0,11.0,0.0,True,4.0,12.2,1,Returning
CUST_00069,2,2560.76,11.5,10.5,0.0,True,3.0,11.1,2,Returning
CUST_00070,3,1276.27,14.666666666666666,8.0,10.05,True,4.666666666666667,12.0,3,Returning
CUST_00071,4,2052.29,15.25,5.25,263.8,True,4.25,11.25,3,Returning
CUST_00072,7,5370.1,14.571428571428571,7.714285714285714,282.44,True,3.857142857142857,11.828571428571427,4,Returning
CUST_00073,1,224.75,16.0,10.0,0.0,True,5.0,13.6,3,Returning
CUST_00074,7,9628.380000000001,14.0,8.142857142857142,1029.04,True,3.2857142857142856,11.657142857142858,4,Returning
CUST_00075,3,9552.539999999999,13.666666666666666,8.0,2138.9199999999996,True,3.3333333333333335,11.399999999999999,0,Returning
CUST_00076,5,21055.71,14.4,9.2,3432.3300000000004,True,3.6,12.32,0,Returning
CUST_00077,4,1282.79,13.0,9.25,155.27,True,4.0,11.5,1,Returning
CUST_00078,3,299.29,15.333333333333334,11.333333333333334,25.89,True,3.6666666666666665,13.733333333333334,1,Returning
CUST_00079,3,2644.09,14.333333333333334,8.666666666666666,161.73,True,5.0,12.066666666666666,1,Returning
CUST_00080,5,703.8,11.4,9.0,7.64,True,3.8,10.44,1,Returning
CUST_00081,1,1985.21,12.0,10.0,324.15,False,2.0,11.2,2,At Risk
CUST_00082,5,3602.9900000000002,13.6,8.8,35.64,True,3.8,11.68,4,Returning
CUST_00083,1,510.39,16.0,10.0,142.45,True,5.0,13.6,3,Returning
CUST_00084,6,2703.68,14.166666666666666,8.333333333333334,76.9,True,4.333333333333333,11.833333333333334,4,Returning
CUST_00085,2,933.0300000000001,13.5,11.5,148.53,True,3.5,12.7,1,Returning
CUST_00086,2,2238.3,13.5,10.0,0.0,True,5.0,12.1,1,Returning
CUST_00087,5,1283.77,15.0,9.0,67.94,True,4.2,12.6,3,Returning
CUST_00088,5,1563.12,15.6,9.4,82.86,True,4.6,13.12,3,Returning
CUST_00089,9,14986.29,15.0,9.11111111111111,852.0,True,3.5555555555555554,12.644444444444444,4,Returning
CUST_00090,4,3776.86,14.75,7.25,0.0,True,3.25,11.75,2,Returning
CUST_00091,4,582.1700000000001,14.5,8.25,87.07000000000001,True,4.75,12.0,3,Returning
CUST_00092,10,8608.02,15.4,9.3,316.85,True,3.7,12.96,4,Returning
CUST_00093,2,6583.81,17.5,11.0,0.0,True,1.5,14.9,2,Returning
CUST_00094,1,426.73,12.0,11.0,80.47,False,4.0,11.6,1,At Risk
CUST_00095,3,593.19,16.0,9.333333333333334,79.67,True,4.333333333333333,13.333333333333334,3,Returning
CUST_00096,3,467.69,15.0,8.666666666666666,29.94,True,3.6666666666666665,12.466666666666667,3,Returning
CUST_00097,1,481.84,11.0,13.0,75.47,True,4.0,11.8,1,Returning
CUST_00098,2,2463.56,14.5,6.5,0.0,True,3.0,11.299999999999999,2,Returning
CUST_00099,4,18407.65,15.5,9.5,1994.5800000000002,True,4.0,13.1,0,Returning
CUST_00100,1,405.46,17.0,7.0,34.92,False,5.0,13.0,3,At Risk
CUST_00101,5,14130.9,14.2,8.0,2515.96,True,4.0,11.719999999999999,0,Returning
CUST_00102,3,3300.2200000000003,12.0,10.0,0.0,True,2.3333333333333335,11.2,2,Returning
CUST_00103,5,3956.62,16.4,11.2,857.3399999999999,True,4.6,14.319999999999997,4,Returning
CUST_00104,6,2906.6,17.333333333333332,9.0,205.92,True,3.0,13.999999999999998,4,Returning
CUST_00105,2,1380.1000000000001,15.0,10.0,215.70000000000002,True,4.5,13.0,1,Returning
CUST_00106,3,9962.97,13.666666666666666,7.333333333333333,1044.01,True,3.6666666666666665,11.133333333333333,4,Returning
CUST_00107,3,3083.11,13.0,7.666666666666667,572.6,True,4.333333333333333,10.866666666666667,1,Returning
CUST_00108,2,9111.15,15.0,9.0,30.36,True,4.5,12.6,3,Returning
CUST_00109,6,2921.8199999999997,17.0,9.0,124.49,True,4.0,13.799999999999999,4,Returning
CUST_00110,2,562.8,8.0,9.0,0.0,True,4.0,8.4,1,Returning
CUST_00111,5,5355.2300000000005,14.6,8.6,0.0,True,4.4,12.2,4,Returning
CUST_00112,5,5338.15,14.0,8.4,346.08000000000004,True,4.8,11.760000000000002,4,Returning
CUST_00113,3,6708.43,14.0,8.666666666666666,0.0,True,4.333333333333333,11.866666666666667,1,Returning
CUST_00114,2,226.3,19.5,8.5,51.199999999999996,True,3.0,15.1,3,Returning
CUST_00115,5,5358.67,14.0,10.0,0.0,True,4.2,12.4,4,Returning
CUST_00116,2,396.59,18.0,10.5,0.0,True,3.5,15.0,3,Returning
CUST_00117,2,1997.66,14.5,9.0,0.0,True,2.0,12.299999999999999,2,Returning
CUST_00118,2,1258.27,11.5,9.5,0.0,True,4.5,10.7,1,Returning
CUST_00119,2,822.8799999999999,19.0,7.5,0.0,True,3.5,14.4,3,Returning
CUST_00120,2,1048.33,17.0,9.0,167.18,True,4.5,13.799999999999999,3,Returning
CUST_00121,2,1275.3999999999999,15.0,9.5,0.0,True,4.0,12.8,3,Returning
CUST_00122,2,5916.799999999999,12.0,10.0,377.04,True,4.0,11.2,1,Returning
CUST_00123,1,119.1,14.0,11.0,0.0,True,5.0,12.8,1,Returning
CUST_00124,3,1334.43,14.0,9.333333333333334,0.0,True,4.0,12.133333333333335,1,Returning
CUST_00125,6,5482.3099999999995,14.5,9.166666666666666,1017.1800000000001,True,3.5,12.366666666666665,4,Returning
CUST_00126,3,5796.18,16.333333333333332,8.333333333333334,746.15,True,4.333333333333333,13.133333333333333,3,Returning
CUST_00127,2,6812.73,10.5,11.0,1216.6499999999999,True,5.0,10.7,1,Returning
CUST_00128,3,1894.3600000000001,14.333333333333334,10.333333333333334,85.92,True,4.666666666666667,12.733333333333334,1,Returning
CUST_00129,4,4425.11,17.5,7.25,785.07,True,4.25,13.4,3,Returning
CUST_00130,5,1415.34,16.2,7.6,30.22,True,4.0,12.759999999999998,3,Returning
CUST_00131,4,1450.0500000000002,16.0,10.75,310.7,True,4.0,13.899999999999999,3,Returning
CUST_00132,1,401.74,16.0,11.0,0.0,True,4.0,14.0,3,Returning
CUST_00133,4,3183.6200000000003,14.5,10.25,0.0,True,3.25,12.8,2,Returning
CUST_00134,2,330.47,15.0,8.5,11.61,True,3.0,12.4,2,Returning
CUST_00135,4,1205.28,17.0,8.75,0.0,True,3.75,13.7,3,Returning
CUST_00136,7,27744.81,12.142857142857142,9.142857142857142,1536.8500000000001,True,3.7142857142857144,10.942857142857141,0,Returning
CUST_00137,5,7847.549999999999,16.6,8.8,1470.8000000000002,True,4.0,13.48,0,Returning
CUST_00138,2,5038.3,15.5,12.5,0.0,True,4.0,14.299999999999999,1,Returning
CUST_00139,3,2415.02,12.666666666666666,8.666666666666666,47.19,True,4.666666666666667,11.066666666666666,1,Returning
CUST_00140,5,4127.54,14.2,9.4,54.099999999999994,True,3.8,12.28,4,Returning
CUST_00141,3,692.77,18.0,8.0,45.67,True,3.6666666666666665,14.0,3,Returning
CUST_00142,6,4468.86,15.0,8.833333333333334,0.0,True,4.333333333333333,12.533333333333333,4,Returning
CUST_00143,4,6306.07,16.25,9.75,838.36,True,4.0,13.65,4,Returning
CUST_00144,2,5798.76,14.5,9.5,0.0,True,4.5,12.5,1,Returning
CUST_00145,6,4239.0,13.666666666666666,9.666666666666666,285.88,True,3.8333333333333335,12.066666666666666,4,Returning
CUST_00146,3,4920.679999999999,16.0,8.0,0.0,True,4.333333333333333,12.8,3,Returning
CUST_00147,3,2613.37,14.666666666666666,7.666666666666667,315.83000000000004,True,5.0,11.866666666666665,3,Returning
CUST_00148,3,4689.19,14.0,9.666666666666666,0.0,True,3.3333333333333335,12.266666666666667,2,Returning
CUST_00149,2,4978.3,14.5,6.5,568.86,True,4.0,11.299999999999999,3,Returning
CUST_00150,2,2227.61,15.5,10.5,479.78,True,4.5,13.5,3,Returning
CUST_00151,3,12397.1,16.666666666666668,8.666666666666666,79.8,True,4.333333333333333,13.466666666666667,3,Returning
CUST_00152,7,3955.98,12.714285714285714,9.0,547.76,True,3.7142857142857144,11.228571428571428,4,Returning
CUST_00153,5,4193.99,16.8,7.8,30.99,True,3.0,13.2,2,Returning
CUST_00154,10,41613.83,14.6,8.8,3959.5,True,3.8,12.280000000000001,0,Returning
CUST_00155,5,10313.310000000001,13.0,8.8,583.88,True,3.6,11.32,4,Returning
CUST_00156,2,1687.83,18.5,8.0,5.79,True,3.5,14.3,3,Returning
CUST_00157,3,2816.84,14.0,8.333333333333334,31.81,True,4.0,11.733333333333334,1,Returning
CUST_00158,8,8416.01,13.125,9.25,110.75,True,4.0,11.575,4,Returning
CUST_00159,1,2443.68,12.0,10.0,0.0,False,3.0,11.2,2,At Risk
CUST_00160,1,11182.48,13.0,11.0,0.0,True,5.0,12.2,1,Returning
CUST_00161,4,793.8000000000001,14.75,11.0,143.07000000000002,True,4.0,13.25,1,Returning
CUST_00162,1,237.6,16.0,11.0,0.0,False,5.0,14.0,3,At Risk
CUST_00163,2,5341.99,11.5,7.5,0.0,True,3.0,9.899999999999999,2,Returning
CUST_00164,2,394.59999999999997,13.0,9.5,15.59,True,4.5,11.6,1,Returning
CUST_00165,2,6117.8099999999995,10.5,10.0,610.36,True,4.5,10.3,1,Returning
CUST_00166,3,1549.54,16.0,10.0,50.42,True,3.6666666666666665,13.6,3,Returning
CUST_00167,9,11605.460000000001,15.333333333333334,7.555555555555555,1390.73,True,3.4444444444444446,12.222222222222221,0,Returning
CUST_00168,7,8067.05,12.714285714285714,10.714285714285714,84.28,True,4.714285714285714,11.914285714285715,4,Returning
CUST_00169,2,214.62,15.5,8.0,18.03,True,5.0,12.5,3,Returning
CUST_00170,2,1897.07,14.0,7.5,228.57999999999998,True,4.5,11.4,3,Returning
CUST_00171,2,585.45,12.5,7.5,64.84,True,3.0,10.5,2,Returning
CUST_00172,5,1556.11,15.2,9.6,118.6,True,3.6,12.959999999999999,4,Returning
CUST_00173,3,672.02,13.0,11.666666666666666,168.68,True,4.666666666666667,12.466666666666667,1,Returning
CUST_00174,4,20734.25,16.25,10.25,2146.78,True,3.5,13.850000000000001,0,Returning
CUST_00175,4,6394.780000000001,16.5,10.0,131.59,True,3.75,13.9,3,Returning
CUST_00176,1,1207.95,20.0,10.0,0.0,False,5.0,16.0,3,At Risk
CUST_00177,2,1353.74,13.0,8.0,0.0,True,4.0,11.0,1,Returning
CUST_00178,6,18129.14,13.166666666666666,10.166666666666666,3114.4,True,3.8333333333333335,11.966666666666665,0,Returning
CUST_00179,1,94.26,15.0,7.0,0.0,False,4.0,11.8,3,At Risk
CUST_00180,4,1081.19,11.75,7.5,239.64,True,4.0,10.05,1,Returning
CUST_00181,7,3503.51,13.0,10.142857142857142,112.2,True,4.142857142857143,11.857142857142858,4,Returning
CUST_00182,4,4957.13,15.5,8.0,20.36,True,3.75,12.5,3,Returning
CUST_00183,7,5201.82,14.714285714285714,8.714285714285714,561.04,True,3.4285714285714284,12.314285714285713,4,Returning
CUST_00184,2,224.32,16.5,10.5,39.92,True,3.5,14.100000000000001,3,Returning
CUST_00185,1,3413.36,12.0,10.0,0.0,False,5.0,11.2,1,At Risk
CUST_00186,3,869.0,14.333333333333334,7.333333333333333,59.58,True,3.0,11.533333333333333,2,Returning
CUST_00187,2,2598.7200000000003,15.0,11.5,0.0,True,3.5,13.600000000000001,2,Returning
CUST_00188,1,81.09,18.0,7.0,0.0,True,4.0,13.6,3,Returning
CUST_00189,9,14335.39,13.333333333333334,8.88888888888889,2324.9900000000002,True,3.3333333333333335,11.555555555555555,0,Returning
CUST_00190,3,13061.51,16.333333333333332,9.0,0.0,True,4.0,13.399999999999999,4,Returning
CUST_00191,2,3211.2200000000003,14.5,9.5,183.76,True,4.0,12.5,1,Returning
CUST_00192,1,90.92,11.0,6.0,0.0,True,5.0,9.0,1,Returning
CUST_00193,4,2969.69,17.0,9.0,263.36,True,4.25,13.799999999999999,3,Returning
CUST_00194,2,985.1400000000001,15.5,9.0,0.0,True,4.0,12.899999999999999,3,Returning
CUST_00195,3,4017.48,15.0,9.333333333333334,458.34,True,4.0,12.733333333333334,3,Returning
CUST_00196,3,10132.67,14.333333333333334,7.0,8.98,True,4.333333333333333,11.4,3,Returning
CUST_00197,10,47324.23,13.9,9.2,493.12,True,3.7,12.02,0,Returning
CUST_00198,4,4623.04,16.75,8.25,503.14,True,3.5,13.35,3,Returning
CUST_00199,4,6738.69,15.75,10.5,0.0,True,3.0,13.649999999999999,2,Returning
CUST_00200,6,5927.53,14.166666666666666,10.166666666666666,92.4,True,4.5,12.566666666666666,4,Returning
CUST_00201,1,103.56,19.0,7.0,0.0,True,4.0,14.200000000000001,3,Returning
CUST_00202,1,131.92,16.0,15.0,0.0,True,5.0,15.6,1,Returning
CUST_00203,4,961.24,13.25,9.75,109.19,True,4.5,11.85,1,Returning
CUST_00204,3,2324.31,15.666666666666666,8.333333333333334,0.0,True,4.0,12.733333333333333,3,Returning
CUST_00205,7,4079.13,15.428571428571429,8.428571428571429,5.52,True,3.5714285714285716,12.628571428571428,4,Returning
CUST_00206,2,3340.6099999999997,18.0,12.0,0.0,True,2.5,15.6,2,Returning
CUST_00207,2,685.31,13.0,10.5,116.29,True,3.5,12.0,1,Returning
CUST_00208,1,2215.8,20.0,7.0,0.0,True,4.0,14.8,3,Returning
CUST_00209,3,990.95,12.666666666666666,7.666666666666667,40.75,True,1.6666666666666667,10.666666666666666,2,Returning
CUST_00210,6,11821.51,16.0,8.5,14.97,True,3.8333333333333335,13.0,4,Returning
CUST_00211,4,794.12,14.25,5.25,14.29,True,4.0,10.649999999999999,3,Returning
CUST_00212,6,14783.85,13.5,8.666666666666666,1638.72,True,4.0,11.566666666666666,0,Returning
CUST_00213,2,776.3599999999999,12.0,7.5,59.58,True,4.0,10.2,1,Returning
CUST_00214,3,2156.65,15.0,7.666666666666667,314.15,True,3.3333333333333335,12.066666666666666,2,Returning
CUST_00215,3,3373.4500000000003,11.333333333333334,8.0,141.71,True,3.6666666666666665,10.0,1,Returning
CUST_00216,5,7822.99,14.6,9.2,0.0,True,3.8,12.44,4,Returning
CUST_00217,1,86.62,13.0,12.0,0.0,True,5.0,12.600000000000001,1,Returning
CUST_00218,3,5745.79,12.333333333333334,7.666666666666667,792.1,True,3.3333333333333335,10.466666666666667,2,Returning
CUST_00219,2,894.11,14.5,7.5,0.0,True,4.5,11.7,3,Returning
CUST_00220,3,2958.81,14.333333333333334,10.666666666666666,102.42,True,4.333333333333333,12.866666666666667,1,Returning
CUST_00221,3,1595.11,15.0,7.0,60.31,True,4.333333333333333,11.8,3,Returning
CUST_00222,4,1203.7,16.75,7.75,42.91,True,4.25,13.149999999999999,3,Returning
CUST_00223,2,3880.27,13.5,9.0,321.75,True,4.0,11.7,1,Returning
CUST_00224,3,3107.41,16.0,9.666666666666666,207.65,True,3.6666666666666665,13.466666666666667,3,Returning
CUST_00225,3,7058.01,14.666666666666666,6.666666666666667,185.06,True,4.666666666666667,11.466666666666665,3,Returning
CUST_00226,1,168.0,12.0,6.0,0.0,False,5.0,9.6,1,At Risk
CUST_00227,1,30.5,15.0,10.0,0.0,True,4.0,13.0,1,Returning
CUST_00228,3,534.81,11.666666666666666,11.0,0.0,True,4.666666666666667,11.399999999999999,1,Returning
CUST_00229,5,5361.07,14.0,9.6,437.95,True,4.6,12.24,4,Returning
CUST_00230,2,232.82,13.0,8.0,34.019999999999996,True,5.0,11.0,1,Returning
CUST_00231,4,5517.289999999999,13.75,8.25,694.3100000000001,True,3.5,11.55,4,Returning
CUST_00232,1,426.24,10.0,8.0,0.0,True,5.0,9.2,1,Returning
CUST_00233,1,434.34,17.0,7.0,0.0,True,1.0,13.0,2,Returning
CUST_00234,4,5509.29,13.5,6.75,382.03,True,4.5,10.8,4,Returning
CUST_00235,1,287.72,14.0,10.0,67.33,True,4.0,12.4,1,Returning
CUST_00236,2,6898.39,15.0,6.5,0.0,True,3.5,11.6,3,Returning
CUST_00237,3,356.31,13.666666666666666,8.666666666666666,48.23,True,4.0,11.666666666666666,1,Returning
CUST_00238,8,12917.61,13.375,8.875,327.28999999999996,True,4.0,11.575000000000001,4,Returning
CUST_00239,3,1649.18,14.0,8.666666666666666,0.0,True,4.333333333333333,11.866666666666667,1,Returning
CUST_00240,2,2792.2200000000003,21.5,10.0,0.0,True,4.5,16.9,3,Returning
CUST_00241,10,15101.949999999999,14.5,8.7,155.76,True,3.4,12.18,4,Returning
CUST_00242,8,22668.920000000002,14.25,9.5,196.47,True,3.5,12.35,4,Returning
CUST_00243,2,890.73,17.5,7.5,46.81,True,3.5,13.5,3,Returning
CUST_00244,3,1374.4,16.333333333333332,11.0,18.95,True,4.0,14.2,3,Returning
CUST_00245,6,14832.900000000001,15.0,9.666666666666666,1265.76,True,3.6666666666666665,12.866666666666667,0,Returning
CUST_00246,2,1239.0900000000001,13.0,9.5,0.0,True,3.5,11.6,1,Returning
CUST_00247,7,5413.9400000000005,15.714285714285714,8.285714285714286,321.37,True,3.2857142857142856,12.742857142857142,4,Returning
CUST_00248,3,2203.43,15.333333333333334,11.0,0.0,True,3.6666666666666665,13.6,1,Returning
CUST_00249,4,5215.41,14.25,9.75,26.86,True,4.0,12.45,1,Returning
CUST_00250,1,12718.2,16.0,6.0,0.0,True,3.0,12.0,2,Returning
CUST_00251,2,2474.96,11.5,10.0,101.68,True,4.5,10.899999999999999,1,Returning
CUST_00252,9,18766.25,14.666666666666666,8.88888888888889,1008.93,True,4.111111111111111,12.355555555555554,0,Returning
CUST_00253,3,6104.4400000000005,16.333333333333332,8.333333333333334,0.0,True,3.3333333333333335,13.133333333333333,3,Returning
CUST_00254,4,613.1800000000001,17.0,10.75,73.87,True,4.25,14.5,3,Returning
CUST_00255,2,220.81,16.0,11.0,11.84,True,4.5,14.0,3,Returning
CUST_00256,6,13381.57,15.0,8.0,909.37,True,4.333333333333333,12.2,4,Returning
CUST_00257,2,973.8900000000001,18.5,8.5,31.25,True,4.0,14.5,3,Returning
CUST_00258,6,3768.67,15.5,10.333333333333334,232.38,True,4.5,13.433333333333334,4,Returning
CUST_00259,2,4355.91,11.0,10.5,81.94,True,4.5,10.8,1,Returning
CUST_00260,2,427.65999999999997,13.5,10.5,49.76,True,3.0,12.3,2,Returning
CUST_00261,6,4224.62,16.833333333333332,8.0,286.88,True,4.166666666666667,13.3,4,Returning
CUST_00262,1,50.9,15.0,9.0,4.25,False,3.0,12.6,2,At Risk
CUST_00263,3,6274.570000000001,11.666666666666666,10.333333333333334,3.72,True,4.333333333333333,11.133333333333333,1,Returning
CUST_00264,3,924.3399999999999,11.333333333333334,12.0,7.78,True,3.3333333333333335,11.600000000000001,1,Returning
CUST_00265,7,4866.16,14.142857142857142,8.857142857142858,420.65999999999997,True,3.5714285714285716,12.028571428571428,4,Returning
CUST_00266,3,12708.69,15.0,7.0,0.0,True,2.6666666666666665,11.8,2,Returning
CUST_00267,1,5004.9,13.0,7.0,427.22,False,4.0,10.6,1,At Risk
CUST_00268,3,947.34,16.666666666666668,11.0,99.57,True,4.666666666666667,14.4,3,Returning
CUST_00269,1,2800.5,15.0,11.0,574.5,True,5.0,13.4,1,Returning
CUST_00270,1,186.07,10.0,10.0,26.39,False,5.0,10.0,1,At Risk
CUST_00271,2,219.17,16.5,8.5,19.05,True,3.5,13.3,3,Returning
CUST_00272,3,5937.62,15.666666666666666,8.666666666666666,16.67,True,5.0,12.866666666666665,3,Returning
CUST_00273,1,6248.78,14.0,12.0,690.2,True,2.0,13.200000000000001,2,Returning
CUST_00274,2,186.5,15.5,9.0,16.06,True,3.0,12.899999999999999,2,Returning
CUST_00275,1,1990.27,13.0,10.0,524.39,False,5.0,11.8,1,At Risk
CUST_00276,3,1081.69,15.0,8.333333333333334,25.9,True,3.6666666666666665,12.333333333333334,3,Returning
CUST_00277,2,374.69,16.5,7.0,9.72,True,4.0,12.700000000000001,3,Returning
CUST_00278,1,355.71,12.0,7.0,0.0,True,1.0,10.0,2,Returning
CUST_00279,9,8998.039999999999,13.666666666666666,9.444444444444445,150.24,True,3.888888888888889,11.977777777777778,4,Returning
CUST_00280,1,363.61,9.0,6.0,0.0,False,5.0,7.8,1,At Risk
CUST_00281,4,11020.91,11.75,10.75,2045.84,True,3.75,11.35,0,Returning
CUST_00282,1,858.7,12.0,9.0,0.0,True,1.0,10.799999999999999,2,Returning
CUST_00283,1,105.6,16.0,5.0,16.78,True,4.0,11.6,3,Returning
CUST_00284,2,3209.09,13.5,8.0,238.07,True,4.5,11.3,1,Returning
CUST_00285,1,229.55,20.0,9.0,0.0,True,5.0,15.6,3,Returning
CUST_00286,7,6885.5,14.571428571428571,9.285714285714286,896.78,True,4.0,12.457142857142857,4,Returning
CUST_00287,3,4548.25,13.666666666666666,9.666666666666666,499.92,True,5.0,12.066666666666666,1,Returning
CUST_00288,5,6706.0,15.4,9.6,206.69,True,3.8,13.08,4,Returning
CUST_00289,8,11224.32,14.75,7.375,217.0,True,4.125,11.8,4,Returning
CUST_00290,2,4059.1499999999996,16.0,9.5,202.78,True,4.0,13.4,3,Returning
CUST_00291,3,1503.5,17.0,10.0,7.19,True,4.666666666666667,14.2,3,Returning
CUST_00292,6,3072.8,13.833333333333334,9.0,82.99,True,4.0,11.9,4,Returning
CUST_00293,3,5139.64,15.0,9.333333333333334,129.17,True,4.333333333333333,12.733333333333334,3,Returning
CUST_00294,3,4237.54,12.666666666666666,9.666666666666666,613.29,True,3.3333333333333335,11.466666666666667,2,Returning
CUST_00295,3,744.88,16.0,10.333333333333334,55.8,True,4.0,13.733333333333334,3,Returning
CUST_00296,2,3827.6400000000003,14.5,10.0,0.0,True,2.0,12.7,2,Returning
CUST_00297,2,5984.12,16.5,10.5,0.0,True,3.5,14.100000000000001,3,Returning
CUST_00298,1,2986.14,11.0,14.0,280.74,False,4.0,12.2,1,At Risk
CUST_00299,3,2362.61,15.0,8.333333333333334,450.06,True,4.333333333333333,12.333333333333334,3,Returning
CUST_00300,2,1295.79,12.5,10.0,48.37,True,3.5,11.5,1,Returning
CUST_00301,3,886.8,15.666666666666666,10.333333333333334,19.48,True,3.3333333333333335,13.533333333333331,2,Returning
CUST_00302,5,7594.5599999999995,14.0,8.8,307.55,True,3.8,11.920000000000002,4,Returning
CUST_00303,2,748.76,17.5,10.0,65.87,True,2.5,14.5,2,Returning
CUST_00304,2,5288.84,16.0,8.0,202.07,True,4.0,12.8,3,Returning
CUST_00305,2,3982.9399999999996,13.0,8.0,509.9,True,3.5,11.0,2,Returning
CUST_00306,6,6928.47,14.166666666666666,9.333333333333334,312.37,True,3.5,12.233333333333334,4,Returning
CUST_00307,2,4069.7799999999997,14.5,7.0,0.0,True,2.5,11.5,2,Returning
CUST_00308,3,3162.1000000000004,11.333333333333334,8.333333333333334,0.0,True,4.666666666666667,10.133333333333333,1,Returning
CUST_00309,5,3053.3100000000004,13.6,7.6,90.51,True,3.8,11.2,4,Returning
CUST_00310,1,4054.88,18.0,11.0,0.0,True,5.0,15.2,3,Returning
CUST_00311,2,1968.97,18.0,8.5,118.99,True,3.0,14.2,3,Returning
CUST_00312,1,85.44,12.0,13.0,0.0,False,1.0,12.399999999999999,2,At Risk
CUST_00313,2,494.02,12.0,6.0,61.46,True,4.0,9.6,1,Returning
CUST_00314,3,2567.12,14.333333333333334,10.0,318.75,True,4.0,12.6,1,Returning
CUST_00315,2,400.93,12.5,10.5,0.0,True,4.5,11.7,1,Returning
CUST_00316,1,1295.0,13.0,6.0,0.0,True,5.0,10.2,1,Returning
CUST_00317,3,1719.7,15.666666666666666,11.0,374.21,True,4.0,13.799999999999999,3,Returning
CUST_00318,3,7715.96,13.0,10.333333333333334,0.0,True,4.333333333333333,11.933333333333334,1,Returning
CUST_00319,3,1865.71,13.333333333333334,9.333333333333334,52.97,True,4.0,11.733333333333334,1,Returning
CUST_00320,1,448.2,12.0,9.0,0.0,True,4.0,10.799999999999999,1,Returning
CUST_00321,10,9956.119999999999,15.2,9.8,1361.19,True,3.8,13.04,0,Returning
CUST_00322,1,2536.32,7.0,8.0,0.0,False,4.0,7.4,1,At Risk
CUST_00323,3,2076.6400000000003,14.666666666666666,8.0,91.1,True,4.333333333333333,12.0,3,Returning
CUST_00324,3,2388.65,13.666666666666666,10.666666666666666,0.0,True,4.333333333333333,12.466666666666665,1,Returning
CUST_00325,1,2178.78,18.0,11.0,483.38,True,4.0,15.2,3,Returning
CUST_00326,2,2225.29,16.5,10.0,0.0,True,4.5,13.9,3,Returning
CUST_00327,2,1503.48,13.0,8.5,0.0,True,3.5,11.2,2,Returning
CUST_00328,2,3388.15,12.5,8.5,0.0,True,2.5,10.9,2,Returning
CUST_00329,7,8675.3,14.571428571428571,8.857142857142858,53.269999999999996,True,3.142857142857143,12.285714285714285,4,Returning
CUST_00330,1,872.72,13.0,11.0,0.0,True,4.0,12.2,1,Returning
CUST_00331,3,1630.78,15.0,8.333333333333334,95.67,True,3.0,12.333333333333334,2,Returning
CUST_00332,3,903.08,14.666666666666666,10.666666666666666,94.65,True,4.0,13.066666666666666,1,Returning
CUST_00333,1,568.64,15.0,9.0,0.0,False,4.0,12.6,3,At Risk
CUST_00334,2,4985.6,15.5,9.0,0.0,True,5.0,12.899999999999999,3,Returning
CUST_00335,2,2841.91,14.5,8.0,96.7,True,5.0,11.899999999999999,3,Returning
CUST_00336,6,8133.17,17.333333333333332,9.333333333333334,186.99,True,4.5,14.133333333333333,4,Returning
CUST_00337,1,3681.65,8.0,11.0,0.0,False,3.0,9.2,1,At Risk
CUST_00338,4,2652.9700000000003,14.75,9.75,376.29999999999995,True,3.75,12.75,1,Returning
CUST_00339,5,8773.0,15.4,8.0,0.0,True,3.6,12.440000000000001,4,Returning
CUST_00340,2,297.3,14.0,9.0,27.11,True,4.5,12.0,1,Returning
CUST_00341,5,5653.17,14.8,9.6,428.91,True,4.0,12.72,4,Returning
CUST_00342,6,9730.85,14.333333333333334,7.833333333333333,558.2,True,3.6666666666666665,11.733333333333333,4,Returning
CUST_00343,2,133.44,16.5,10.0,13.14,True,4.0,13.9,3,Returning
CUST_00344,2,1766.02,16.5,7.0,438.74,True,5.0,12.700000000000001,3,Returning
CUST_00345,3,7194.0,13.0,10.666666666666666,19.82,True,3.6666666666666665,12.066666666666666,1,Returning
CUST_00346,5,6818.34,14.8,9.8,273.86,True,3.6,12.8,4,Returning
CUST_00347,4,5339.1,15.25,9.25,58.82,True,4.0,12.850000000000001,3,Returning
CUST_00348,4,2877.3,12.25,7.25,0.0,True,4.25,10.25,1,Returning
CUST_00349,4,2643.9,14.25,9.25,84.28,True,3.75,12.25,1,Returning
CUST_00350,1,3351.67,17.0,5.0,539.98,True,5.0,12.2,3,Returning
CUST_00351,6,13195.92,14.833333333333334,8.5,83.17,True,4.166666666666667,12.3,4,Returning
CUST_00352,3,743.3799999999999,15.333333333333334,8.333333333333334,106.94,True,4.0,12.533333333333333,3,Returning
CUST_00353,3,1009.15,14.0,9.0,0.0,True,3.6666666666666665,12.0,1,Returning
CUST_00354,3,4360.4800000000005,18.0,10.333333333333334,168.67,True,3.6666666666666665,14.933333333333334,3,Returning
CUST_00355,8,4192.860000000001,15.625,8.75,125.61,True,4.0,12.875,4,Returning
CUST_00356,2,3884.3500000000004,11.5,7.5,0.0,True,4.0,9.899999999999999,1,Returning
CUST_00357,3,2235.7799999999997,15.333333333333334,9.0,15.65,True,3.6666666666666665,12.799999999999999,3,Returning
CUST_00358,1,2005.55,11.0,11.0,0.0,False,5.0,11.0,1,At Risk
CUST_00359,2,3735.6699999999996,15.0,7.0,0.0,True,3.0,11.8,2,Returning
CUST_00360,1,957.96,11.0,10.0,111.14,True,2.0,10.6,2,Returning
CUST_00361,5,16828.5,13.0,9.4,2469.06,True,4.2,11.56,0,Returning
CUST_00362,1,1367.58,13.0,8.0,0.0,True,5.0,11.0,1,Returning
CUST_00363,3,5134.74,17.333333333333332,9.666666666666666,0.0,True,3.6666666666666665,14.266666666666666,3,Returning
CUST_00364,3,2166.73,15.0,6.0,0.0,True,3.6666666666666665,11.4,3,Returning
CUST_00365,5,8058.8099999999995,16.4,7.2,370.52,True,4.0,12.719999999999999,4,Returning
CUST_00366,2,962.35,16.0,10.5,0.0,True,4.0,13.8,3,Returning
CUST_00367,1,438.31,8.0,11.0,83.54,False,4.0,9.2,1,At Risk
CUST_00368,5,22308.22,15.0,9.8,308.42,True,3.8,12.92,4,Returning
CUST_00369,1,14.81,11.0,9.0,0.0,False,5.0,10.2,1,At Risk
CUST_00370,2,2215.34,14.5,9.0,0.0,True,5.0,12.299999999999999,1,Returning
CUST_00371,1,564.76,16.0,8.0,0.0,False,5.0,12.8,3,At Risk
CUST_00372,2,1792.47,15.5,11.0,108.12,True,3.5,13.7,2,Returning
CUST_00373,5,11427.89,15.4,7.8,35.38,True,4.6,12.36,4,Returning
CUST_00374,2,2280.27,12.5,7.5,0.0,True,4.0,10.5,1,Returning
CUST_00375,4,5613.87,15.75,6.75,0.0,True,4.5,12.149999999999999,3,Returning
CUST_00376,2,117.80000000000001,12.5,7.5,11.93,True,3.5,10.5,2,Returning
CUST_00377,1,174.37,21.0,9.0,16.21,True,3.0,16.2,3,Returning
CUST_00378,3,12224.019999999999,15.0,10.333333333333334,38.01,True,3.6666666666666665,13.133333333333333,4,Returning
CUST_00379,4,1054.11,14.5,8.25,50.3,True,3.0,12.0,2,Returning
CUST_00380,4,5515.51,14.25,8.5,830.51,True,3.5,11.95,4,Returning
CUST_00381,1,1052.55,16.0,5.0,0.0,False,5.0,11.6,3,At Risk
CUST_00382,1,161.95,20.0,10.0,0.0,True,5.0,16.0,3,Returning
CUST_00383,2,2991.9300000000003,12.5,10.0,110.15,True,3.5,11.5,1,Returning
CUST_00384,1,690.2,19.0,4.0,0.0,True,4.0,13.0,3,Returning
CUST_00385,5,13334.490000000002,15.8,8.6,0.0,True,3.2,12.92,4,Returning
CUST_00386,1,114.13,15.0,15.0,0.0,True,5.0,15.0,1,Returning
CUST_00387,1,298.26,16.0,9.0,29.96,True,3.0,13.2,2,Returning
CUST_00388,6,1961.66,13.5,9.166666666666666,26.39,True,4.166666666666667,11.766666666666666,4,Returning
CUST_00389,4,6735.0,13.5,8.25,107.44,True,4.25,11.4,4,Returning
CUST_00390,6,6918.36,15.833333333333334,8.0,1381.98,True,3.1666666666666665,12.7,0,Returning
CUST_00391,2,777.66,11.5,9.5,0.0,True,2.5,10.7,2,Returning
CUST_00392,3,3863.8500000000004,12.333333333333334,7.666666666666667,0.0,True,3.6666666666666665,10.466666666666667,1,Returning
CUST_00393,3,1399.6000000000001,15.666666666666666,8.666666666666666,44.52,True,4.666666666666667,12.866666666666665,3,Returning
CUST_00394,7,3738.27,15.285714285714286,8.571428571428571,37.65,True,4.285714285714286,12.6,4,Returning
CUST_00395,2,7803.389999999999,12.5,8.0,0.0,True,5.0,10.7,1,Returning
CUST_00396,3,1345.42,13.0,9.0,0.0,True,2.3333333333333335,11.4,2,Returning
CUST_00397,5,10800.16,15.4,8.6,158.04,True,3.4,12.68,4,Returning
CUST_00398,6,4775.8,15.333333333333334,10.0,179.84,True,4.5,13.2,4,Returning
CUST_00399,3,231.03999999999996,16.333333333333332,10.0,0.0,True,4.0,13.799999999999999,3,Returning
CUST_00400,8,10932.39,13.875,9.375,171.74,True,4.0,12.075,4,Returning
CUST_00401,4,10794.24,16.0,8.75,585.79,True,4.25,13.1,4,Returning
CUST_00402,4,1304.47,15.5,10.25,100.96,True,3.25,13.399999999999999,2,Returning
CUST_00403,2,819.98,15.5,7.0,0.0,True,5.0,12.1,3,Returning
CUST_00404,3,2761.87,16.333333333333332,10.333333333333334,521.64,True,4.333333333333333,13.933333333333334,3,Returning
CUST_00405,1,2160.88,14.0,8.0,0.0,False,4.0,11.600000000000001,1,At Risk
CUST_00406,9,6084.75,15.444444444444445,9.555555555555555,788.55,True,4.777777777777778,13.088888888888889,4,Returning
CUST_00407,3,4609.389999999999,14.333333333333334,10.0,635.3599999999999,True,4.666666666666667,12.6,1,Returning
CUST_00408,9,28865.97,13.555555555555555,8.777777777777779,1878.58,True,3.7777777777777777,11.644444444444444,0,Returning
CUST_00409,2,7865.040000000001,14.0,13.5,0.0,True,5.0,13.8,1,Returning
CUST_00410,1,282.21,10.0,11.0,0.0,True,5.0,10.4,1,Returning
CUST_00411,2,1459.8500000000001,13.0,11.0,10.5,True,3.0,12.2,2,Returning
CUST_00412,2,2268.76,14.0,4.5,496.82,True,3.5,10.200000000000001,3,Returning
CUST_00413,1,374.12,17.0,10.0,67.18,True,3.0,14.2,2,Returning
CUST_00414,2,2184.73,15.5,7.5,138.51,True,5.0,12.299999999999999,3,Returning
CUST_00415,2,1681.1999999999998,16.5,10.0,80.47,True,2.5,13.9,2,Returning
CUST_00416,4,8661.029999999999,13.75,9.25,36.5,True,3.5,11.95,4,Returning
CUST_00417,6,6250.51,15.166666666666666,9.333333333333334,1338.76,True,3.5,12.833333333333334,4,Returning
CUST_00418,7,6008.9800000000005,14.142857142857142,8.714285714285714,381.87,True,4.0,11.971428571428572,4,Returning
CUST_00419,5,4757.139999999999,16.6,9.8,2.76,True,3.6,13.88,4,Returning
CUST_00420,1,2349.09,15.0,11.0,317.67,False,4.0,13.4,1,At Risk
CUST_00421,3,7386.08,16.333333333333332,10.0,973.72,True,4.666666666666667,13.799999999999999,3,Returning
CUST_00422,3,12480.420000000002,15.333333333333334,7.0,2493.33,True,3.3333333333333335,12.0,0,Returning
CUST_00423,3,5998.98,12.666666666666666,7.666666666666667,0.0,True,4.333333333333333,10.666666666666666,1,Returning
CUST_00424,2,1296.0,16.0,11.0,28.19,True,4.0,14.0,3,Returning
CUST_00425,10,9990.1,13.8,10.7,585.61,True,4.0,12.559999999999999,4,Returning
CUST_00426,5,3400.2000000000003,17.6,9.4,177.17,True,4.0,14.32,3,Returning
CUST_00427,3,28571.71,14.333333333333334,6.333333333333333,5158.85,True,3.6666666666666665,11.133333333333333,0,Returning
CUST_00428,1,295.88,18.0,11.0,0.0,False,5.0,15.2,3,At Risk
CUST_00429,5,2715.2400000000002,14.0,8.0,131.25,True,3.4,11.600000000000001,4,Returning
CUST_00430,5,3822.06,13.4,9.0,759.39,True,3.6,11.639999999999999,4,Returning
CUST_00431,6,12412.81,15.666666666666666,10.666666666666666,867.19,True,3.6666666666666665,13.666666666666664,4,Returning
CUST_00432,7,3653.62,14.285714285714286,8.571428571428571,318.65,True,3.5714285714285716,12.0,4,Returning
CUST_00433,3,2794.06,15.333333333333334,9.333333333333334,0.0,True,4.0,12.933333333333334,3,Returning
CUST_00434,2,2653.11,14.5,8.0,0.0,True,2.5,11.899999999999999,2,Returning
CUST_00435,3,14177.36,15.333333333333334,6.666666666666667,8.56,True,4.333333333333333,11.866666666666667,4,Returning
CUST_00436,4,4380.76,13.0,9.75,555.78,True,4.0,11.7,1,Returning
CUST_00437,5,11406.7,16.2,7.8,1740.54,True,4.2,12.84,0,Returning
CUST_00438,4,7347.46,13.75,7.75,304.47,True,3.25,11.35,4,Returning
CUST_00439,1,534.0,13.0,11.0,0.0,True,4.0,12.2,1,Returning
CUST_00440,4,1478.74,15.25,9.0,199.4,True,4.5,12.75,3,Returning
CUST_00441,4,5848.24,14.5,9.5,0.0,True,4.5,12.5,1,Returning
CUST_00442,2,2483.6099999999997,11.5,11.0,0.0,True,4.5,11.3,1,Returning
CUST_00443,5,9044.77,13.8,9.8,281.06,True,4.4,12.2,4,Returning
CUST_00444,8,3983.39,11.5,7.75,337.69,True,4.375,10.0,4,Returning
CUST_00445,3,889.8299999999999,16.333333333333332,7.333333333333333,19.05,True,3.3333333333333335,12.733333333333333,3,Returning
CUST_00446,2,884.53,14.5,10.5,16.44,True,4.0,12.899999999999999,1,Returning
CUST_00447,4,6394.88,14.0,7.0,567.22,True,3.5,11.200000000000001,4,Returning
CUST_00448,2,2424.96,12.5,6.5,0.0,True,4.5,10.1,1,Returning
CUST_00449,2,793.71,15.0,9.5,0.0,True,5.0,12.8,3,Returning
CUST_00450,2,1237.47,13.5,8.5,145.78,True,5.0,11.5,1,Returning
CUST_00451,1,25.78,18.0,8.0,4.46,False,3.0,14.0,3,At Risk
CUST_00452,3,486.68,14.0,8.333333333333334,27.64,True,3.6666666666666665,11.733333333333334,2,Returning
CUST_00453,3,4206.42,15.666666666666666,10.0,0.0,True,3.3333333333333335,13.399999999999999,2,Returning
CUST_00454,2,275.95,18.0,9.5,0.0,True,4.5,14.6,3,Returning
CUST_00455,2,16478.079999999998,14.5,10.0,58.07,True,4.5,12.7,4,Returning
CUST_00456,2,3964.3399999999997,13.5,8.5,143.62,True,3.5,11.5,2,Returning
CUST_00457,6,5075.57,13.5,8.166666666666666,563.0,True,3.5,11.366666666666667,4,Returning
CUST_00458,2,941.9,14.5,10.5,184.79000000000002,True,4.5,12.899999999999999,1,Returning
CUST_00459,1,169.89,13.0,14.0,0.0,False,5.0,13.4,1,At Risk
CUST_00460,1,1177.73,15.0,6.0,111.47,False,5.0,11.4,3,At Risk
CUST_00461,3,2348.32,13.666666666666666,10.333333333333334,0.0,True,4.0,12.333333333333332,1,Returning
CUST_00462,3,3540.63,13.333333333333334,9.0,248.65,True,4.666666666666667,11.6,1,Returning
CUST_00463,3,1308.46,15.666666666666666,6.666666666666667,265.69,True,3.3333333333333335,12.066666666666666,3,Returning
CUST_00464,2,2296.01,14.0,8.0,638.1999999999999,True,5.0,11.600000000000001,1,Returning
CUST_00465,1,536.52,17.0,8.0,0.0,True,5.0,13.399999999999999,3,Returning
CUST_00466,5,4061.17,13.2,11.0,907.61,True,4.4,12.32,4,Returning
CUST_00467,4,1132.03,16.0,9.25,136.51,True,3.0,13.3,2,Returning
CUST_00468,1,212.36,12.0,7.0,0.0,True,5.0,10.0,1,Returning
CUST_00469,10,15782.27,12.9,8.6,440.21,True,4.1,11.18,4,Returning
CUST_00470,3,610.6899999999999,16.333333333333332,7.666666666666667,114.67,True,4.0,12.866666666666665,3,Returning
CUST_00471,3,2669.37,11.0,9.666666666666666,0.0,True,5.0,10.466666666666667,1,Returning
CUST_00472,7,26235.6,14.0,9.142857142857142,1291.23,True,4.285714285714286,12.057142857142857,0,Returning
CUST_00473,3,9328.449999999999,16.0,7.666666666666667,977.27,True,4.0,12.666666666666666,4,Returning
CUST_00474,5,7802.66,14.8,8.2,136.42000000000002,True,3.8,12.16,4,Returning
CUST_00475,5,5262.03,12.8,9.4,374.35,True,4.0,11.44,4,Returning
CUST_00476,5,13848.26,14.0,9.8,0.0,True,4.0,12.32,4,Returning
CUST_00477,3,4369.83,13.333333333333334,7.666666666666667,136.6,True,3.6666666666666665,11.066666666666666,1,Returning
CUST_00478,9,9258.79,15.11111111111111,8.666666666666666,1500.65,True,4.111111111111111,12.533333333333333,0,Returning
CUST_00479,1,340.5,15.0,7.0,0.0,False,3.0,11.8,2,At Risk
CUST_00480,2,59.4,13.5,10.5,9.17,True,1.5,12.3,2,Returning
CUST_00481,2,203.44,18.5,11.0,0.0,True,4.0,15.5,3,Returning
CUST_00482,3,3121.58,17.0,9.0,207.38,True,4.0,13.799999999999999,3,Returning
CUST_00483,5,4324.98,13.6,10.4,423.28999999999996,True,4.6,12.32,1,Returning
CUST_00484,2,519.38,18.0,9.0,4.53,True,4.5,14.399999999999999,3,Returning
CUST_00485,6,5770.95,14.333333333333334,8.5,332.17,True,4.333333333333333,12.0,4,Returning
CUST_00486,7,8276.130000000001,13.714285714285714,9.714285714285714,387.9,True,3.7142857142857144,12.114285714285714,4,Returning
CUST_00487,3,2731.71,10.666666666666666,7.666666666666667,54.45,True,2.3333333333333335,9.466666666666667,2,Returning
CUST_00488,3,5958.18,15.0,8.333333333333334,352.15,True,3.6666666666666665,12.333333333333334,3,Returning
CUST_00489,10,22299.010000000002,15.3,11.1,1164.5900000000001,True,3.9,13.620000000000001,0,Returning
CUST_00490,3,8366.03,14.0,8.333333333333334,720.68,True,4.0,11.733333333333334,4,Returning
CUST_00491,1,625.91,16.0,6.0,0.0,False,5.0,12.0,3,At Risk
CUST_00492,2,4359.17,12.0,9.5,990.7,True,4.0,11.0,1,Returning
CUST_00493,3,2934.5299999999997,15.0,8.0,0.0,True,2.6666666666666665,12.2,2,Returning
CUST_00494,2,939.99,16.0,10.0,0.0,True,4.5,13.6,3,Returning
CUST_00495,1,1296.81,9.0,6.0,92.87,True,4.0,7.8,1,Returning
CUST_00496,2,3802.32,17.5,7.0,0.0,True,3.0,13.3,3,Returning
CUST_00497,3,3125.27,14.333333333333334,7.333333333333333,192.57000000000002,True,4.666666666666667,11.533333333333333,3,Returning
CUST_00498,3,5281.46,15.333333333333334,9.333333333333334,72.45,True,2.3333333333333335,12.933333333333334,2,Returning
CUST_00499,2,2111.96,15.5,9.5,0.0,True,3.5,13.1,2,Returning
CUST_00500,2,1132.27,14.0,9.5,72.52,True,3.5,12.200000000000001,2,Returning
CUST_00501,2,3101.72,17.0,9.5,202.27,True,4.5,14.0,3,Returning
CUST_00502,1,969.8,17.0,11.0,0.0,True,5.0,14.6,3,Returning
CUST_00503,5,5073.1,15.8,8.6,369.31,True,3.4,12.92,4,Returning
CUST_00504,3,1191.06,13.0,8.666666666666666,73.09,True,3.0,11.266666666666666,2,Returning
CUST_00505,1,303.3,20.0,8.0,0.0,True,2.0,15.2,2,Returning
CUST_00506,4,4711.0,15.0,8.25,187.23,True,4.5,12.3,3,Returning
CUST_00507,5,857.79,16.0,5.6,10.38,True,3.6,11.84,3,Returning
CUST_00508,5,5176.95,16.8,9.2,0.0,True,4.0,13.76,3,Returning
CUST_00509,2,2389.2799999999997,14.0,6.5,0.0,True,3.0,11.0,2,Returning
CUST_00510,5,7314.56,14.4,8.2,0.0,True,4.0,11.92,4,Returning
CUST_00511,5,1059.6200000000001,16.2,10.2,3.31,True,4.2,13.799999999999999,3,Returning
CUST_00512,2,1069.67,8.0,6.5,220.22,True,5.0,7.4,1,Returning
CUST_00513,5,11606.28,16.2,9.8,616.79,True,4.2,13.639999999999999,4,Returning
CUST_00514,1,305.98,13.0,8.0,0.0,True,1.0,11.0,2,Returning
CUST_00515,2,647.8499999999999,16.0,9.5,86.29,True,4.0,13.4,3,Returning
CUST_00516,3,3243.8,14.666666666666666,10.333333333333334,721.1800000000001,True,3.0,12.933333333333334,2,Returning
CUST_00517,2,1651.1999999999998,15.5,9.0,177.75,True,4.0,12.899999999999999,3,Returning
CUST_00518,3,570.74,14.666666666666666,6.333333333333333,87.2,True,4.0,11.333333333333332,3,Returning
CUST_00519,3,960.14,13.666666666666666,9.333333333333334,0.0,True,3.6666666666666665,11.933333333333334,1,Returning
CUST_00520,1,442.53,12.0,9.0,0.0,True,5.0,10.799999999999999,1,Returning
CUST_00521,4,3062.31,16.25,7.25,83.78,True,4.25,12.65,3,Returning
CUST_00522,5,1140.5900000000001,15.0,8.8,36.5,True,3.8,12.52,3,Returning
CUST_00523,3,976.52,14.0,9.0,8.28,True,2.6666666666666665,12.0,2,Returning
CUST_00524,3,5465.570000000001,15.666666666666666,11.666666666666666,17.85,True,4.333333333333333,14.066666666666666,1,Returning
CUST_00525,2,482.07000000000005,15.5,10.5,23.53,True,3.5,13.5,2,Returning
CUST_00526,3,2469.5,17.0,8.333333333333334,41.79,True,3.3333333333333335,13.533333333333333,3,Returning
CUST_00527,2,3965.47,15.5,8.0,778.09,True,4.0,12.5,3,Returning
CUST_00528,3,1877.4399999999998,15.333333333333334,11.666666666666666,129.91,True,4.666666666666667,13.866666666666667,1,Returning
CUST_00529,1,4636.65,11.0,10.0,0.0,True,4.0,10.6,1,Returning
CUST_00530,2,631.94,15.5,8.0,35.09,True,4.0,12.5,3,Returning
CUST_00531,1,303.12,16.0,6.0,0.0,False,4.0,12.0,3,At Risk
CUST_00532,3,2291.6800000000003,15.0,9.333333333333334,127.94,True,3.6666666666666665,12.733333333333334,3,Returning
CUST_00533,4,3629.29,15.0,10.0,141.08,True,3.75,13.0,4,Returning
CUST_00534,2,639.69,11.0,7.0,75.47,True,5.0,9.4,1,Returning
CUST_00535,1,401.04,20.0,6.0,0.0,False,5.0,14.4,3,At Risk
CUST_00536,6,16556.48,17.5,9.166666666666666,106.53,True,4.333333333333333,14.166666666666666,4,Returning
CUST_00537,1,197.88,14.0,8.0,0.0,True,5.0,11.600000000000001,1,Returning
CUST_00538,1,160.32,20.0,7.0,0.0,False,3.0,14.8,3,At Risk
CUST_00539,4,2246.39,13.5,10.75,259.93,True,4.0,12.399999999999999,1,Returning
CUST_00540,2,2272.4900000000002,14.0,10.0,79.98,True,4.5,12.4,1,Returning
CUST_00541,3,1750.48,15.333333333333334,9.333333333333334,0.0,True,4.0,12.933333333333334,3,Returning
CUST_00542,1,1820.35,15.0,9.0,0.0,True,3.0,12.6,2,Returning
CUST_00543,2,11490.7,16.5,11.5,0.0,True,5.0,14.5,3,Returning
CUST_00544,1,233.25,16.0,10.0,21.15,True,4.0,13.6,3,Returning
CUST_00545,5,4684.01,15.8,9.4,555.04,True,3.8,13.24,4,Returning
CUST_00546,1,57.8,14.0,7.0,0.0,True,4.0,11.200000000000001,3,Returning
CUST_00547,1,176.4,14.0,9.0,0.0,True,5.0,12.0,1,Returning
CUST_00548,1,290.88,18.0,10.0,0.0,True,4.0,14.799999999999999,3,Returning
CUST_00549,1,789.54,15.0,11.0,0.0,True,4.0,13.4,1,Returning
CUST_00550,5,3119.18,14.4,9.6,50.75,True,4.2,12.48,4,Returning
CUST_00551,2,804.6800000000001,14.0,7.5,43.03,True,3.5,11.4,2,Returning
CUST_00552,5,5870.8,14.2,9.6,154.16,True,3.4,12.36,4,Returning
CUST_00553,5,17580.52,13.6,8.0,25.61,True,4.6,11.36,4,Returning
CUST_00554,2,823.36,16.0,10.0,193.08,True,2.0,13.6,2,Returning
CUST_00555,2,471.4,16.0,9.5,0.0,True,3.0,13.4,2,Returning
CUST_00556,1,320.72,11.0,9.0,0.0,False,5.0,10.2,1,At Risk
CUST_00557,1,462.56,11.0,8.0,0.0,False,2.0,9.8,2,At Risk
CUST_00558,2,2023.65,15.0,9.0,204.58,True,4.5,12.6,3,Returning
CUST_00559,4,2783.83,15.25,8.75,197.25,True,2.0,12.65,2,Returning
CUST_00560,2,674.62,13.0,7.5,0.0,True,3.5,10.8,2,Returning
CUST_00561,1,416.3,16.0,10.0,61.56,False,5.0,13.6,3,At Risk
CUST_00562,2,1334.5,11.0,9.5,0.0,True,2.5,10.4,2,Returning
CUST_00563,5,7184.01,15.0,9.2,901.33,True,3.2,12.68,4,Returning
CUST_00564,3,3531.8700000000003,13.666666666666666,8.666666666666666,0.0,True,5.0,11.666666666666666,1,Returning
CUST_00565,2,472.78000000000003,14.0,9.0,55.32,True,2.5,12.0,2,Returning
CUST_00566,2,1140.33,15.5,11.0,279.05,True,2.0,13.7,2,Returning
CUST_00567,4,5953.01,13.25,9.0,0.0,True,4.0,11.549999999999999,1,Returning
CUST_00568,2,10429.22,17.5,6.5,0.0,True,4.5,13.1,3,Returning
CUST_00569,7,8213.13,14.428571428571429,8.428571428571429,1172.26,True,4.285714285714286,12.028571428571428,4,Returning
CUST_00570,2,361.96000000000004,16.0,9.0,67.98,True,5.0,13.2,3,Returning
CUST_00571,1,266.16,16.0,9.0,0.0,False,5.0,13.2,3,At Risk
CUST_00572,3,1418.67,15.666666666666666,8.333333333333334,102.94,True,3.3333333333333335,12.733333333333333,2,Returning
CUST_00573,2,965.99,15.0,8.5,0.0,True,3.5,12.4,2,Returning
CUST_00574,1,5803.24,12.0,7.0,0.0,False,4.0,10.0,1,At Risk
CUST_00575,5,13548.09,14.6,9.4,1413.6599999999999,True,3.0,12.52,0,Returning
CUST_00576,4,3058.08,12.0,10.0,426.13,True,4.5,11.2,1,Returning
CUST_00577,9,5101.69,13.333333333333334,8.777777777777779,559.67,True,3.5555555555555554,11.511111111111111,4,Returning
CUST_00578,6,8024.82,13.5,8.0,0.0,True,4.166666666666667,11.3,4,Returning
CUST_00579,1,138.45,18.0,9.0,0.0,False,5.0,14.399999999999999,3,At Risk
CUST_00580,4,3999.2400000000002,14.5,9.0,141.18,True,3.5,12.299999999999999,2,Returning
CUST_00581,3,1296.05,14.666666666666666,8.666666666666666,171.28,True,4.0,12.266666666666666,3,Returning
CUST_00582,2,4474.320000000001,12.0,8.5,0.0,True,4.5,10.6,1,Returning
CUST_00583,4,10039.689999999999,14.5,7.5,1114.52,True,4.25,11.7,4,Returning
CUST_00584,2,819.51,17.0,7.0,0.0,True,3.5,13.0,3,Returning
CUST_00585,10,17144.059999999998,14.4,10.4,1201.08,True,3.8,12.8,0,Returning
CUST_00586,3,2040.16,15.0,8.666666666666666,20.24,True,4.0,12.466666666666667,3,Returning
CUST_00587,1,1497.05,15.0,8.0,0.0,False,5.0,12.2,3,At Risk
CUST_00588,3,5404.49,17.666666666666668,8.0,90.65,True,3.3333333333333335,13.8,3,Returning
CUST_00589,3,1014.81,14.666666666666666,8.0,0.0,True,5.0,12.0,3,Returning
CUST_00590,1,19.23,12.0,8.0,2.41,False,5.0,10.399999999999999,1,At Risk
CUST_00591,7,13731.58,12.714285714285714,9.0,130.55,True,3.857142857142857,11.228571428571428,4,Returning
CUST_00592,3,762.68,15.666666666666666,8.666666666666666,38.99,True,4.666666666666667,12.866666666666665,3,Returning
CUST_00593,10,1974.43,14.5,10.0,39.77,True,3.7,12.7,4,Returning
CUST_00594,1,398.48,17.0,4.0,0.0,True,4.0,11.799999999999999,3,Returning
CUST_00595,5,5222.44,13.6,8.2,262.90999999999997,True,2.6,11.44,2,Returning
CUST_00596,3,2975.75,14.0,9.0,394.01,True,3.3333333333333335,12.0,2,Returning
CUST_00597,7,4804.150000000001,16.428571428571427,8.428571428571429,209.1,True,4.428571428571429,13.228571428571428,4,Returning
CUST_00598,9,7399.2699999999995,13.333333333333334,9.444444444444445,132.26,True,4.444444444444445,11.777777777777779,4,Returning
CUST_00599,1,184.68,17.0,9.0,0.0,False,4.0,13.799999999999999,3,At Risk
CUST_00600,4,23188.96,16.0,8.25,2049.62,True,4.75,12.9,0,Returning
CUST_00601,3,2004.45,14.666666666666666,9.0,135.19,True,4.0,12.399999999999999,3,Returning
CUST_00602,6,16486.29,13.5,9.0,11.79,True,3.0,11.7,4,Returning
CUST_00603,6,9604.86,12.833333333333334,8.166666666666666,112.85,True,3.8333333333333335,10.966666666666667,4,Returning
CUST_00604,2,570.06,15.5,8.5,30.91,True,4.0,12.7,3,Returning
CUST_00605,5,9920.44,14.2,7.6,36.62,True,3.4,11.559999999999999,4,Returning
CUST_00606,3,6761.5199999999995,16.0,10.666666666666666,0.0,True,4.666666666666667,13.866666666666667,3,Returning
CUST_00607,1,87.2,13.0,10.0,13.7,True,3.0,11.8,2,Returning
CUST_00608,9,12394.35,11.444444444444445,7.888888888888889,386.96000000000004,True,4.222222222222222,10.022222222222222,4,Returning
CUST_00609,4,2208.8599999999997,14.0,8.75,37.89,True,4.0,11.9,1,Returning
CUST_00610,2,748.0699999999999,11.0,10.0,44.05,True,3.0,10.6,2,Returning
CUST_00611,2,943.21,17.0,8.0,0.0,True,4.5,13.399999999999999,3,Returning
CUST_00612,6,8177.33,14.5,9.166666666666666,333.59,True,4.333333333333333,12.366666666666665,4,Returning
CUST_00613,9,15718.970000000001,14.777777777777779,9.444444444444445,452.46000000000004,True,4.0,12.644444444444446,4,Returning
CUST_00614,1,676.46,18.0,10.0,0.0,True,4.0,14.799999999999999,3,Returning
CUST_00615,3,4458.93,12.666666666666666,9.0,36.05,True,5.0,11.2,1,Returning
CUST_00616,1,96.6,18.0,10.0,0.0,False,4.0,14.799999999999999,3,At Risk
CUST_00617,5,1831.28,12.2,8.6,211.13,True,3.2,10.76,2,Returning
CUST_00618,3,1013.0899999999999,14.666666666666666,8.666666666666666,0.0,True,3.6666666666666665,12.266666666666666,3,Returning
CUST_00619,3,9431.2,13.666666666666666,5.666666666666667,5.02,True,4.333333333333333,10.466666666666667,3,Returning
CUST_00620,2,621.21,14.0,7.0,0.0,True,2.5,11.200000000000001,2,Returning
CUST_00621,3,1218.8200000000002,14.666666666666666,9.666666666666666,0.0,True,4.666666666666667,12.666666666666666,1,Returning
CUST_00622,3,5424.280000000001,14.666666666666666,10.0,0.0,True,4.0,12.799999999999999,1,Returning
CUST_00623,6,5742.25,16.333333333333332,8.666666666666666,47.65,True,3.6666666666666665,13.266666666666666,4,Returning
CUST_00624,1,77.56,13.0,7.0,0.0,True,4.0,10.6,1,Returning
CUST_00625,5,14381.05,14.4,7.4,13.92,True,4.0,11.600000000000001,4,Returning
CUST_00626,9,30787.31,13.444444444444445,10.0,24.76,True,4.0,12.066666666666666,4,Returning
CUST_00627,2,1057.64,13.0,9.0,0.0,True,4.0,11.4,1,Returning
CUST_00628,3,1293.41,14.0,8.666666666666666,277.07,True,4.666666666666667,11.866666666666667,1,Returning
CUST_00629,5,2575.84,13.4,9.0,228.72,True,4.0,11.639999999999999,4,Returning
CUST_00630,1,104.78,15.0,4.0,28.86,False,5.0,10.6,3,At Risk
CUST_00631,3,13874.8,14.333333333333334,11.333333333333334,0.0,True,5.0,13.133333333333333,1,Returning
CUST_00632,3,483.89000000000004,14.666666666666666,8.333333333333334,39.84,True,4.666666666666667,12.133333333333333,3,Returning
CUST_00633,7,7592.38,15.285714285714286,9.428571428571429,163.45,True,4.0,12.942857142857143,4,Returning
CUST_00634,2,128.92,12.0,8.5,9.73,True,4.0,10.6,1,Returning
CUST_00635,6,14745.15,13.833333333333334,7.5,294.49,True,3.3333333333333335,11.3,4,Returning
CUST_00636,5,7311.280000000001,13.8,8.2,258.66999999999996,True,3.6,11.559999999999999,4,Returning
CUST_00637,2,1678.02,11.5,10.0,0.0,True,3.5,10.899999999999999,1,Returning
CUST_00638,3,15600.49,14.333333333333334,7.333333333333333,1193.6699999999998,True,3.3333333333333335,11.533333333333333,0,Returning
CUST_00639,2,4968.28,10.0,8.5,0.0,True,3.5,9.4,1,Returning
CUST_00640,5,5623.15,13.0,9.6,80.7,True,4.2,11.64,4,Returning
CUST_00641,9,11421.47,15.777777777777779,9.0,1571.49,True,3.6666666666666665,13.066666666666666,0,Returning
CUST_00642,2,1454.4,11.5,11.5,0.0,True,3.5,11.5,1,Returning
CUST_00643,4,1372.69,14.5,9.0,11.91,True,3.0,12.299999999999999,2,Returning
CUST_00644,3,10390.55,15.0,7.666666666666667,18.39,True,4.333333333333333,12.066666666666666,3,Returning
CUST_00645,4,2416.2,13.25,6.75,18.0,True,3.5,10.649999999999999,2,Returning
CUST_00646,8,7253.68,14.25,8.5,267.55,True,4.0,11.95,4,Returning
CUST_00647,3,4430.84,15.333333333333334,8.333333333333334,0.0,True,4.0,12.533333333333333,3,Returning
CUST_00648,4,5048.75,14.75,9.25,0.0,True,4.25,12.55,3,Returning
CUST_00649,5,10389.22,16.6,9.6,0.0,True,4.0,13.8,4,Returning
CUST_00650,4,2969.38,16.0,8.75,4.71,True,3.75,13.1,3,Returning
CUST_00651,3,947.77,15.333333333333334,7.0,6.51,True,3.0,12.0,2,Returning
CUST_00652,3,11292.42,14.333333333333334,10.0,1260.91,True,3.0,12.6,0,Returning
CUST_00653,3,990.8,14.666666666666666,7.0,71.7,True,4.0,11.6,3,Returning
CUST_00654,4,3700.0899999999997,13.0,8.25,797.4399999999999,True,4.0,11.1,4,Returning
CUST_00655,2,5572.740000000001,12.5,5.5,1026.15,True,3.5,9.7,2,Returning
CUST_00656,2,1602.68,12.0,9.0,251.54,True,3.5,10.799999999999999,1,Returning
CUST_00657,4,769.69,14.5,8.5,84.36999999999999,True,3.75,12.1,3,Returning
CUST_00658,2,2516.1600000000003,12.5,9.5,45.88,True,4.5,11.3,1,Returning
CUST_00659,1,110.7,11.0,8.0,0.0,False,5.0,9.8,1,At Risk
CUST_00660,1,121.66,15.0,7.0,7.43,True,2.0,11.8,2,Returning
CUST_00661,3,288.03,15.0,9.666666666666666,51.839999999999996,True,3.0,12.866666666666667,2,Returning
CUST_00662,2,1245.04,13.5,8.5,0.0,True,4.5,11.5,1,Returning
CUST_00663,2,879.09,15.0,10.5,0.0,True,4.0,13.2,1,Returning
CUST_00664,3,353.55,18.0,9.0,0.0,True,3.0,14.399999999999999,3,Returning
CUST_00665,5,25004.65,15.0,8.0,23.85,True,3.2,12.2,4,Returning
CUST_00666,3,2376.2200000000003,14.333333333333334,10.0,183.43,True,4.0,12.6,1,Returning
CUST_00667,2,5525.65,14.5,8.5,868.47,True,4.0,12.1,3,Returning
CUST_00668,3,1911.5,15.0,13.0,104.75999999999999,True,3.3333333333333335,14.2,2,Returning
CUST_00669,3,18624.550000000003,15.0,9.666666666666666,542.1899999999999,True,3.0,12.866666666666667,4,Returning
CUST_00670,4,362.89,14.0,8.75,24.87,True,4.75,11.9,1,Returning
CUST_00671,2,1842.3,13.0,10.5,0.0,True,3.5,12.0,1,Returning
CUST_00672,2,1486.58,16.0,9.0,0.0,True,4.0,13.2,3,Returning
CUST_00673,1,1168.84,18.0,15.0,0.0,True,4.0,16.799999999999997,3,Returning
CUST_00674,5,8103.57,13.8,7.0,144.74,True,4.2,11.08,4,Returning
CUST_00675,4,18382.56,13.75,7.75,155.88,True,4.5,11.35,4,Returning
CUST_00676,9,20324.46,15.444444444444445,10.222222222222221,796.0999999999999,True,3.5555555555555554,13.355555555555554,0,Returning
CUST_00677,2,2100.0,15.0,10.5,0.0,True,5.0,13.2,1,Returning
CUST_00678,1,142.21,15.0,8.0,0.0,False,5.0,12.2,3,At Risk
CUST_00679,8,9041.15,12.875,7.25,959.5600000000001,True,3.875,10.625,4,Returning
CUST_00680,3,1347.31,14.666666666666666,7.666666666666667,69.63,True,4.0,11.866666666666665,3,Returning
CUST_00681,5,3809.77,14.6,8.0,378.65999999999997,True,4.8,11.96,4,Returning
CUST_00682,2,136.04000000000002,13.5,9.0,16.98,True,3.0,11.7,2,Returning
CUST_00683,7,14346.099999999999,16.428571428571427,8.857142857142858,13.71,True,4.0,13.399999999999999,4,Returning
CUST_00684,6,1959.03,12.833333333333334,10.666666666666666,20.93,True,4.333333333333333,11.966666666666667,1,Returning
CUST_00685,1,671.92,19.0,11.0,47.88,True,5.0,15.8,3,Returning
CUST_00686,4,2493.26,13.5,9.75,213.47,True,4.0,12.0,1,Returning
CUST_00687,10,8623.81,14.1,8.8,514.52,True,3.8,11.98,4,Returning
CUST_00688,2,3597.83,12.5,7.0,331.77,True,4.0,10.3,1,Returning
CUST_00689,2,474.65,15.5,9.0,18.2,True,3.0,12.899999999999999,2,Returning
CUST_00690,2,1510.6799999999998,16.5,8.0,0.0,True,3.5,13.100000000000001,3,Returning
CUST_00691,3,1029.55,13.333333333333334,9.333333333333334,65.61,True,4.333333333333333,11.733333333333334,1,Returning
CUST_00692,9,18117.17,15.555555555555555,9.555555555555555,1291.6399999999999,True,3.5555555555555554,13.155555555555555,0,Returning
CUST_00693,2,657.14,19.5,9.0,21.46,True,4.0,15.299999999999999,3,Returning
CUST_00694,5,1615.44,14.2,8.2,256.09000000000003,True,4.6,11.799999999999999,1,Returning
CUST_00695,1,220.95,14.0,7.0,0.0,True,4.0,11.200000000000001,3,Returning
CUST_00696,4,1035.13,14.25,7.75,27.44,True,4.0,11.649999999999999,3,Returning
CUST_00697,4,5570.96,16.0,9.75,67.08000000000001,True,3.75,13.5,3,Returning
CUST_00698,3,1211.44,14.333333333333334,8.666666666666666,0.0,True,3.6666666666666665,12.066666666666666,2,Returning
CUST_00699,3,907.82,16.666666666666668,7.0,0.0,True,4.666666666666667,12.8,3,Returning
CUST_00700,2,2497.63,12.5,8.0,174.89,True,3.0,10.7,2,Returning
CUST_00701,3,1638.0500000000002,13.333333333333334,8.333333333333334,310.57,True,3.6666666666666665,11.333333333333334,1,Returning
CUST_00702,2,1378.23,12.5,13.0,134.13,True,4.0,12.7,1,Returning
CUST_00703,7,10139.98,12.285714285714286,9.0,687.08,True,3.4285714285714284,10.971428571428572,4,Returning
CUST_00704,10,14922.749999999998,13.7,9.8,229.36,True,4.0,12.139999999999999,4,Returning
CUST_00705,2,450.5,15.5,8.0,0.0,True,4.0,12.5,3,Returning
CUST_00706,2,5327.74,15.0,9.0,0.0,True,5.0,12.6,3,Returning
CUST_00707,3,8444.039999999999,14.0,10.0,0.0,True,3.6666666666666665,12.4,1,Returning
CUST_00708,4,837.62,18.5,8.5,157.72,True,2.75,14.5,2,Returning
CUST_00709,3,2650.42,13.666666666666666,10.333333333333334,88.94,True,3.3333333333333335,12.333333333333332,2,Returning
CUST_00710,3,2493.71,15.333333333333334,10.333333333333334,44.13,True,3.6666666666666665,13.333333333333332,3,Returning
CUST_00711,4,2591.56,15.5,12.5,280.06,True,3.75,14.299999999999999,1,Returning
CUST_00712,3,1390.46,13.666666666666666,8.666666666666666,113.91,True,5.0,11.666666666666666,1,Returning
CUST_00713,1,1189.55,18.0,10.0,0.0,True,4.0,14.799999999999999,3,Returning
CUST_00714,1,7672.2,19.0,8.0,0.0,True,5.0,14.600000000000001,3,Returning
CUST_00715,2,4381.339999999999,16.5,10.5,0.0,True,3.5,14.100000000000001,3,Returning
CUST_00716,7,20361.77,14.857142857142858,8.857142857142858,668.1700000000001,True,4.285714285714286,12.457142857142857,4,Returning
CUST_00717,7,4111.0,15.285714285714286,8.428571428571429,224.84,True,4.285714285714286,12.542857142857143,4,Returning
CUST_00718,3,1843.0700000000002,14.0,9.0,0.0,True,4.0,12.0,1,Returning
CUST_00719,4,2448.87,14.75,10.0,382.34000000000003,True,4.0,12.85,1,Returning
CUST_00720,8,30076.86,14.75,9.125,3219.1800000000003,True,3.625,12.5,0,Returning
CUST_00721,2,782.28,13.5,10.5,0.0,True,3.0,12.3,2,Returning
CUST_00722,2,969.9,11.0,9.0,29.19,True,4.0,10.2,1,Returning
CUST_00723,4,1172.96,14.0,8.5,150.76,True,4.75,11.8,1,Returning
CUST_00724,3,416.02,12.0,8.666666666666666,7.79,True,4.666666666666667,10.666666666666666,1,Returning
CUST_00725,2,1261.71,14.5,8.0,0.0,True,3.5,11.899999999999999,2,Returning
CUST_00726,3,745.64,16.0,9.0,15.15,True,3.0,13.2,2,Returning
CUST_00727,2,880.47,15.5,8.5,43.18,True,4.5,12.7,3,Returning
CUST_00728,4,5240.84,15.0,5.75,136.78,True,4.75,11.3,3,Returning
CUST_00729,2,1546.58,13.5,10.0,169.16,True,4.5,12.1,1,Returning
CUST_00730,2,776.69,12.5,7.5,74.94,True,4.0,10.5,1,Returning
CUST_00731,4,1063.22,16.0,10.0,13.89,True,4.25,13.6,3,Returning
CUST_00732,3,8959.26,12.666666666666666,10.333333333333334,793.3199999999999,True,3.3333333333333335,11.733333333333334,4,Returning
CUST_00733,2,658.38,16.0,4.5,7.14,True,4.0,11.4,3,Returning
CUST_00734,1,1121.67,14.0,7.0,0.0,True,5.0,11.200000000000001,3,Returning
CUST_00735,2,1746.54,13.0,11.0,0.0,True,3.0,12.2,2,Returning
CUST_00736,1,254.8,19.0,13.0,33.45,True,4.0,16.6,3,Returning
CUST_00737,4,4383.15,14.25,8.75,558.51,True,4.75,12.049999999999999,1,Returning
CUST_00738,2,9723.04,15.0,7.5,353.46,True,4.5,12.0,3,Returning
CUST_00739,1,118.65,11.0,8.0,0.0,True,5.0,9.8,1,Returning
CUST_00740,5,13288.4,14.8,10.2,839.48,True,4.6,12.96,4,Returning
CUST_00741,7,3597.98,13.142857142857142,8.428571428571429,158.64999999999998,True,4.428571428571429,11.257142857142856,4,Returning
CUST_00742,3,443.25,12.0,7.333333333333333,30.169999999999998,True,4.333333333333333,10.133333333333333,1,Returning
CUST_00743,2,3355.39,17.0,9.0,32.35,True,3.0,13.799999999999999,2,Returning
CUST_00744,4,1161.2800000000002,15.75,9.25,114.28,True,4.25,13.149999999999999,3,Returning
CUST_00745,4,16565.24,15.75,9.5,3542.8199999999997,True,4.5,13.25,0,Returning
CUST_00746,2,3124.15,16.0,9.0,136.74,True,3.5,13.2,3,Returning
CUST_00747,7,1705.24,15.428571428571429,7.857142857142857,200.01,True,3.7142857142857144,12.399999999999999,4,Returning
CUST_00748,7,6148.490000000001,15.0,7.714285714285714,332.13,True,4.0,12.085714285714285,4,Returning
CUST_00749,3,923.34,14.0,8.666666666666666,62.95,True,3.3333333333333335,11.866666666666667,2,Returning
CUST_00750,2,3447.6,15.0,10.5,0.0,True,5.0,13.2,1,Returning
CUST_00751,1,142.6,12.0,10.0,0.0,True,4.0,11.2,1,Returning
CUST_00752,5,6926.14,15.2,9.0,817.0300000000001,True,4.2,12.719999999999999,4,Returning
CUST_00753,2,850.51,15.0,9.0,5.38,True,3.0,12.6,2,Returning
CUST_00754,1,147.24,15.0,13.0,18.04,False,4.0,14.2,1,At Risk
CUST_00755,7,23953.33,14.428571428571429,8.428571428571429,28.52,True,3.5714285714285716,12.028571428571428,4,Returning
CUST_00756,4,3871.19,14.25,8.0,224.78,True,3.75,11.75,4,Returning
CUST_00757,4,1099.83,15.0,7.5,12.07,True,4.5,12.0,3,Returning
CUST_00758,7,28871.17,14.857142857142858,8.857142857142858,1809.21,True,4.714285714285714,12.457142857142857,0,Returning
CUST_00759,3,21591.21,14.0,8.666666666666666,4.65,True,4.0,11.866666666666667,4,Returning
CUST_00760,2,900.02,14.0,11.5,80.64,True,3.0,13.0,2,Returning
CUST_00761,2,346.77,12.5,9.0,44.25,True,5.0,11.1,1,Returning
CUST_00762,7,4389.5,16.142857142857142,8.857142857142858,71.19999999999999,True,3.5714285714285716,13.228571428571428,4,Returning
CUST_00763,2,508.09,17.0,7.5,0.0,True,4.0,13.2,3,Returning
CUST_00764,6,10903.49,16.666666666666668,9.166666666666666,1407.98,True,3.3333333333333335,13.666666666666666,0,Returning
CUST_00765,10,8226.76,14.3,8.4,341.15,True,3.8,11.940000000000001,4,Returning
CUST_00766,1,618.3,11.0,7.0,0.0,True,4.0,9.4,1,Returning
CUST_00767,2,348.89,11.0,10.0,24.630000000000003,True,5.0,10.6,1,Returning
CUST_00768,2,204.91,18.5,9.5,13.51,True,4.0,14.9,3,Returning
CUST_00769,6,2203.71,14.666666666666666,9.5,0.0,True,3.3333333333333335,12.6,4,Returning
CUST_00770,1,121.88,13.0,7.0,0.0,False,3.0,10.6,2,At Risk
CUST_00771,6,8641.52,14.166666666666666,11.0,510.21999999999997,True,3.6666666666666665,12.9,4,Returning
CUST_00772,1,353.73,10.0,7.0,72.84,False,5.0,8.8,1,At Risk
CUST_00773,2,5423.1,14.0,8.0,0.0,True,3.5,11.600000000000001,2,Returning
CUST_00774,3,2078.56,14.333333333333334,8.0,47.63,True,4.333333333333333,11.8,3,Returning
CUST_00775,4,4913.81,14.75,10.5,473.89,True,3.5,13.05,4,Returning
CUST_00776,2,381.37,14.5,7.5,9.77,True,4.5,11.7,3,Returning
CUST_00777,4,840.09,15.0,9.75,15.41,True,3.75,12.9,3,Returning
CUST_00778,2,836.48,16.0,9.0,0.0,True,3.0,13.2,2,Returning
CUST_00779,10,12116.55,14.0,8.1,229.95000000000002,True,4.0,11.64,4,Returning
CUST_00780,8,5879.83,14.875,8.125,505.5,True,3.75,12.174999999999999,4,Returning
CUST_00781,2,350.36,16.0,10.5,0.0,True,4.5,13.8,3,Returning
CUST_00782,6,12558.32,16.5,8.833333333333334,254.44,True,4.333333333333333,13.433333333333334,4,Returning
CUST_00783,8,7857.5599999999995,15.25,10.125,0.0,True,3.375,13.2,4,Returning
CUST_00784,10,3207.38,12.9,9.3,306.82,True,3.6,11.46,4,Returning
CUST_00785,4,3004.31,13.75,7.75,380.69,True,3.75,11.35,4,Returning
CUST_00786,3,2606.11,15.0,8.0,113.51,True,2.0,12.2,2,Returning
CUST_00787,2,133.78,14.5,8.0,13.99,True,5.0,11.899999999999999,3,Returning
CUST_00788,2,2866.96,11.5,9.0,0.0,True,4.5,10.5,1,Returning
CUST_00789,4,5413.2,12.0,9.5,304.76,True,3.75,11.0,1,Returning
CUST_00790,8,10624.25,14.875,9.0,413.32000000000005,True,3.75,12.524999999999999,4,Returning
CUST_00791,9,8887.98,15.0,9.444444444444445,582.44,True,4.0,12.777777777777779,4,Returning
CUST_00792,5,13834.56,15.8,7.4,2.58,True,3.4,12.440000000000001,4,Returning
CUST_00793,3,2173.87,16.0,10.333333333333334,0.0,True,3.0,13.733333333333334,2,Returning
CUST_00794,4,5019.5,16.25,7.75,180.59,True,4.25,12.85,3,Returning
CUST_00795,4,2438.6200000000003,15.25,9.25,328.59,True,3.75,12.850000000000001,3,Returning
CUST_00796,1,586.03,17.0,9.0,117.35,True,5.0,13.799999999999999,3,Returning
CUST_00797,3,2350.59,14.0,6.666666666666667,305.89,True,4.666666666666667,11.066666666666666,3,Returning
CUST_00798,8,6747.21,17.25,9.375,333.67,True,4.25,14.1,4,Returning
CUST_00799,2,7411.16,12.5,10.0,468.34000000000003,True,3.5,11.5,1,Returning
CUST_00800,1,390.96,14.0,8.0,29.11,False,5.0,11.600000000000001,1,At Risk
CUST_00801,3,811.71,16.666666666666668,9.666666666666666,28.560000000000002,True,5.0,13.866666666666667,3,Returning
CUST_00802,1,1477.65,15.0,10.0,0.0,True,3.0,13.0,2,Returning
CUST_00803,2,9146.86,17.5,9.5,0.0,True,3.0,14.3,2,Returning
CUST_00804,3,2370.46,13.333333333333334,8.333333333333334,239.83,True,4.0,11.333333333333334,1,Returning
CUST_00805,6,18579.38,15.833333333333334,8.833333333333334,371.21,True,3.3333333333333335,13.033333333333333,4,Returning
CUST_00806,6,34314.39,13.0,10.0,2485.1800000000003,True,4.166666666666667,11.8,0,Returning
CUST_00807,4,4857.6900000000005,14.75,9.25,754.9000000000001,True,4.5,12.55,4,Returning
CUST_00808,3,2821.7799999999997,16.333333333333332,8.666666666666666,0.0,True,4.333333333333333,13.266666666666666,3,Returning
CUST_00809,3,2380.0699999999997,17.333333333333332,7.666666666666667,0.0,True,3.0,13.466666666666665,2,Returning
CUST_00810,10,14258.16,13.5,9.7,1190.51,True,3.8,11.98,0,Returning
CUST_00811,5,1727.1299999999999,12.0,8.8,75.11,True,4.2,10.719999999999999,1,Returning
CUST_00812,1,102.35,15.0,11.0,0.0,True,5.0,13.4,1,Returning
CUST_00813,3,2373.66,16.0,6.333333333333333,262.17,True,3.6666666666666665,12.133333333333333,3,Returning
CUST_00814,6,5849.99,13.5,9.166666666666666,647.4000000000001,True,4.333333333333333,11.766666666666666,4,Returning
CUST_00815,7,17211.84,14.0,9.142857142857142,3802.93,True,2.857142857142857,12.057142857142857,0,Returning
CUST_00816,3,5458.88,15.0,9.666666666666666,826.74,True,4.0,12.866666666666667,4,Returning
CUST_00817,6,12845.179999999998,14.666666666666666,8.0,955.51,True,4.0,12.0,4,Returning
CUST_00818,2,1577.78,15.5,6.5,0.0,True,4.5,11.899999999999999,3,Returning
CUST_00819,2,1164.21,12.0,9.5,18.35,True,4.0,11.0,1,Returning
CUST_00820,4,16383.44,16.25,11.5,29.42,True,3.75,14.350000000000001,4,Returning
CUST_00821,5,4950.09,15.8,9.4,257.13,True,2.8,13.24,2,Returning
CUST_00822,9,8026.13,15.555555555555555,9.444444444444445,195.48000000000002,True,4.111111111111111,13.11111111111111,4,Returning
CUST_00823,2,1523.71,13.5,9.0,326.85,True,4.5,11.7,1,Returning
CUST_00824,4,10210.44,14.25,9.5,22.439999999999998,True,3.25,12.35,4,Returning
CUST_00825,8,10967.34,13.375,9.0,767.41,True,3.875,11.625,4,Returning
CUST_00826,4,1813.6100000000001,15.5,9.25,0.0,True,3.75,13.0,3,Returning
CUST_00827,2,1475.0500000000002,12.0,9.0,0.0,True,4.5,10.799999999999999,1,Returning
CUST_00828,3,7812.87,14.666666666666666,9.333333333333334,1330.62,True,4.666666666666667,12.533333333333333,0,Returning
CUST_00829,3,8901.83,12.666666666666666,9.0,0.0,True,4.0,11.2,1,Returning
CUST_00830,1,519.12,15.0,9.0,0.0,True,4.0,12.6,3,Returning
CUST_00831,3,300.26,15.333333333333334,10.0,40.58,True,3.3333333333333335,13.2,2,Returning
CUST_00832,2,754.55,14.5,9.5,74.95,True,3.5,12.5,2,Returning
CUST_00833,4,5887.01,11.5,9.75,535.9,True,3.75,10.8,1,Returning
CUST_00834,2,3911.92,16.5,9.0,0.0,True,4.5,13.5,3,Returning
CUST_00835,2,1755.37,14.5,9.0,187.27,True,4.5,12.299999999999999,1,Returning
CUST_00836,4,7261.370000000001,14.5,8.25,0.0,True,3.25,12.0,2,Returning
CUST_00837,2,7940.160000000001,13.5,8.5,0.0,True,4.0,11.5,1,Returning
CUST_00838,6,16812.41,15.833333333333334,8.5,2527.79,True,4.5,12.9,0,Returning
CUST_00839,1,563.87,18.0,6.0,0.0,True,3.0,13.2,3,Returning
CUST_00840,3,895.9,11.333333333333334,9.666666666666666,0.0,True,4.333333333333333,10.666666666666666,1,Returning
CUST_00841,1,4575.39,14.0,9.0,0.0,False,4.0,12.0,1,At Risk
CUST_00842,2,14722.4,14.5,12.5,0.0,True,3.5,13.7,4,Returning
CUST_00843,2,884.76,15.5,7.0,0.0,True,4.0,12.1,3,Returning
CUST_00844,10,15381.12,14.4,8.6,597.1800000000001,True,4.2,12.08,4,Returning
CUST_00845,3,971.3700000000001,16.0,9.666666666666666,131.45,True,4.0,13.466666666666667,3,Returning
CUST_00846,1,93.72,14.0,8.0,0.0,False,4.0,11.600000000000001,1,At Risk
CUST_00847,4,2488.36,14.25,7.25,170.69,True,3.25,11.45,2,Returning
CUST_00848,4,9006.06,17.5,8.0,1285.54,True,2.75,13.7,0,Returning
CUST_00849,2,1925.33,13.0,7.5,10.63,True,4.0,10.8,1,Returning
CUST_00850,3,2305.4900000000002,9.666666666666666,10.333333333333334,0.0,True,4.333333333333333,9.933333333333334,1,Returning
CUST_00851,2,3052.18,16.0,9.5,566.81,True,4.0,13.4,3,Returning
CUST_00852,4,7629.86,13.75,8.25,520.69,True,3.5,11.55,4,Returning
CUST_00853,4,20286.17,15.5,9.25,148.41,True,4.75,13.0,4,Returning
CUST_00854,3,494.82,15.666666666666666,9.333333333333334,18.259999999999998,True,3.6666666666666665,13.133333333333333,3,Returning
CUST_00855,8,6488.4400000000005,17.5,9.75,19.83,True,4.375,14.4,4,Returning
CUST_00856,2,1188.24,17.5,9.0,0.0,True,2.5,14.1,2,Returning
CUST_00857,2,4882.8,12.5,9.5,745.46,True,3.5,11.3,1,Returning
CUST_00858,3,3252.0299999999997,15.333333333333334,9.0,623.4,True,3.6666666666666665,12.799999999999999,3,Returning
CUST_00859,1,35.2,14.0,7.0,0.0,False,4.0,11.200000000000001,3,At Risk
CUST_00860,3,1173.88,15.0,8.666666666666666,42.07,True,4.333333333333333,12.466666666666667,3,Returning
CUST_00861,2,10067.42,13.5,11.0,0.0,True,4.0,12.5,1,Returning
CUST_00862,1,53.2,17.0,10.0,0.0,True,4.0,14.2,3,Returning
CUST_00863,4,1076.89,12.75,7.25,0.0,True,3.75,10.55,1,Returning
CUST_00864,8,8508.11,14.75,9.125,255.71,True,4.125,12.5,4,Returning
CUST_00865,2,2623.9,15.0,9.5,298.55,True,4.5,12.8,3,Returning
CUST_00866,2,5723.82,12.0,10.0,0.0,True,4.0,11.2,1,Returning
CUST_00867,10,10800.08,13.8,8.0,304.13,True,4.3,11.48,4,Returning
CUST_00868,10,9437.09,15.6,8.9,82.49,True,4.2,12.92,4,Returning
CUST_00869,4,2940.8,14.75,9.0,7.26,True,3.0,12.45,2,Returning
CUST_00870,1,302.08,16.0,9.0,0.0,True,5.0,13.2,3,Returning
CUST_00871,1,2035.35,14.0,5.0,0.0,False,4.0,10.4,3,At Risk
CUST_00872,3,509.5,15.666666666666666,7.666666666666667,14.62,True,3.6666666666666665,12.466666666666665,3,Returning
CUST_00873,2,910.1800000000001,15.0,9.5,0.0,True,3.0,12.8,2,Returning
CUST_00874,7,4943.36,14.857142857142858,7.571428571428571,218.65,True,3.857142857142857,11.942857142857143,4,Returning
CUST_00875,6,14677.81,12.666666666666666,9.0,1019.29,True,3.5,11.2,0,Returning
CUST_00876,5,10796.990000000002,14.4,9.6,1836.05,True,4.0,12.48,0,Returning
CUST_00877,3,15302.01,13.0,9.333333333333334,803.51,True,3.3333333333333335,11.533333333333333,4,Returning
CUST_00878,5,7207.37,14.0,8.2,150.83,True,4.8,11.68,4,Returning
CUST_00879,1,77.56,16.0,9.0,13.47,False,5.0,13.2,3,At Risk
CUST_00880,3,5612.8099999999995,16.333333333333332,8.666666666666666,632.17,True,4.666666666666667,13.266666666666666,3,Returning
CUST_00881,3,1453.72,14.666666666666666,11.333333333333334,0.0,True,4.0,13.333333333333332,1,Returning
CUST_00882,3,4395.45,14.333333333333334,9.333333333333334,137.28,True,5.0,12.333333333333334,1,Returning
CUST_00883,1,250.01,15.0,10.0,16.87,False,5.0,13.0,1,At Risk
CUST_00884,1,1714.58,16.0,6.0,447.26,False,1.0,12.0,2,At Risk
CUST_00885,2,4665.0,16.0,9.5,0.0,True,3.5,13.4,3,Returning
CUST_00886,3,2530.99,16.0,7.333333333333333,0.0,True,3.6666666666666665,12.533333333333333,3,Returning
CUST_00887,3,3138.0,14.0,10.0,0.0,True,3.0,12.4,2,Returning
CUST_00888,1,160.1,10.0,9.0,8.55,True,4.0,9.6,1,Returning
CUST_00889,1,261.54,14.0,5.0,0.0,False,4.0,10.4,3,At Risk
CUST_00890,2,1249.29,17.0,8.5,68.33,True,3.5,13.6,3,Returning
CUST_00891,2,1087.8600000000001,13.0,9.0,112.24,True,3.0,11.4,2,Returning
CUST_00892,2,2316.11,16.0,9.0,95.25,True,3.5,13.2,3,Returning
CUST_00893,5,2003.29,16.0,7.0,203.36,True,4.2,12.4,3,Returning
CUST_00894,5,1423.9,12.2,9.2,82.59,True,4.4,11.0,1,Returning
CUST_00895,1,799.48,13.0,10.0,0.0,False,3.0,11.8,2,At Risk
CUST_00896,2,1282.8600000000001,15.5,9.0,0.0,True,4.5,12.899999999999999,3,Returning
CUST_00897,5,6411.04,13.2,9.2,638.9100000000001,True,3.8,11.599999999999998,4,Returning
CUST_00898,1,1231.66,16.0,11.0,0.0,False,1.0,14.0,2,At Risk
CUST_00899,5,30453.57,17.2,8.6,5397.78,True,5.0,13.759999999999998,0,Returning
CUST_00900,10,7799.1900000000005,14.3,9.3,756.73,True,3.9,12.3,4,Returning
CUST_00901,4,4283.77,15.0,9.25,254.8,True,4.5,12.7,3,Returning
CUST_00902,1,180.96,15.0,4.0,0.0,True,4.0,10.6,3,Returning
CUST_00903,5,7655.06,14.6,7.8,836.24,True,4.6,11.879999999999999,4,Returning
CUST_00904,3,4580.25,15.0,10.0,227.13,True,4.0,13.0,1,Returning
CUST_00905,2,661.3199999999999,12.5,8.0,0.0,True,3.5,10.7,2,Returning
CUST_00906,6,5463.87,13.5,6.5,763.13,True,3.3333333333333335,10.7,4,Returning
CUST_00907,2,193.12,14.0,7.0,0.0,True,4.5,11.200000000000001,3,Returning
CUST_00908,3,5936.15,12.333333333333334,10.0,0.0,True,2.3333333333333335,11.4,2,Returning
CUST_00909,9,14365.42,13.444444444444445,9.333333333333334,1715.38,True,4.0,11.8,0,Returning
CUST_00910,3,1025.2,14.0,7.0,25.54,True,3.3333333333333335,11.200000000000001,2,Returning
CUST_00911,3,2322.8,15.333333333333334,9.0,414.4,True,2.0,12.799999999999999,2,Returning
CUST_00912,2,3160.94,19.0,11.0,0.0,True,4.0,15.8,3,Returning
CUST_00913,7,4360.400000000001,15.714285714285714,9.142857142857142,87.95,True,4.428571428571429,13.085714285714284,4,Returning
CUST_00914,6,14194.68,15.333333333333334,8.166666666666666,872.5899999999999,True,4.0,12.466666666666665,4,Returning
CUST_00915,2,1239.79,16.0,9.5,0.0,True,4.5,13.4,3,Returning
CUST_00916,10,19346.75,13.4,9.9,837.99,True,3.3,12.0,0,Returning
CUST_00917,1,122.03,16.0,11.0,0.0,True,4.0,14.0,3,Returning
CUST_00918,5,4147.0,14.4,8.6,248.75,True,4.0,12.08,4,Returning
CUST_00919,1,487.4,14.0,13.0,0.0,True,4.0,13.600000000000001,1,Returning
CUST_00920,6,15802.97,15.0,8.833333333333334,1661.21,True,3.8333333333333335,12.533333333333333,0,Returning
CUST_00921,4,3100.95,14.25,8.75,419.07,True,3.75,12.049999999999999,4,Returning
CUST_00922,6,21858.78,15.0,10.333333333333334,1355.5100000000002,True,3.6666666666666665,13.133333333333333,0,Returning
CUST_00923,1,179.18,15.0,9.0,45.76,True,2.0,12.6,2,Returning
CUST_00924,2,101.66,12.0,9.0,5.26,True,4.5,10.799999999999999,1,Returning
CUST_00925,3,2945.91,14.666666666666666,8.0,365.78999999999996,True,4.0,12.0,3,Returning
CUST_00926,5,5369.88,12.2,9.2,335.86,True,3.8,11.0,4,Returning
CUST_00927,10,18298.3,14.8,8.8,1364.41,True,4.6,12.400000000000002,0,Returning
CUST_00928,2,901.3800000000001,16.5,7.5,45.68,True,5.0,12.9,3,Returning
CUST_00929,3,1769.6599999999999,15.333333333333334,11.333333333333334,40.03,True,5.0,13.733333333333334,1,Returning
CUST_00930,5,7661.23,16.2,9.6,171.18,True,3.2,13.559999999999999,4,Returning
CUST_00931,5,3782.24,15.0,8.6,151.31,True,3.0,12.44,2,Returning
CUST_00932,8,4574.44,13.25,9.75,340.14,True,3.625,11.85,4,Returning
CUST_00933,7,3877.21,13.428571428571429,8.142857142857142,226.1,True,3.4285714285714284,11.314285714285713,4,Returning
CUST_00934,6,7009.469999999999,12.833333333333334,9.333333333333334,64.54,True,3.6666666666666665,11.433333333333334,4,Returning
CUST_00935,2,8785.150000000001,18.0,11.5,0.0,True,5.0,15.399999999999999,3,Returning
CUST_00936,2,343.54,17.0,10.5,45.26,True,4.0,14.399999999999999,3,Returning
CUST_00937,9,15177.78,13.777777777777779,8.0,384.34,True,3.5555555555555554,11.466666666666669,4,Returning
CUST_00938,3,1732.04,14.0,10.333333333333334,202.57999999999998,True,4.0,12.533333333333335,1,Returning
CUST_00939,3,276.87,13.333333333333334,11.666666666666666,25.66,True,3.3333333333333335,12.666666666666668,1,Returning
CUST_00940,5,9449.84,14.8,9.0,1771.1299999999999,True,3.6,12.48,0,Returning
CUST_00941,5,8273.55,13.8,8.2,1048.7,True,4.2,11.559999999999999,4,Returning
CUST_00942,4,2584.1000000000004,14.25,7.75,463.79,True,4.5,11.649999999999999,3,Returning
CUST_00943,1,1536.15,13.0,9.0,0.0,True,5.0,11.4,1,Returning
CUST_00944,2,539.6,16.5,8.0,57.73,True,2.5,13.100000000000001,2,Returning
CUST_00945,2,538.8,10.5,11.5,51.449999999999996,True,5.0,10.9,1,Returning
CUST_00946,4,2238.9,14.25,9.75,35.150000000000006,True,4.25,12.45,1,Returning
CUST_00947,1,1429.76,16.0,10.0,0.0,False,4.0,13.6,3,At Risk
CUST_00948,3,653.99,16.333333333333332,9.333333333333334,0.0,True,4.0,13.533333333333333,3,Returning
CUST_00949,2,387.93,15.0,7.5,0.0,True,4.0,12.0,3,Returning
CUST_00950,7,12064.04,14.714285714285714,7.714285714285714,74.17,True,3.5714285714285716,11.914285714285713,4,Returning
CUST_00951,3,2923.58,12.0,10.333333333333334,12.32,True,4.333333333333333,11.333333333333332,1,Returning
CUST_00952,3,449.48,13.666666666666666,9.0,0.0,True,3.6666666666666665,11.799999999999999,1,Returning
CUST_00953,5,3368.5099999999998,13.6,7.6,385.72,True,3.0,11.2,2,Returning
CUST_00954,1,2430.62,10.0,10.0,0.0,True,5.0,10.0,1,Returning
CUST_00955,2,3817.0099999999998,13.5,13.5,409.32,True,4.5,13.5,1,Returning
CUST_00956,5,3656.4700000000003,12.8,8.6,188.31,True,4.4,11.12,1,Returning
CUST_00957,3,2858.88,16.333333333333332,8.333333333333334,109.54,True,4.333333333333333,13.133333333333333,3,Returning
CUST_00958,2,2132.67,13.0,5.0,520.44,True,4.5,9.8,3,Returning
CUST_00959,3,473.52,15.666666666666666,10.666666666666666,33.35,True,4.666666666666667,13.666666666666664,3,Returning
CUST_00960,1,1066.85,19.0,13.0,0.0,False,2.0,16.6,2,At Risk
CUST_00961,2,4757.59,13.5,7.5,37.79,True,3.5,11.1,2,Returning
CUST_00962,2,14201.03,15.5,10.0,1721.32,True,4.0,13.299999999999999,0,Returning
CUST_00963,4,3916.07,13.5,9.25,504.16,True,3.75,11.8,1,Returning
CUST_00964,3,496.2,17.333333333333332,7.0,16.47,True,4.666666666666667,13.2,3,Returning
CUST_00965,3,2508.01,15.333333333333334,8.666666666666666,177.79,True,4.333333333333333,12.666666666666666,3,Returning
CUST_00966,9,35689.94,14.777777777777779,9.0,2688.18,True,4.111111111111111,12.466666666666667,0,Returning
CUST_00967,6,4569.83,12.5,7.166666666666667,133.95999999999998,True,4.333333333333333,10.366666666666667,4,Returning
CUST_00968,6,22068.72,15.333333333333334,9.5,0.0,True,3.5,13.0,4,Returning
CUST_00969,6,26898.39,15.333333333333334,7.166666666666667,596.16,True,4.166666666666667,12.066666666666666,0,Returning
CUST_00970,7,4637.1900000000005,14.857142857142858,10.0,495.71,True,3.857142857142857,12.914285714285715,4,Returning
CUST_00971,1,1798.1,15.0,7.0,245.62,True,3.0,11.8,2,Returning
CUST_00972,4,4165.82,14.25,8.75,588.47,True,4.25,12.049999999999999,4,Returning
CUST_00973,8,18849.21,13.375,7.75,3490.28,True,3.625,11.125,0,Returning
CUST_00974,1,56.43,15.0,10.0,0.0,True,3.0,13.0,2,Returning
CUST_00975,5,5619.91,14.4,9.6,36.64,True,4.4,12.48,4,Returning
CUST_00976,3,2563.35,14.333333333333334,7.666666666666667,44.36,True,4.0,11.666666666666666,3,Returning
CUST_00977,1,164.36,10.0,12.0,30.08,True,4.0,10.8,1,Returning
CUST_00978,4,3135.39,13.25,8.5,272.66,True,4.5,11.35,1,Returning
CUST_00979,4,4467.04,16.25,7.5,223.55,True,3.25,12.75,3,Returning
CUST_00980,1,1002.27,8.0,8.0,190.53,True,5.0,8.0,1,Returning
CUST_00981,4,5336.09,14.5,10.75,957.35,True,4.75,13.0,4,Returning
CUST_00982,3,2509.91,12.0,10.333333333333334,0.0,True,3.3333333333333335,11.333333333333332,1,Returning
CUST_00983,3,4839.57,12.666666666666666,8.666666666666666,323.71999999999997,True,3.3333333333333335,11.066666666666666,2,Returning
CUST_00984,8,3430.3599999999997,13.625,8.0,43.65,True,3.0,11.375,4,Returning
CUST_00985,3,1768.08,16.0,8.333333333333334,71.68,True,4.666666666666667,12.933333333333334,3,Returning
CUST_00986,1,628.03,15.0,8.0,0.0,False,3.0,12.2,2,At Risk
CUST_00987,1,436.25,15.0,10.0,37.43,True,2.0,13.0,2,Returning
CUST_00988,1,88.2,19.0,9.0,0.0,False,5.0,15.0,3,At Risk
CUST_00989,4,8267.37,16.75,11.75,0.0,True,4.25,14.75,4,Returning
CUST_00990,6,13852.23,15.5,10.666666666666666,170.34,True,2.3333333333333335,13.566666666666666,4,Returning
CUST_00991,3,980.24,14.0,9.333333333333334,10.5,True,3.3333333333333335,12.133333333333335,2,Returning
CUST_00992,2,2397.15,9.0,7.5,202.5,True,4.5,8.399999999999999,1,Returning
CUST_00993,7,6308.68,13.857142857142858,10.0,109.08,True,3.857142857142857,12.314285714285715,4,Returning
CUST_00994,1,203.19,14.0,12.0,0.0,True,2.0,13.200000000000001,2,Returning
CUST_00995,4,3108.6,12.5,10.5,0.0,True,3.25,11.7,2,Returning
CUST_00996,2,295.34,17.5,10.5,0.0,True,3.5,14.7,3,Returning
CUST_00997,1,351.29,18.0,10.0,54.97,True,5.0,14.799999999999999,3,Returning
CUST_00998,2,1626.4199999999998,16.5,11.0,287.6,True,4.5,14.3,3,Returning
CUST_00999,4,1375.0,15.75,9.25,0.0,True,3.75,13.149999999999999,3,Returning
CUST_01000,1,318.43,8.0,9.0,72.42,True,2.0,8.4,2,Returning
CUST_01001,2,99.68,17.0,7.0,0.0,True,3.5,13.0,3,Returning
CUST_01002,3,8906.04,13.333333333333334,9.333333333333334,129.7,True,4.666666666666667,11.733333333333334,1,Returning
CUST_01003,2,643.03,14.5,8.0,4.66,True,5.0,11.899999999999999,3,Returning
CUST_01004,2,509.02,11.5,11.0,96.43,True,3.5,11.3,1,Returning
CUST_01005,5,24841.100000000002,13.4,8.6,133.54,True,3.2,11.479999999999999,4,Returning
CUST_01006,3,16050.4,18.0,7.333333333333333,18.18,True,2.6666666666666665,13.733333333333333,4,Returning
CUST_01007,2,10150.95,12.5,9.5,567.64,True,5.0,11.3,1,Returning
CUST_01008,3,2469.34,18.0,8.0,310.02,True,3.3333333333333335,14.0,3,Returning
CUST_01009,7,7796.320000000001,14.857142857142858,10.714285714285714,178.54000000000002,True,3.857142857142857,13.2,4,Returning
CUST_01010,2,1590.27,12.0,8.0,0.0,True,4.5,10.399999999999999,1,Returning
CUST_01011,2,7437.790000000001,12.0,9.5,0.0,True,3.0,11.0,2,Returning
CUST_01012,1,64.37,11.0,13.0,10.37,True,5.0,11.8,1,Returning
CUST_01013,3,1041.9,14.0,11.0,0.0,True,3.0,12.8,2,Returning
CUST_01014,2,2154.42,12.5,10.0,0.0,True,4.0,11.5,1,Returning
CUST_01015,3,4826.88,16.666666666666668,7.0,670.61,True,4.0,12.8,3,Returning
CUST_01016,3,3345.95,14.333333333333334,9.333333333333334,103.69,True,3.6666666666666665,12.333333333333334,1,Returning
CUST_01017,6,1227.6799999999998,14.333333333333334,8.666666666666666,52.95,True,4.166666666666667,12.066666666666666,4,Returning
CUST_01018,1,418.27,11.0,10.0,0.0,True,4.0,10.6,1,Returning
CUST_01019,8,7283.25,15.875,9.625,363.87,True,3.625,13.375,4,Returning
CUST_01020,8,2716.14,12.25,9.875,30.63,True,3.5,11.3,4,Returning
CUST_01021,7,12576.42,14.571428571428571,9.285714285714286,209.56,True,4.142857142857143,12.457142857142857,4,Returning
CUST_01022,1,85.56,14.0,8.0,0.0,False,4.0,11.600000000000001,1,At Risk
CUST_01023,2,234.63,18.0,9.5,31.29,True,4.0,14.6,3,Returning
CUST_01024,6,3186.68,15.5,8.833333333333334,0.0,True,4.333333333333333,12.833333333333332,4,Returning
CUST_01025,3,1421.33,15.666666666666666,9.666666666666666,119.57000000000001,True,3.6666666666666665,13.266666666666666,3,Returning
CUST_01026,8,13985.02,13.75,10.125,280.96000000000004,True,4.0,12.3,4,Returning
CUST_01027,3,1723.3000000000002,16.333333333333332,8.666666666666666,31.2,True,3.0,13.266666666666666,2,Returning
CUST_01028,2,771.87,17.5,9.5,74.05,True,3.0,14.3,2,Returning
CUST_01029,1,292.3,14.0,4.0,0.0,True,5.0,10.0,3,Returning
CUST_01030,4,3806.4700000000003,11.5,9.5,7.85,True,4.0,10.7,1,Returning
CUST_01031,9,10319.52,14.88888888888889,9.0,860.1199999999999,True,3.5555555555555554,12.533333333333333,4,Returning
CUST_01032,1,89.1,16.0,8.0,12.06,True,2.0,12.8,2,Returning
CUST_01033,5,9972.46,14.8,10.0,0.0,True,4.4,12.88,4,Returning
CUST_01034,5,4335.3,17.2,9.0,406.36999999999995,True,4.6,13.919999999999998,3,Returning
CUST_01035,5,7537.31,13.4,8.0,1325.61,True,4.2,11.239999999999998,4,Returning
CUST_01036,6,3580.33,14.0,9.666666666666666,120.34,True,3.3333333333333335,12.266666666666667,4,Returning
CUST_01037,4,12120.210000000001,13.0,10.75,118.43,True,3.5,12.1,4,Returning
CUST_01038,6,7543.75,14.166666666666666,8.5,354.59,True,4.0,11.9,4,Returning
CUST_01039,2,1774.26,14.0,10.0,0.0,True,3.5,12.4,2,Returning
CUST_01040,2,657.45,14.0,8.0,63.510000000000005,True,4.5,11.600000000000001,1,Returning
CUST_01041,3,334.12,16.666666666666668,6.666666666666667,0.0,True,4.666666666666667,12.666666666666668,3,Returning
CUST_01042,3,635.1800000000001,15.0,11.666666666666666,112.75999999999999,True,4.333333333333333,13.666666666666668,1,Returning
CUST_01043,3,5742.6,12.666666666666666,9.333333333333334,37.56,True,3.6666666666666665,11.333333333333334,1,Returning
CUST_01044,1,31.71,16.0,12.0,0.0,True,5.0,14.4,1,Returning
CUST_01045,5,3422.0,15.0,8.8,689.42,True,3.2,12.52,4,Returning
CUST_01046,4,755.25,15.25,9.0,47.34,True,3.75,12.75,3,Returning
CUST_01047,3,14946.46,14.666666666666666,9.0,0.0,True,3.3333333333333335,12.399999999999999,4,Returning
CUST_01048,4,3504.85,14.75,10.0,60.68,True,3.25,12.85,2,Returning
CUST_01049,8,19881.99,14.5,10.125,1637.1200000000001,True,4.625,12.75,0,Returning
CUST_01050,8,7300.219999999999,14.125,9.125,673.5,True,4.0,12.125,4,Returning
CUST_01051,5,5951.95,15.4,9.6,509.64,True,4.4,13.08,4,Returning
CUST_01052,2,18086.87,14.5,6.0,22.54,True,3.5,11.1,4,Returning
CUST_01053,7,2315.8,14.428571428571429,9.285714285714286,94.98,True,4.0,12.371428571428572,4,Returning
CUST_01054,3,8312.21,14.333333333333334,9.666666666666666,36.24,True,4.333333333333333,12.466666666666667,1,Returning
CUST_01055,3,13526.74,15.0,9.333333333333334,204.77,True,4.0,12.733333333333334,4,Returning
CUST_01056,5,5514.39,16.2,8.0,380.65000000000003,True,3.4,12.919999999999998,4,Returning
CUST_01057,4,9317.19,11.25,9.25,0.0,True,3.5,10.45,1,Returning
CUST_01058,3,3519.75,10.666666666666666,7.666666666666667,511.63,True,3.3333333333333335,9.466666666666667,1,Returning
CUST_01059,2,214.71,16.0,7.0,13.04,True,3.0,12.4,2,Returning
CUST_01060,5,3232.79,15.6,8.8,66.30000000000001,True,4.0,12.879999999999999,3,Returning
CUST_01061,5,1580.91,15.8,10.4,308.22,True,4.6,13.64,3,Returning
CUST_01062,7,24493.82,14.0,8.285714285714286,1078.44,True,3.857142857142857,11.714285714285715,0,Returning
CUST_01063,3,7992.35,13.333333333333334,9.333333333333334,239.51,True,4.0,11.733333333333334,1,Returning
CUST_01064,2,7830.389999999999,13.5,9.5,29.93,True,4.0,11.9,1,Returning
CUST_01065,3,1160.06,14.0,10.333333333333334,225.38,True,3.3333333333333335,12.533333333333335,2,Returning
CUST_01066,2,6496.88,16.5,8.0,1765.46,True,3.0,13.100000000000001,0,Returning
CUST_01067,7,17566.699999999997,14.428571428571429,9.428571428571429,1174.4199999999998,True,4.571428571428571,12.428571428571429,0,Returning
CUST_01068,1,282.56,20.0,6.0,0.0,True,4.0,14.4,3,Returning
CUST_01069,3,3109.96,12.666666666666666,10.0,49.92,True,3.6666666666666665,11.6,1,Returning
CUST_01070,1,179.78,17.0,11.0,0.0,True,4.0,14.6,3,Returning
CUST_01071,1,1297.14,14.0,11.0,0.0,False,5.0,12.8,1,At Risk
CUST_01072,3,1603.75,16.666666666666668,9.333333333333334,12.25,True,3.6666666666666665,13.733333333333334,3,Returning
CUST_01073,9,8680.95,14.555555555555555,8.777777777777779,355.08000000000004,True,3.111111111111111,12.244444444444444,4,Returning
CUST_01074,2,2557.06,16.5,9.0,0.0,True,2.5,13.5,2,Returning
CUST_01075,3,2039.55,13.333333333333334,8.333333333333334,0.0,True,4.333333333333333,11.333333333333334,1,Returning
CUST_01076,2,631.35,13.5,8.0,93.17,True,4.5,11.3,1,Returning
CUST_01077,1,58.42,17.0,6.0,6.02,True,5.0,12.6,3,Returning
CUST_01078,2,2462.98,13.0,9.5,0.0,True,5.0,11.6,1,Returning
CUST_01079,6,3987.8,15.0,7.666666666666667,442.07,True,4.166666666666667,12.066666666666666,4,Returning
CUST_01080,2,212.65,18.5,9.5,0.0,True,4.5,14.9,3,Returning
CUST_01081,6,20790.4,15.5,8.333333333333334,63.53,True,4.166666666666667,12.633333333333333,4,Returning
CUST_01082,1,1748.14,18.0,9.0,0.0,False,5.0,14.399999999999999,3,At Risk
CUST_01083,1,4616.1,17.0,10.0,0.0,False,3.0,14.2,2,At Risk
CUST_01084,1,118.54,17.0,9.0,29.51,True,4.0,13.799999999999999,3,Returning
CUST_01085,2,149.86,13.0,9.0,0.0,True,5.0,11.4,1,Returning
CUST_01086,9,11067.14,15.88888888888889,8.333333333333334,555.0899999999999,True,3.4444444444444446,12.866666666666667,4,Returning
CUST_01087,8,9994.7,15.125,8.75,1370.47,True,4.625,12.575,0,Returning
CUST_01088,4,4310.86,13.0,10.0,122.21,True,3.75,11.8,1,Returning
CUST_01089,2,874.85,14.5,8.0,83.87,True,5.0,11.899999999999999,3,Returning
CUST_01090,1,1380.95,13.0,8.0,0.0,False,5.0,11.0,1,At Risk
CUST_01091,4,4100.5,15.25,10.25,7.08,True,4.0,13.25,3,Returning
CUST_01092,2,11242.81,16.5,6.5,186.47,True,2.5,12.5,2,Returning
CUST_01093,6,5343.84,13.833333333333334,9.0,794.7199999999999,True,4.5,11.9,4,Returning
CUST_01094,4,2121.56,15.0,7.0,221.74999999999997,True,4.0,11.8,3,Returning
CUST_01095,3,3370.17,11.0,8.666666666666666,365.90999999999997,True,4.0,10.066666666666666,1,Returning
CUST_01096,3,10049.46,15.0,6.666666666666667,1430.82,True,5.0,11.666666666666668,0,Returning
CUST_01097,8,27389.45,15.0,8.125,2188.02,True,3.875,12.25,0,Returning
CUST_01098,3,897.75,14.0,8.666666666666666,35.76,True,3.3333333333333335,11.866666666666667,2,Returning
CUST_01099,7,4061.72,13.428571428571429,8.142857142857142,520.59,True,4.142857142857143,11.314285714285713,4,Returning
CUST_01100,2,650.39,15.5,10.5,119.76,True,4.0,13.5,3,Returning
CUST_01101,3,1625.34,15.0,7.0,143.49,True,3.3333333333333335,11.8,2,Returning
CUST_01102,3,5772.0599999999995,16.0,9.666666666666666,977.25,True,4.0,13.466666666666667,3,Returning
CUST_01103,2,1035.0,14.0,7.0,0.0,True,3.5,11.200000000000001,2,Returning
CUST_01104,3,5826.07,12.0,7.333333333333333,205.28,True,4.333333333333333,10.133333333333333,1,Returning
CUST_01105,8,14769.94,14.125,10.125,159.76,True,3.25,12.524999999999999,4,Returning
CUST_01106,8,7438.6,14.875,10.25,689.53,True,3.75,13.024999999999999,4,Returning
CUST_01107,6,2006.49,12.666666666666666,9.666666666666666,96.32000000000001,True,3.5,11.466666666666667,4,Returning
CUST_01108,2,1142.57,17.0,9.5,57.73,True,3.0,14.0,2,Returning
CUST_01109,2,1231.08,16.0,8.0,0.0,True,5.0,12.8,3,Returning
CUST_01110,1,2040.93,18.0,8.0,0.0,True,5.0,14.0,3,Returning
CUST_01111,10,6147.09,15.0,8.5,568.05,True,3.9,12.4,4,Returning
CUST_01112,1,960.76,13.0,10.0,0.0,True,3.0,11.8,2,Returning
CUST_01113,1,813.59,11.0,11.0,224.45,False,5.0,11.0,1,At Risk
CUST_01114,2,1332.57,17.5,11.5,0.0,True,4.5,15.100000000000001,3,Returning
CUST_01115,4,576.43,15.25,11.0,42.54,True,4.25,13.55,1,Returning
CUST_01116,5,5052.7,14.4,8.8,183.34,True,3.6,12.16,4,Returning
CUST_01117,1,481.64,14.0,10.0,0.0,False,1.0,12.4,2,At Risk
CUST_01118,1,237.4,14.0,6.0,0.0,True,3.0,10.8,2,Returning
CUST_01119,2,3288.96,13.5,9.5,0.0,True,2.0,11.9,2,Returning
CUST_01120,8,8041.15,14.75,8.625,1258.3000000000002,True,3.625,12.3,4,Returning
CUST_01121,3,3601.2200000000003,16.666666666666668,9.333333333333334,253.92,True,3.3333333333333335,13.733333333333334,3,Returning
CUST_01122,2,235.14,17.0,9.5,23.59,True,4.0,14.0,3,Returning
CUST_01123,4,2162.06,13.0,8.75,26.02,True,3.25,11.3,2,Returning
CUST_01124,3,4436.610000000001,14.666666666666666,10.333333333333334,240.68,True,3.3333333333333335,12.933333333333334,2,Returning
CUST_01125,1,132.24,11.0,6.0,0.0,True,5.0,9.0,1,Returning
CUST_01126,4,2191.3100000000004,14.25,8.25,296.69000000000005,True,4.5,11.85,1,Returning
CUST_01127,3,648.97,16.333333333333332,9.333333333333334,68.85,True,3.0,13.533333333333333,2,Returning
CUST_01128,4,1305.38,14.75,8.25,189.12,True,4.75,12.15,3,Returning
CUST_01129,9,13652.469999999998,15.666666666666666,7.555555555555555,65.16,True,3.888888888888889,12.42222222222222,4,Returning
CUST_01130,9,16866.57,14.11111111111111,8.555555555555555,356.62,True,3.6666666666666665,11.88888888888889,4,Returning
CUST_01131,3,2850.57,16.0,10.0,26.66,True,4.0,13.6,3,Returning
CUST_01132,6,2899.48,14.833333333333334,9.166666666666666,4.54,True,4.166666666666667,12.566666666666666,4,Returning
CUST_01133,5,5374.04,14.6,10.6,634.09,True,3.2,13.0,4,Returning
CUST_01134,4,1951.5500000000002,14.0,8.0,35.04,True,3.75,11.600000000000001,1,Returning
CUST_01135,2,1139.99,15.0,7.5,119.53,True,3.5,12.0,3,Returning
CUST_01136,5,7197.57,15.8,9.4,238.19,True,4.4,13.24,4,Returning
CUST_01137,3,1573.1100000000001,13.0,8.333333333333334,0.0,True,4.666666666666667,11.133333333333333,1,Returning
CUST_01138,4,7051.24,13.75,9.75,1088.25,True,3.0,12.15,4,Returning
CUST_01139,5,1162.69,12.0,8.8,58.89,True,3.2,10.719999999999999,2,Returning
CUST_01140,5,12029.92,14.0,8.8,233.4,True,4.2,11.920000000000002,4,Returning
CUST_01141,3,2666.69,13.0,10.0,0.0,True,3.0,11.8,2,Returning
CUST_01142,5,15314.630000000001,14.0,9.6,150.17,True,4.0,12.24,4,Returning
CUST_01143,2,789.8199999999999,14.0,7.0,35.45,True,3.5,11.200000000000001,2,Returning
CUST_01144,2,443.04999999999995,16.0,11.0,77.41,True,5.0,14.0,3,Returning
CUST_01145,7,7311.2300000000005,15.428571428571429,9.428571428571429,474.33000000000004,True,3.5714285714285716,13.028571428571428,4,Returning
CUST_01146,5,11791.93,15.8,10.2,546.15,True,3.6,13.56,4,Returning
CUST_01147,6,3240.96,14.5,9.833333333333334,316.32,True,4.5,12.633333333333333,4,Returning
CUST_01148,2,2768.0,14.5,9.0,0.0,True,4.5,12.299999999999999,1,Returning
CUST_01149,2,5166.56,14.5,10.0,0.0,True,4.5,12.7,1,Returning
CUST_01150,6,5153.86,13.5,8.833333333333334,258.27,True,3.0,11.633333333333333,4,Returning
CUST_01151,5,6166.43,13.8,7.4,0.0,True,4.6,11.24,4,Returning
CUST_01152,6,9319.65,15.166666666666666,9.333333333333334,422.92,True,4.0,12.833333333333334,4,Returning
CUST_01153,2,206.91,15.0,11.0,0.0,True,5.0,13.4,1,Returning
CUST_01154,9,18130.23,14.666666666666666,8.777777777777779,1358.82,True,3.888888888888889,12.31111111111111,0,Returning
CUST_01155,4,2045.06,14.25,9.5,179.91,True,2.75,12.35,2,Returning
CUST_01156,3,1704.81,13.666666666666666,8.0,97.6,True,3.6666666666666665,11.399999999999999,2,Returning
CUST_01157,8,6169.69,14.5,8.375,364.5,True,3.75,12.049999999999999,4,Returning
CUST_01158,2,673.37,13.5,10.5,0.0,True,4.5,12.3,1,Returning
CUST_01159,4,578.5799999999999,13.25,11.5,24.14,True,3.75,12.55,1,Returning
CUST_01160,7,13451.95,15.0,10.428571428571429,746.89,True,3.857142857142857,13.17142857142857,4,Returning
CUST_01161,4,6414.67,12.5,7.75,0.0,True,4.75,10.6,1,Returning
CUST_01162,2,6119.12,14.5,11.0,0.0,True,4.0,13.1,1,Returning
CUST_01163,5,3067.0499999999997,15.0,8.6,233.65,True,3.2,12.44,2,Returning
CUST_01164,9,36842.41,15.777777777777779,9.777777777777779,1350.69,True,3.3333333333333335,13.377777777777778,0,Returning
CUST_01165,2,5624.2,14.0,8.0,0.0,True,3.5,11.600000000000001,2,Returning
CUST_01166,2,1695.92,15.5,7.0,0.0,True,4.5,12.1,3,Returning
CUST_01167,4,1916.4099999999999,15.0,9.75,429.74,True,4.0,12.9,3,Returning
CUST_01168,2,958.53,14.0,11.0,20.58,True,2.5,12.8,2,Returning
CUST_01169,3,2079.79,15.333333333333334,10.0,264.59999999999997,True,4.333333333333333,13.2,3,Returning
CUST_01170,10,17446.72,15.8,8.6,556.81,True,3.6,12.92,4,Returning
CUST_01171,2,814.92,15.5,8.0,0.0,True,1.5,12.5,2,Returning
CUST_01172,3,4736.139999999999,13.0,9.0,14.2,True,3.3333333333333335,11.4,2,Returning
CUST_01173,7,2766.73,15.285714285714286,8.0,20.76,True,3.5714285714285716,12.37142857142857,4,Returning
CUST_01174,4,4506.71,15.25,7.75,219.47,True,4.5,12.25,3,Returning
CUST_01175,2,2553.61,14.5,8.0,31.03,True,4.5,11.899999999999999,3,Returning
CUST_01176,3,1555.1,13.666666666666666,9.0,168.66,True,4.333333333333333,11.799999999999999,1,Returning
CUST_01177,3,3528.1400000000003,17.0,8.0,107.81,True,3.3333333333333335,13.399999999999999,3,Returning
CUST_01178,3,2088.48,14.333333333333334,9.666666666666666,125.14,True,4.0,12.466666666666667,1,Returning
CUST_01179,2,814.62,12.0,11.0,0.0,True,4.5,11.6,1,Returning
CUST_01180,2,883.61,14.5,9.5,86.25999999999999,True,5.0,12.5,1,Returning
CUST_01181,3,5697.4,18.0,8.666666666666666,0.0,True,5.0,14.266666666666666,3,Returning
CUST_01182,3,6476.74,13.333333333333334,8.666666666666666,820.12,True,3.3333333333333335,11.466666666666667,2,Returning
CUST_01183,5,5638.56,13.0,8.0,924.95,True,4.6,11.0,4,Returning
CUST_01184,2,1823.83,14.5,11.0,171.24,True,4.5,13.1,1,Returning
CUST_01185,2,933.3199999999999,16.0,10.0,57.72,True,5.0,13.6,3,Returning
CUST_01186,6,4929.09,13.0,9.833333333333334,175.54,True,4.333333333333333,11.733333333333334,4,Returning
CUST_01187,1,1768.04,18.0,9.0,190.04,True,3.0,14.399999999999999,3,Returning
CUST_01188,3,5375.82,14.333333333333334,9.0,0.0,True,3.6666666666666665,12.2,2,Returning
CUST_01189,5,2377.96,14.4,8.4,0.0,True,2.8,12.0,2,Returning
CUST_01190,4,3241.55,16.0,9.5,172.12,True,4.75,13.4,3,Returning
CUST_01191,9,8776.92,14.333333333333334,10.555555555555555,545.3,True,4.666666666666667,12.822222222222223,4,Returning
CUST_01192,2,3281.43,13.5,11.0,850.37,True,4.5,12.5,1,Returning
CUST_01193,9,9417.97,13.333333333333334,9.0,311.66999999999996,True,3.5555555555555554,11.6,4,Returning
CUST_01194,1,1294.59,17.0,8.0,151.11,True,4.0,13.399999999999999,3,Returning
CUST_01195,3,1433.49,13.333333333333334,9.0,169.05,True,4.666666666666667,11.6,1,Returning
CUST_01196,1,8606.4,15.0,14.0,0.0,True,2.0,14.600000000000001,2,Returning
CUST_01197,2,1347.1299999999999,12.0,10.0,0.0,True,4.5,11.2,1,Returning
CUST_01198,7,2162.83,15.428571428571429,11.142857142857142,263.33,True,3.4285714285714284,13.714285714285714,4,Returning
CUST_01199,3,2031.9099999999999,12.0,8.666666666666666,0.0,True,2.0,10.666666666666666,2,Returning
CUST_01200,1,1968.78,14.0,10.0,279.7,True,5.0,12.4,1,Returning
CUST_01201,2,1455.89,14.0,9.5,28.69,True,4.5,12.200000000000001,1,Returning
CUST_01202,1,880.23,14.0,11.0,0.0,True,3.0,12.8,2,Returning
CUST_01203,2,2062.42,14.0,12.0,64.66,True,4.5,13.200000000000001,1,Returning
CUST_01204,2,637.43,12.5,9.5,19.14,True,4.5,11.3,1,Returning
CUST_01205,5,2992.01,15.4,8.6,188.73,True,3.4,12.68,4,Returning
CUST_01206,6,4900.86,14.833333333333334,11.833333333333334,250.39000000000001,True,3.3333333333333335,13.633333333333333,4,Returning
CUST_01207,1,8480.2,16.0,9.0,2250.65,True,4.0,13.2,0,Returning
CUST_01208,9,20905.190000000002,16.11111111111111,8.222222222222221,533.5799999999999,True,3.7777777777777777,12.955555555555556,4,Returning
CUST_01209,2,8759.95,15.0,10.0,142.76,True,1.5,13.0,2,Returning
CUST_01210,3,4767.4800000000005,10.666666666666666,8.666666666666666,87.8,True,4.333333333333333,9.866666666666667,1,Returning
CUST_01211,4,485.23999999999995,12.75,10.25,66.45,True,4.75,11.75,1,Returning
CUST_01212,3,876.6899999999999,15.666666666666666,11.0,32.84,True,3.6666666666666665,13.799999999999999,3,Returning
CUST_01213,1,47.41,15.0,8.0,0.0,True,5.0,12.2,3,Returning
CUST_01214,2,2399.5699999999997,10.5,8.5,0.0,True,4.0,9.7,1,Returning
CUST_01215,3,1263.47,14.0,13.333333333333334,275.91,True,4.333333333333333,13.733333333333334,1,Returning
CUST_01216,2,605.96,13.5,9.5,0.0,True,3.5,11.9,2,Returning
CUST_01217,5,1306.51,16.8,9.8,12.18,True,3.6,14.0,3,Returning
CUST_01218,5,15960.17,15.8,7.8,0.0,True,3.2,12.600000000000001,4,Returning
CUST_01219,3,3088.43,13.0,8.0,532.5,True,4.0,11.0,1,Returning
CUST_01220,2,5884.14,10.5,10.0,0.0,True,4.5,10.3,1,Returning
CUST_01221,1,468.18,18.0,6.0,0.0,True,2.0,13.2,2,Returning
CUST_01222,3,5085.56,17.0,8.666666666666666,509.25,True,3.0,13.666666666666666,2,Returning
CUST_01223,3,770.27,14.666666666666666,9.0,17.25,True,3.6666666666666665,12.399999999999999,2,Returning
CUST_01224,5,11182.640000000001,15.6,8.0,1925.94,True,3.6,12.559999999999999,0,Returning
CUST_01225,1,432.81,12.0,6.0,0.0,False,5.0,9.6,1,At Risk
CUST_01226,1,985.4,15.0,10.0,0.0,True,4.0,13.0,1,Returning
CUST_01227,3,3941.2000000000003,12.666666666666666,7.666666666666667,62.4,True,4.333333333333333,10.666666666666666,1,Returning
CUST_01228,1,4999.35,11.0,9.0,0.0,False,4.0,10.2,1,At Risk
CUST_01229,4,499.31,13.25,10.0,41.9,True,4.25,11.95,1,Returning
CUST_01230,10,15802.900000000001,15.0,8.3,191.24,True,3.4,12.32,4,Returning
CUST_01231,3,2697.15,17.0,8.666666666666666,18.5,True,4.666666666666667,13.666666666666666,3,Returning
CUST_01232,2,1149.77,14.0,11.5,0.0,True,2.5,13.0,2,Returning
CUST_01233,3,3147.1600000000003,16.0,9.333333333333334,36.35,True,4.333333333333333,13.333333333333334,3,Returning
CUST_01234,4,5101.83,13.75,7.5,324.75,True,4.0,11.25,4,Returning
CUST_01235,3,1399.25,14.333333333333334,11.0,115.12,True,4.333333333333333,13.0,1,Returning
CUST_01236,3,18240.98,13.333333333333334,11.666666666666666,2269.8399999999997,True,3.3333333333333335,12.666666666666668,0,Returning
CUST_01237,2,853.0799999999999,12.0,9.0,25.22,True,4.0,10.799999999999999,1,Returning
CUST_01238,2,1375.67,15.5,10.0,178.34,True,3.0,13.299999999999999,2,Returning
CUST_01239,6,7008.59,14.5,10.333333333333334,37.93,True,4.166666666666667,12.833333333333332,4,Returning
CUST_01240,7,3611.81,15.571428571428571,8.285714285714286,381.12,True,4.285714285714286,12.657142857142857,4,Returning
CUST_01241,1,295.66,12.0,8.0,0.0,True,4.0,10.399999999999999,1,Returning
CUST_01242,4,3982.62,10.75,9.75,0.0,True,4.0,10.350000000000001,1,Returning
CUST_01243,1,556.16,16.0,11.0,0.0,False,4.0,14.0,3,At Risk
CUST_01244,2,5160.45,16.0,9.5,157.91,True,5.0,13.4,3,Returning
CUST_01245,1,689.7,20.0,7.0,0.0,True,4.0,14.8,3,Returning
CUST_01246,4,5295.3,15.5,10.5,991.5600000000001,True,3.25,13.5,4,Returning
CUST_01247,8,9011.99,13.875,9.5,174.65,True,4.0,12.125,4,Returning
CUST_01248,6,1339.96,16.0,8.333333333333334,85.2,True,4.166666666666667,12.933333333333334,3,Returning
CUST_01249,6,2641.15,15.0,9.666666666666666,71.63,True,3.3333333333333335,12.866666666666667,4,Returning
CUST_01250,2,5158.3099999999995,12.0,12.0,235.42,True,3.0,12.0,2,Returning
CUST_01251,6,2344.29,13.0,9.833333333333334,151.46,True,3.8333333333333335,11.733333333333334,4,Returning
CUST_01252,5,1360.6299999999999,16.0,8.8,22.57,True,3.8,13.120000000000001,3,Returning
CUST_01253,3,418.89,11.333333333333334,8.333333333333334,20.88,True,3.6666666666666665,10.133333333333333,1,Returning
CUST_01254,1,77.43,13.0,7.0,0.0,True,1.0,10.6,2,Returning
CUST_01255,4,2229.94,16.0,12.0,107.03,True,4.25,14.4,1,Returning
CUST_01256,2,341.07,11.5,11.0,0.0,True,4.5,11.3,1,Returning
CUST_01257,6,4484.58,14.0,7.833333333333333,93.59,True,3.1666666666666665,11.533333333333333,4,Returning
CUST_01258,3,6633.0,13.0,10.333333333333334,136.42,True,4.0,11.933333333333334,1,Returning
CUST_01259,5,6613.17,13.2,9.8,312.62,True,4.2,11.84,4,Returning
CUST_01260,2,5432.97,12.5,11.0,31.43,True,4.5,11.9,1,Returning
CUST_01261,1,6403.75,10.0,5.0,0.0,True,2.0,8.0,2,Returning
CUST_01262,2,7070.48,15.5,10.0,0.0,True,4.0,13.299999999999999,3,Returning
CUST_01263,6,7650.76,15.666666666666666,11.0,729.56,True,4.666666666666667,13.799999999999999,4,Returning
CUST_01264,2,3247.3199999999997,14.0,8.5,81.89,True,1.5,11.8,2,Returning
CUST_01265,4,2709.51,14.5,10.25,516.68,True,4.5,12.8,1,Returning
CUST_01266,3,4251.02,10.666666666666666,10.0,245.29,True,5.0,10.399999999999999,1,Returning
CUST_01267,3,4608.0599999999995,16.0,9.0,0.0,True,4.333333333333333,13.2,3,Returning
CUST_01268,6,3420.42,13.5,8.333333333333334,150.93,True,4.0,11.433333333333334,4,Returning
CUST_01269,5,3535.18,13.4,9.2,67.68,True,4.4,11.719999999999999,1,Returning
CUST_01270,6,6462.98,16.0,8.333333333333334,19.02,True,4.0,12.933333333333334,4,Returning
CUST_01271,1,785.86,13.0,9.0,0.0,False,4.0,11.4,1,At Risk
CUST_01272,2,1975.5,17.5,11.5,0.0,True,3.0,15.100000000000001,2,Returning
CUST_01273,2,4834.0199999999995,13.0,7.0,405.61,True,5.0,10.6,1,Returning
CUST_01274,4,10982.47,15.75,10.0,1169.5500000000002,True,3.25,13.45,0,Returning
CUST_01275,2,3398.94,14.5,9.0,0.0,True,3.5,12.299999999999999,2,Returning
CUST_01276,2,258.95,16.0,8.5,47.089999999999996,True,2.5,13.0,2,Returning
CUST_01277,3,3840.34,16.0,8.666666666666666,389.28000000000003,True,3.6666666666666665,13.066666666666666,3,Returning
CUST_01278,7,5346.62,16.0,9.428571428571429,218.44,True,3.7142857142857144,13.371428571428572,4,Returning
CUST_01279,6,2094.58,17.666666666666668,8.333333333333334,48.54,True,4.0,13.933333333333334,3,Returning
CUST_01280,2,2545.95,15.5,11.5,95.83,True,4.5,13.899999999999999,1,Returning
CUST_01281,6,6269.99,14.5,7.333333333333333,0.0,True,3.6666666666666665,11.633333333333333,4,Returning
CUST_01282,6,22258.16,13.5,9.333333333333334,2604.77,True,4.166666666666667,11.833333333333334,0,Returning
CUST_01283,3,6087.21,11.333333333333334,10.333333333333334,0.0,True,4.0,10.933333333333334,1,Returning
CUST_01284,1,83.55,10.0,10.0,19.7,True,2.0,10.0,2,Returning
CUST_01285,3,3170.42,14.333333333333334,9.333333333333334,0.0,True,3.6666666666666665,12.333333333333334,1,Returning
CUST_01286,2,437.67999999999995,17.5,8.0,0.0,True,3.0,13.7,2,Returning
CUST_01287,1,553.93,12.0,11.0,36.52,True,4.0,11.6,1,Returning
CUST_01288,2,620.99,17.5,8.0,0.0,True,2.5,13.7,2,Returning
CUST_01289,2,801.52,13.5,9.5,0.0,True,4.0,11.9,1,Returning
CUST_01290,1,102.26,21.0,7.0,0.0,True,2.0,15.4,2,Returning
CUST_01291,3,4156.97,11.0,7.666666666666667,506.71,True,4.0,9.666666666666666,1,Returning
CUST_01292,2,1621.13,18.0,10.5,186.16,True,4.5,15.0,3,Returning
CUST_01293,3,3366.94,18.0,10.333333333333334,690.96,True,4.666666666666667,14.933333333333334,3,Returning
CUST_01294,6,3998.36,13.666666666666666,8.333333333333334,144.57,True,4.166666666666667,11.533333333333333,4,Returning
CUST_01295,8,13646.740000000002,13.5,9.0,987.84,True,4.375,11.7,4,Returning
CUST_01296,1,1482.06,15.0,6.0,0.0,True,5.0,11.4,3,Returning
CUST_01297,2,2925.8,16.5,12.0,0.0,True,4.0,14.700000000000001,3,Returning
CUST_01298,6,6446.549999999999,13.5,9.0,22.95,True,3.3333333333333335,11.7,4,Returning
CUST_01299,2,3526.92,17.0,10.5,0.0,True,2.5,14.399999999999999,2,Returning
CUST_01300,2,496.86,10.0,8.5,47.14,True,1.5,9.4,2,Returning
CUST_01301,6,7192.76,16.833333333333332,9.333333333333334,28.18,True,4.5,13.833333333333334,4,Returning
CUST_01302,3,4527.5,12.666666666666666,8.666666666666666,20.67,True,3.6666666666666665,11.066666666666666,1,Returning
CUST_01303,1,635.64,15.0,10.0,0.0,True,1.0,13.0,2,Returning
CUST_01304,8,4969.42,13.625,6.625,97.15,True,3.75,10.825,4,Returning
CUST_01305,3,845.6500000000001,14.333333333333334,12.0,40.41,True,3.6666666666666665,13.4,1,Returning
CUST_01306,4,2119.28,16.75,8.25,173.84,True,3.75,13.35,3,Returning
CUST_01307,8,22137.199999999997,15.75,8.125,223.13,True,4.5,12.7,4,Returning
CUST_01308,4,9579.73,16.0,8.0,1346.63,True,3.75,12.8,0,Returning
CUST_01309,5,3461.2200000000003,13.0,8.6,432.8,True,5.0,11.24,1,Returning
CUST_01310,2,1638.67,14.0,10.5,302.08,True,1.0,12.600000000000001,2,Returning
CUST_01311,6,5723.21,16.166666666666668,9.333333333333334,69.65,True,3.3333333333333335,13.433333333333335,4,Returning
CUST_01312,1,210.74,16.0,8.0,58.42,True,4.0,12.8,3,Returning
CUST_01313,2,563.78,18.5,9.0,58.03,True,4.5,14.7,3,Returning
CUST_01314,3,2050.41,12.666666666666666,10.0,0.0,True,3.0,11.6,2,Returning
CUST_01315,1,82.64,13.0,12.0,0.0,True,5.0,12.600000000000001,1,Returning
CUST_01316,3,4928.22,12.0,8.333333333333334,0.0,True,3.6666666666666665,10.533333333333333,1,Returning
CUST_01317,1,529.48,11.0,12.0,0.0,False,4.0,11.4,1,At Risk
CUST_01318,2,717.22,12.0,9.5,26.4,True,4.0,11.0,1,Returning
CUST_01319,5,5787.13,13.2,10.6,58.11,True,4.6,12.16,1,Returning
CUST_01320,3,11587.47,14.666666666666666,10.0,0.0,True,4.0,12.799999999999999,4,Returning
CUST_01321,2,2625.98,16.0,11.0,75.99,True,4.0,14.0,3,Returning
CUST_01322,3,9604.98,15.0,7.666666666666667,637.69,True,3.6666666666666665,12.066666666666666,4,Returning
CUST_01323,4,4033.66,15.0,10.5,0.0,True,4.0,13.2,1,Returning
CUST_01324,2,608.8699999999999,14.5,8.5,116.78999999999999,True,4.0,12.1,3,Returning
CUST_01325,4,3049.86,15.75,8.25,362.36,True,3.5,12.75,3,Returning
CUST_01326,6,3549.2799999999997,12.5,8.666666666666666,92.85,True,4.166666666666667,10.966666666666667,4,Returning
CUST_01327,5,3061.1900000000005,13.8,9.2,176.46,True,4.6,11.959999999999999,1,Returning
CUST_01328,1,1909.16,11.0,11.0,0.0,False,4.0,11.0,1,At Risk
CUST_01329,5,3380.04,14.0,8.8,272.61,True,3.6,11.920000000000002,4,Returning
CUST_01330,2,2551.3199999999997,16.0,11.0,28.21,True,3.5,14.0,2,Returning
CUST_01331,6,6788.68,15.833333333333334,9.333333333333334,346.94,True,4.5,13.233333333333334,4,Returning
CUST_01332,3,1001.42,14.333333333333334,8.333333333333334,55.620000000000005,True,4.666666666666667,11.933333333333334,1,Returning
CUST_01333,5,2094.32,16.6,11.2,0.0,True,3.8,14.440000000000001,3,Returning
CUST_01334,5,1585.1,14.4,9.8,142.75,True,4.0,12.56,1,Returning
CUST_01335,2,191.60000000000002,15.0,10.5,0.0,True,4.0,13.2,1,Returning
CUST_01336,4,1307.0900000000001,13.5,8.5,7.39,True,4.25,11.5,1,Returning
CUST_01337,2,207.70000000000002,14.5,7.0,0.0,True,4.5,11.5,3,Returning
CUST_01338,5,4388.12,13.4,9.8,411.8,True,4.8,11.959999999999999,1,Returning
CUST_01339,7,3499.9,14.714285714285714,7.142857142857143,432.2,True,3.5714285714285716,11.685714285714285,4,Returning
CUST_01340,1,132.65,18.0,9.0,30.79,False,4.0,14.399999999999999,3,At Risk
CUST_01341,1,5603.35,17.0,9.0,0.0,True,5.0,13.799999999999999,3,Returning
CUST_01342,7,8088.509999999999,12.857142857142858,10.142857142857142,315.84999999999997,True,3.4285714285714284,11.771428571428572,4,Returning
CUST_01343,1,3190.78,17.0,10.0,230.52,False,5.0,14.2,3,At Risk
CUST_01344,4,632.8,15.0,9.5,19.93,True,4.0,12.8,3,Returning
CUST_01345,2,373.09000000000003,15.0,8.0,36.23,True,4.5,12.2,3,Returning
CUST_01346,5,929.55,15.2,8.6,0.0,True,3.2,12.559999999999999,2,Returning
CUST_01347,2,1186.68,12.0,7.5,0.0,True,5.0,10.2,1,Returning
CUST_01348,4,10304.03,16.5,8.25,2035.01,True,4.5,13.200000000000001,0,Returning
CUST_01349,6,9755.32,14.833333333333334,7.5,997.8000000000001,True,3.5,11.9,4,Returning
CUST_01350,1,40.4,18.0,11.0,6.54,False,3.0,15.2,2,At Risk
CUST_01351,1,538.15,16.0,5.0,0.0,False,4.0,11.6,3,At Risk
CUST_01352,5,6989.85,16.8,9.2,0.0,True,4.0,13.76,4,Returning
CUST_01353,2,2171.58,16.5,10.5,27.19,True,3.5,14.100000000000001,3,Returning
CUST_01354,2,6429.36,15.0,9.5,438.48,True,3.5,12.8,2,Returning
CUST_01355,1,70.56,14.0,8.0,0.0,True,4.0,11.600000000000001,1,Returning
CUST_01356,2,490.53999999999996,12.0,10.5,0.0,True,3.5,11.399999999999999,1,Returning
CUST_01357,3,1811.31,14.333333333333334,7.333333333333333,150.38,True,4.333333333333333,11.533333333333333,3,Returning
CUST_01358,5,3868.4,13.6,10.4,29.01,True,4.0,12.32,1,Returning
CUST_01359,1,3080.41,17.0,8.0,369.44,False,5.0,13.399999999999999,3,At Risk
CUST_01360,2,585.3199999999999,13.0,7.0,0.0,True,3.5,10.6,2,Returning
CUST_01361,3,1070.01,16.0,10.0,42.01,True,4.666666666666667,13.6,3,Returning
CUST_01362,7,3255.2400000000002,13.571428571428571,8.857142857142858,344.12,True,3.142857142857143,11.685714285714285,4,Returning
CUST_01363,3,3501.62,13.666666666666666,9.0,717.54,True,4.666666666666667,11.799999999999999,1,Returning
CUST_01364,1,245.86,17.0,5.0,0.0,False,4.0,12.2,3,At Risk
CUST_01365,8,10484.18,13.0,9.125,1140.8200000000002,True,4.0,11.45,4,Returning
CUST_01366,1,4091.43,13.0,7.0,1014.05,True,3.0,10.6,2,Returning
CUST_01367,2,1184.6,12.0,9.5,58.28,True,2.0,11.0,2,Returning
CUST_01368,3,1740.45,15.0,9.333333333333334,9.44,True,4.666666666666667,12.733333333333334,3,Returning
CUST_01369,1,22.22,11.0,12.0,3.97,True,5.0,11.4,1,Returning
CUST_01370,4,18439.08,14.5,8.5,343.85,True,4.0,12.1,4,Returning
CUST_01371,8,27115.530000000002,15.125,10.125,59.06,True,3.375,13.125,4,Returning
CUST_01372,10,5608.4,13.8,9.4,133.72,True,3.9,12.04,4,Returning
CUST_01373,2,1717.58,13.0,5.0,191.94,True,3.0,9.8,2,Returning
CUST_01374,4,2770.62,13.25,10.5,33.21,True,3.75,12.149999999999999,1,Returning
CUST_01375,2,1575.63,16.5,10.5,138.73,True,3.5,14.100000000000001,3,Returning
CUST_01376,4,3407.52,18.0,9.5,404.98,True,3.75,14.6,3,Returning
CUST_01377,2,1927.44,18.5,6.5,0.0,True,4.5,13.7,3,Returning
CUST_01378,1,2132.85,13.0,10.0,0.0,True,4.0,11.8,1,Returning
CUST_01379,1,31.53,18.0,9.0,7.13,False,5.0,14.399999999999999,3,At Risk
CUST_01380,1,523.25,14.0,11.0,0.0,False,4.0,12.8,1,At Risk
CUST_01381,2,1478.43,9.5,7.5,40.46,True,3.5,8.7,1,Returning
CUST_01382,6,8450.95,13.0,9.666666666666666,1283.33,True,3.8333333333333335,11.666666666666666,0,Returning
CUST_01383,7,21058.02,14.142857142857142,7.857142857142857,1306.61,True,4.571428571428571,11.628571428571428,0,Returning
CUST_01384,5,2228.4700000000003,15.0,7.6,79.09,True,3.0,12.04,2,Returning
CUST_01385,1,528.73,15.0,11.0,0.0,True,4.0,13.4,1,Returning
CUST_01386,3,872.75,14.0,9.0,0.0,True,4.0,12.0,1,Returning
CUST_01387,5,8892.11,16.4,10.2,764.49,True,3.8,13.919999999999998,4,Returning
CUST_01388,6,948.48,14.666666666666666,8.833333333333334,24.1,True,4.0,12.333333333333332,4,Returning
CUST_01389,3,3648.79,10.333333333333334,10.333333333333334,0.0,True,2.0,10.333333333333334,2,Returning
CUST_01390,2,2172.9900000000002,11.5,9.0,477.26,True,4.0,10.5,1,Returning
CUST_01391,1,6578.58,17.0,11.0,0.0,True,5.0,14.6,3,Returning
CUST_01392,1,234.5,14.0,8.0,0.0,True,5.0,11.600000000000001,1,Returning
CUST_01393,5,4446.15,13.2,8.6,4.07,True,4.0,11.36,4,Returning
CUST_01394,1,1199.06,13.0,8.0,0.0,False,4.0,11.0,1,At Risk
CUST_01395,8,5492.36,14.0,9.25,327.85,True,3.375,12.100000000000001,4,Returning
CUST_01396,1,6791.8,15.0,12.0,0.0,True,4.0,13.8,1,Returning
CUST_01397,3,472.3,15.333333333333334,8.0,3.25,True,4.0,12.399999999999999,3,Returning
CUST_01398,3,3893.14,15.666666666666666,7.666666666666667,48.46,True,4.666666666666667,12.466666666666665,3,Returning
CUST_01399,1,18284.96,19.0,8.0,0.0,True,4.0,14.600000000000001,3,Returning
CUST_01400,2,1231.53,15.5,7.0,0.0,True,3.5,12.1,3,Returning
CUST_01401,2,2501.35,11.0,7.0,492.42999999999995,True,4.0,9.4,1,Returning
CUST_01402,5,2071.56,14.2,8.6,104.36000000000001,True,2.4,11.959999999999999,2,Returning
CUST_01403,6,8960.65,14.166666666666666,8.5,204.71,True,4.333333333333333,11.9,4,Returning
CUST_01404,4,1075.62,15.0,10.25,0.0,True,3.75,13.100000000000001,1,Returning
CUST_01405,7,6262.28,12.142857142857142,9.714285714285714,56.72,True,4.142857142857143,11.17142857142857,4,Returning
CUST_01406,1,150.74,20.0,11.0,0.0,False,4.0,16.4,3,At Risk
CUST_01407,1,215.35,19.0,9.0,0.0,True,5.0,15.0,3,Returning
CUST_01408,2,259.19,15.0,9.0,62.57,True,2.5,12.6,2,Returning
CUST_01409,3,1401.1299999999999,13.0,8.666666666666666,28.55,True,5.0,11.266666666666666,1,Returning
CUST_01410,3,3625.22,15.333333333333334,9.0,318.84,True,3.3333333333333335,12.799999999999999,2,Returning
CUST_01411,1,231.47,12.0,11.0,60.57,True,4.0,11.6,1,Returning
CUST_01412,1,318.66,16.0,7.0,0.0,True,4.0,12.4,3,Returning
CUST_01413,1,509.76,12.0,10.0,0.0,False,4.0,11.2,1,At Risk
CUST_01414,2,4118.24,13.0,6.5,408.06,True,4.0,10.4,1,Returning
CUST_01415,3,1446.59,12.0,10.666666666666666,0.0,True,3.3333333333333335,11.466666666666665,1,Returning
CUST_01416,2,1557.46,17.0,9.0,22.5,True,4.0,13.799999999999999,3,Returning
CUST_01417,2,871.5699999999999,14.0,9.5,24.79,True,4.5,12.200000000000001,1,Returning
CUST_01418,6,15000.19,13.166666666666666,8.833333333333334,18.54,True,3.8333333333333335,11.433333333333334,4,Returning
CUST_01419,5,8632.880000000001,16.0,9.8,0.0,True,4.6,13.52,4,Returning
CUST_01420,5,4002.37,13.6,7.8,616.76,True,3.8,11.280000000000001,4,Returning
CUST_01421,6,6993.9,14.333333333333334,8.833333333333334,146.59,True,4.333333333333333,12.133333333333333,4,Returning
CUST_01422,2,415.9,16.0,13.5,48.67,True,3.5,15.0,2,Returning
CUST_01423,6,5107.13,13.666666666666666,9.333333333333334,52.88,True,3.0,11.933333333333334,4,Returning
CUST_01424,3,929.06,13.666666666666666,11.666666666666666,0.0,True,4.666666666666667,12.866666666666667,1,Returning
CUST_01425,4,1545.95,13.0,10.25,178.73000000000002,True,4.0,11.9,1,Returning
CUST_01426,1,918.48,15.0,9.0,48.42,True,4.0,12.6,3,Returning
CUST_01427,3,991.8199999999999,16.666666666666668,9.0,127.86,True,3.3333333333333335,13.6,3,Returning
CUST_01428,2,2357.57,13.0,12.5,112.58,True,5.0,12.8,1,Returning
CUST_01429,5,6503.9400000000005,15.6,9.2,10.5,True,4.6,13.04,4,Returning
CUST_01430,2,1417.3,18.5,10.5,0.0,True,4.0,15.3,3,Returning
CUST_01431,1,334.55,18.0,12.0,34.27,True,5.0,15.6,3,Returning
CUST_01432,9,11880.29,14.444444444444445,9.0,586.76,True,4.222222222222222,12.266666666666666,4,Returning
CUST_01433,3,2774.3599999999997,14.666666666666666,6.666666666666667,16.04,True,4.0,11.466666666666665,3,Returning
CUST_01434,1,326.34,17.0,6.0,0.0,True,4.0,12.6,3,Returning
CUST_01435,10,16104.31,13.8,9.7,875.47,True,4.2,12.16,4,Returning
CUST_01436,6,3939.0699999999997,14.333333333333334,8.5,144.7,True,3.3333333333333335,12.0,4,Returning
CUST_01437,3,3863.36,15.333333333333334,9.666666666666666,22.54,True,4.666666666666667,13.066666666666666,3,Returning
CUST_01438,4,1393.44,13.0,9.5,15.91,True,3.5,11.6,1,Returning
CUST_01439,1,81.82,17.0,12.0,9.2,False,5.0,15.0,3,At Risk
CUST_01440,2,1947.9299999999998,9.5,7.5,96.11,True,2.5,8.7,2,Returning
CUST_01441,1,166.42,12.0,12.0,18.12,True,5.0,12.0,1,Returning
CUST_01442,2,2354.32,16.0,8.0,0.0,True,4.5,12.8,3,Returning
CUST_01443,6,10539.84,14.833333333333334,8.833333333333334,20.58,True,4.166666666666667,12.433333333333334,4,Returning
CUST_01444,4,20730.11,12.25,9.75,0.0,True,4.25,11.25,4,Returning
CUST_01445,3,1853.96,14.666666666666666,10.0,16.61,True,3.6666666666666665,12.799999999999999,1,Returning
CUST_01446,2,790.8599999999999,13.5,9.0,17.23,True,2.5,11.7,2,Returning
CUST_01447,1,2966.42,12.0,8.0,826.96,True,5.0,10.399999999999999,1,Returning
CUST_01448,2,5563.580000000001,13.5,10.0,16.68,True,2.5,12.1,2,Returning
CUST_01449,4,4170.139999999999,13.75,9.5,10.99,True,3.75,12.05,1,Returning
CUST_01450,1,292.9,13.0,10.0,0.0,True,3.0,11.8,2,Returning
CUST_01451,1,3346.95,13.0,9.0,0.0,True,5.0,11.4,1,Returning
CUST_01452,2,2110.1,14.5,10.0,45.76,True,4.0,12.7,1,Returning
CUST_01453,1,395.33,15.0,6.0,86.63,True,4.0,11.4,3,Returning
CUST_01454,5,2823.9399999999996,15.4,11.0,72.54,True,3.8,13.64,4,Returning
CUST_01455,7,4651.17,13.142857142857142,9.714285714285714,507.33,True,4.285714285714286,11.77142857142857,4,Returning
CUST_01456,4,5940.030000000001,14.5,9.25,371.19,True,4.25,12.399999999999999,4,Returning
CUST_01457,2,308.15999999999997,15.0,9.0,32.29,True,3.0,12.6,2,Returning
CUST_01458,4,2035.49,13.5,9.75,396.61,True,4.0,12.0,1,Returning
CUST_01459,3,2211.5499999999997,15.0,10.666666666666666,394.56,True,3.3333333333333335,13.266666666666666,2,Returning
CUST_01460,4,6088.59,15.75,8.75,139.91,True,4.5,12.95,3,Returning
CUST_01461,5,1625.55,13.8,8.6,176.23,True,3.0,11.719999999999999,2,Returning
CUST_01462,4,5477.99,13.25,10.0,481.66,True,4.25,11.95,1,Returning
CUST_01463,4,2776.41,15.0,7.75,217.95,True,4.25,12.1,3,Returning
CUST_01464,4,1651.7,11.75,10.0,278.02,True,3.25,11.05,1,Returning
CUST_01465,8,7067.679999999999,16.125,9.5,62.02,True,4.0,13.475,4,Returning
CUST_01466,8,8267.77,15.75,8.0,1220.66,True,3.375,12.649999999999999,4,Returning
CUST_01467,3,1869.72,16.666666666666668,8.333333333333334,0.0,True,2.6666666666666665,13.333333333333334,2,Returning
CUST_01468,2,2380.17,14.5,11.5,138.34,True,4.0,13.3,1,Returning
CUST_01469,4,1433.66,16.25,9.0,12.38,True,3.75,13.35,3,Returning
CUST_01470,2,720.8599999999999,16.0,11.0,73.94,True,4.5,14.0,3,Returning
CUST_01471,5,10199.11,14.2,10.4,619.9,True,4.8,12.68,4,Returning
CUST_01472,3,1183.6000000000001,14.333333333333334,8.333333333333334,0.0,True,4.0,11.933333333333334,3,Returning
CUST_01473,3,6089.57,12.666666666666666,8.0,793.33,True,4.333333333333333,10.8,1,Returning
CUST_01474,4,9824.49,14.5,10.75,1350.03,True,4.0,13.0,0,Returning
CUST_01475,2,365.21,16.0,11.0,10.75,True,4.5,14.0,3,Returning
CUST_01476,1,126.99,13.0,8.0,20.87,True,1.0,11.0,2,Returning
CUST_01477,6,3412.38,17.833333333333332,9.0,192.15,True,4.833333333333333,14.299999999999999,3,Returning
CUST_01478,5,12583.589999999998,14.6,8.0,0.0,True,4.4,11.96,4,Returning
CUST_01479,2,1745.14,12.5,7.5,0.0,True,4.5,10.5,1,Returning
CUST_01480,1,217.8,17.0,8.0,0.0,True,5.0,13.399999999999999,3,Returning
CUST_01481,4,3892.26,13.75,9.25,456.71999999999997,True,2.25,11.95,2,Returning
CUST_01482,10,10514.45,14.3,9.6,978.8000000000001,True,3.7,12.42,4,Returning
CUST_01483,4,11137.53,16.5,10.0,0.0,True,3.5,13.9,4,Returning
CUST_01484,7,4800.33,12.285714285714286,10.714285714285714,515.49,True,4.0,11.657142857142858,4,Returning
CUST_01485,1,146.1,10.0,8.0,0.0,True,3.0,9.2,2,Returning
CUST_01486,6,4082.75,14.333333333333334,9.333333333333334,0.0,True,4.0,12.333333333333334,4,Returning
CUST_01487,2,3143.6499999999996,13.0,11.0,392.13,True,4.5,12.2,1,Returning
CUST_01488,2,660.61,15.0,7.5,70.64,True,3.0,12.0,2,Returning
CUST_01489,3,3836.8999999999996,17.333333333333332,10.333333333333334,180.9,True,4.0,14.533333333333331,3,Returning
CUST_01490,2,862.24,16.5,8.0,178.26,True,3.0,13.100000000000001,2,Returning
CUST_01491,4,1380.67,16.0,7.25,0.0,True,4.5,12.5,3,Returning
CUST_01492,1,282.83,14.0,8.0,16.58,True,4.0,11.600000000000001,1,Returning
CUST_01493,6,4541.6,14.0,9.666666666666666,384.59000000000003,True,4.333333333333333,12.266666666666667,4,Returning
CUST_01494,4,2868.2599999999998,16.25,10.25,236.5,True,4.5,13.850000000000001,3,Returning
CUST_01495,3,1561.8000000000002,12.666666666666666,8.666666666666666,152.43,True,3.0,11.066666666666666,2,Returning
CUST_01496,2,856.43,13.0,5.0,0.0,True,5.0,9.8,3,Returning
CUST_01497,1,186.22,17.0,10.0,33.14,False,3.0,14.2,2,At Risk
CUST_01498,2,20402.25,16.0,9.5,1453.47,True,4.5,13.4,0,Returning
CUST_01499,1,127.11,14.0,6.0,20.47,True,2.0,10.8,2,Returning
CUST_01500,5,4071.25,14.2,8.8,597.45,True,4.4,12.04,4,Returning
CUST_01501,1,487.98,14.0,15.0,0.0,False,5.0,14.4,1,At Risk
CUST_01502,3,3689.4300000000003,13.333333333333334,7.333333333333333,181.16,True,4.666666666666667,10.933333333333334,1,Returning
CUST_01503,5,2441.6899999999996,14.6,8.2,90.44000000000001,True,4.4,12.04,3,Returning
CUST_01504,6,8593.95,13.5,7.0,332.07,True,4.833333333333333,10.9,4,Returning
CUST_01505,5,12241.81,14.0,10.2,1234.15,True,3.6,12.48,0,Returning
CUST_01506,5,3661.89,14.0,9.0,232.85,True,3.8,12.0,4,Returning
CUST_01507,3,4019.58,17.333333333333332,9.666666666666666,555.23,True,4.333333333333333,14.266666666666666,3,Returning
CUST_01508,8,14331.91,14.375,8.5,273.73,True,3.0,12.025,4,Returning
CUST_01509,9,18795.72,13.666666666666666,9.333333333333334,1153.04,True,3.5555555555555554,11.933333333333334,0,Returning
CUST_01510,2,994.05,16.0,7.0,40.64,True,3.5,12.4,3,Returning
CUST_01511,8,15765.400000000001,16.125,8.875,415.6,True,3.5,13.225,4,Returning
CUST_01512,2,202.8,13.5,9.0,0.0,True,4.0,11.7,1,Returning
CUST_01513,8,11739.64,14.25,7.625,249.0,True,3.75,11.6,4,Returning
CUST_01514,2,630.62,11.5,10.0,75.37,True,3.5,10.899999999999999,1,Returning
CUST_01515,2,1039.1399999999999,15.0,8.0,0.0,True,4.0,12.2,3,Returning
CUST_01516,1,7340.28,18.0,6.0,1507.52,True,5.0,13.2,3,Returning
CUST_01517,5,4739.74,13.8,9.2,402.67,True,4.6,11.959999999999999,4,Returning
CUST_01518,6,4960.219999999999,15.666666666666666,6.833333333333333,555.38,True,3.1666666666666665,12.133333333333333,4,Returning
CUST_01519,1,338.1,17.0,7.0,0.0,False,3.0,13.0,2,At Risk
CUST_01520,3,5010.21,14.333333333333334,8.666666666666666,1143.35,True,3.3333333333333335,12.066666666666666,2,Returning
CUST_01521,3,716.88,13.666666666666666,9.333333333333334,0.0,True,3.0,11.933333333333334,2,Returning
CUST_01522,3,6606.4400000000005,14.666666666666666,9.666666666666666,0.0,True,4.0,12.666666666666666,1,Returning
CUST_01523,9,4877.35,14.555555555555555,9.666666666666666,135.01,True,3.111111111111111,12.6,4,Returning
CUST_01524,4,3291.5299999999997,14.75,8.0,8.22,True,4.5,12.05,3,Returning
CUST_01525,1,143.38,18.0,10.0,39.02,True,5.0,14.799999999999999,3,Returning
CUST_01526,1,748.9,12.0,7.0,106.2,False,3.0,10.0,2,At Risk
CUST_01527,5,17642.83,13.4,7.8,913.38,True,4.2,11.16,0,Returning
CUST_01528,1,1032.57,14.0,10.0,126.63,True,3.0,12.4,2,Returning
CUST_01529,3,1392.35,13.666666666666666,8.0,0.0,True,4.666666666666667,11.399999999999999,1,Returning
CUST_01530,1,100.49,12.0,11.0,10.79,True,5.0,11.6,1,Returning
CUST_01531,3,519.39,17.0,9.666666666666666,47.72,True,3.0,14.066666666666666,2,Returning
CUST_01532,2,760.12,14.0,9.5,0.0,True,3.5,12.200000000000001,2,Returning
CUST_01533,3,2614.17,16.333333333333332,8.666666666666666,0.0,True,4.333333333333333,13.266666666666666,3,Returning
CUST_01534,1,707.97,19.0,7.0,0.0,True,4.0,14.200000000000001,3,Returning
CUST_01535,3,3368.55,12.666666666666666,10.0,145.02,True,3.0,11.6,2,Returning
CUST_01536,2,5419.69,17.0,10.5,1082.15,True,2.0,14.399999999999999,2,Returning
CUST_01537,6,12384.09,17.166666666666668,8.833333333333334,29.8,True,3.6666666666666665,13.833333333333334,4,Returning
CUST_01538,9,5426.32,15.0,9.333333333333334,227.62,True,4.0,12.733333333333334,4,Returning
CUST_01539,2,158.96,16.5,8.5,0.0,True,3.0,13.3,2,Returning
CUST_01540,1,8530.4,20.0,12.0,0.0,False,5.0,16.8,3,At Risk
CUST_01541,1,2309.4,16.0,9.0,0.0,True,5.0,13.2,3,Returning
CUST_01542,3,2485.48,12.333333333333334,9.333333333333334,117.83,True,3.6666666666666665,11.133333333333335,1,Returning
CUST_01543,3,4263.37,15.333333333333334,10.333333333333334,230.83999999999997,True,4.333333333333333,13.333333333333332,3,Returning
CUST_01544,2,1049.79,18.0,9.5,29.98,True,5.0,14.6,3,Returning
CUST_01545,2,968.9399999999999,15.0,8.5,90.6,True,3.0,12.4,2,Returning
CUST_01546,3,650.58,14.333333333333334,9.0,0.0,True,5.0,12.2,1,Returning
CUST_01547,4,3143.85,13.5,8.25,0.0,True,4.75,11.4,1,Returning
CUST_01548,8,5292.26,17.125,9.0,98.97,True,3.375,13.875,4,Returning
CUST_01549,5,13348.1,13.8,8.4,278.81,True,3.6,11.64,4,Returning
CUST_01550,2,3374.46,16.0,10.0,0.0,True,5.0,13.6,3,Returning
CUST_01551,2,3168.75,16.0,8.5,0.0,True,3.0,13.0,2,Returning
CUST_01552,3,948.63,15.333333333333334,10.0,35.51,True,4.666666666666667,13.2,3,Returning
CUST_01553,1,3179.82,17.0,10.0,0.0,True,2.0,14.2,2,Returning
CUST_01554,6,3562.77,14.833333333333334,8.5,185.17000000000002,True,4.333333333333333,12.3,4,Returning
CUST_01555,1,1663.17,12.0,12.0,0.0,False,5.0,12.0,1,At Risk
CUST_01556,2,4539.3,15.0,8.0,155.78,True,4.5,12.2,3,Returning
CUST_01557,4,6007.92,12.75,10.25,866.8100000000001,True,4.5,11.75,1,Returning
CUST_01558,5,12753.4,14.8,8.8,45.74,True,4.0,12.400000000000002,4,Returning
CUST_01559,4,2079.16,14.25,10.75,230.82999999999998,True,3.5,12.849999999999998,2,Returning
CUST_01560,8,2720.1,15.5,9.375,155.29,True,4.375,13.049999999999999,4,Returning
CUST_01561,3,15423.039999999999,14.666666666666666,12.0,0.0,True,2.0,13.6,2,Returning
CUST_01562,6,20035.94,14.5,10.166666666666666,67.27,True,4.0,12.766666666666666,4,Returning
CUST_01563,2,428.9,19.0,9.5,0.0,True,5.0,15.200000000000001,3,Returning
CUST_01564,3,3961.1800000000003,15.333333333333334,11.666666666666666,20.98,True,4.0,13.866666666666667,1,Returning
CUST_01565,3,849.6,16.666666666666668,6.666666666666667,0.0,True,3.6666666666666665,12.666666666666668,3,Returning
CUST_01566,1,2671.96,19.0,11.0,0.0,True,1.0,15.8,2,Returning
CUST_01567,3,534.26,13.0,9.0,3.91,True,5.0,11.4,1,Returning
CUST_01568,1,1778.32,17.0,12.0,0.0,True,5.0,15.0,3,Returning
CUST_01569,3,1122.94,12.666666666666666,6.666666666666667,30.84,True,3.6666666666666665,10.266666666666666,1,Returning
CUST_01570,2,11421.7,17.5,9.0,0.0,True,4.5,14.1,3,Returning
CUST_01571,4,1182.49,15.25,6.75,25.21,True,3.75,11.850000000000001,3,Returning
CUST_01572,9,8133.74,14.444444444444445,9.0,303.57,True,3.5555555555555554,12.266666666666666,4,Returning
CUST_01573,2,50628.15,15.0,11.0,0.0,True,5.0,13.4,0,Returning
CUST_01574,3,1189.93,16.666666666666668,7.666666666666667,0.0,True,4.333333333333333,13.066666666666666,3,Returning
CUST_01575,3,409.42,13.666666666666666,9.0,0.0,True,4.666666666666667,11.799999999999999,1,Returning
CUST_01576,3,10467.8,11.666666666666666,8.333333333333334,0.0,True,4.666666666666667,10.333333333333332,1,Returning
CUST_01577,7,797.35,14.285714285714286,8.428571428571429,94.15,True,3.2857142857142856,11.942857142857143,4,Returning
CUST_01578,1,16999.5,15.0,9.0,0.0,True,3.0,12.6,2,Returning
CUST_01579,10,11849.67,14.8,9.9,1621.51,True,4.2,12.840000000000002,0,Returning
CUST_01580,1,46.52,18.0,7.0,0.0,True,3.0,13.6,3,Returning
CUST_01581,2,499.25,17.0,11.5,107.02,True,5.0,14.8,3,Returning
CUST_01582,6,8717.36,14.5,9.666666666666666,1136.26,True,4.166666666666667,12.566666666666666,4,Returning
CUST_01583,1,118.92,17.0,7.0,0.0,False,5.0,13.0,3,At Risk
CUST_01584,3,1131.1299999999999,17.0,11.0,45.98,True,3.6666666666666665,14.6,3,Returning
CUST_01585,6,7779.780000000001,14.833333333333334,9.833333333333334,884.1000000000001,True,3.1666666666666665,12.833333333333334,4,Returning
CUST_01586,6,12558.11,15.666666666666666,9.0,759.68,True,4.166666666666667,12.999999999999998,4,Returning
CUST_01587,2,902.69,15.0,7.0,79.74,True,3.0,11.8,2,Returning
CUST_01588,3,1560.3300000000002,17.0,8.333333333333334,0.0,True,3.3333333333333335,13.533333333333333,3,Returning
CUST_01589,4,10523.35,14.25,7.5,1831.36,True,4.75,11.549999999999999,0,Returning
CUST_01590,2,19134.350000000002,14.5,8.5,49.2,True,4.5,12.1,4,Returning
CUST_01591,5,7479.650000000001,15.8,11.4,1440.48,True,2.6,14.040000000000001,0,Returning
CUST_01592,6,5865.1900000000005,14.166666666666666,9.166666666666666,0.0,True,4.166666666666667,12.166666666666666,4,Returning
CUST_01593,4,5333.83,12.25,9.5,89.57,True,4.0,11.15,1,Returning
CUST_01594,10,4584.62,14.3,9.8,215.48000000000002,True,4.2,12.5,4,Returning
CUST_01595,3,6014.27,14.666666666666666,8.0,294.61,True,3.6666666666666665,12.0,3,Returning
CUST_01596,2,317.64,14.5,12.0,79.28,True,3.5,13.5,1,Returning
CUST_01597,2,18121.7,12.5,7.5,699.5,True,4.0,10.5,4,Returning
CUST_01598,1,182.26,12.0,7.0,0.0,False,5.0,10.0,1,At Risk
CUST_01599,2,891.8399999999999,17.0,8.0,106.61,True,1.5,13.399999999999999,2,Returning
CUST_01600,4,16287.83,12.75,10.0,429.01,True,3.75,11.649999999999999,4,Returning
CUST_01601,1,168.53,15.0,9.0,29.58,False,5.0,12.6,3,At Risk
CUST_01602,7,1769.4299999999998,17.142857142857142,9.714285714285714,92.33,True,4.285714285714286,14.17142857142857,4,Returning
CUST_01603,2,1930.9099999999999,13.0,9.0,0.0,True,3.0,11.4,2,Returning
CUST_01604,1,5879.99,12.0,8.0,1079.73,True,5.0,10.399999999999999,1,Returning
CUST_01605,1,79.35,20.0,12.0,11.97,True,5.0,16.8,3,Returning
CUST_01606,1,391.36,19.0,7.0,0.0,False,4.0,14.200000000000001,3,At Risk
CUST_01607,3,2149.34,14.666666666666666,6.0,309.03,True,4.666666666666667,11.2,3,Returning
CUST_01608,2,159.54,13.5,11.5,0.0,True,4.5,12.7,1,Returning
CUST_01609,3,2121.0,13.333333333333334,7.666666666666667,296.12,True,3.0,11.066666666666666,2,Returning
CUST_01610,1,434.57,12.0,13.0,117.04,False,5.0,12.399999999999999,1,At Risk
CUST_01611,2,1915.44,13.0,10.0,196.48,True,4.5,11.8,1,Returning
CUST_01612,2,2238.28,16.0,10.5,21.29,True,4.5,13.8,3,Returning
CUST_01613,5,951.38,14.8,8.8,19.68,True,4.0,12.400000000000002,3,Returning
CUST_01614,5,6376.92,16.2,9.0,55.68,True,3.6,13.319999999999999,4,Returning
CUST_01615,3,1161.02,11.0,8.333333333333334,65.69,True,3.3333333333333335,9.933333333333334,1,Returning
CUST_01616,1,1143.72,11.0,7.0,0.0,True,4.0,9.4,1,Returning
CUST_01617,1,361.78,14.0,10.0,43.72,False,4.0,12.4,1,At Risk
CUST_01618,3,7114.42,17.333333333333332,11.0,969.74,True,3.6666666666666665,14.799999999999999,3,Returning
CUST_01619,1,125.76,14.0,11.0,0.0,True,5.0,12.8,1,Returning
CUST_01620,1,59.95,16.0,7.0,12.53,False,4.0,12.4,3,At Risk
CUST_01621,1,839.52,11.0,6.0,0.0,False,5.0,9.0,1,At Risk
CUST_01622,3,2881.36,13.333333333333334,7.666666666666667,87.72,True,4.0,11.066666666666666,1,Returning
CUST_01623,2,267.03,14.5,7.5,27.4,True,3.5,11.7,2,Returning
CUST_01624,6,17034.61,13.166666666666666,9.666666666666666,0.0,True,3.1666666666666665,11.766666666666666,4,Returning
CUST_01625,3,4195.55,13.666666666666666,12.333333333333334,16.869999999999997,True,3.3333333333333335,13.133333333333333,1,Returning
CUST_01626,3,3389.12,14.666666666666666,9.333333333333334,0.0,True,4.666666666666667,12.533333333333333,1,Returning
CUST_01627,2,658.7,17.0,9.5,0.0,True,5.0,14.0,3,Returning
CUST_01628,2,647.05,14.0,12.5,17.42,True,4.0,13.4,1,Returning
CUST_01629,1,220.01,14.0,12.0,37.9,True,5.0,13.200000000000001,1,Returning
CUST_01630,3,3405.15,18.333333333333332,8.0,7.16,True,3.6666666666666665,14.2,3,Returning
CUST_01631,3,3062.5200000000004,15.666666666666666,10.666666666666666,0.0,True,5.0,13.666666666666664,3,Returning
CUST_01632,4,1191.22,13.75,9.0,17.41,True,4.0,11.85,1,Returning
CUST_01633,5,13860.95,17.4,7.8,1561.02,True,3.8,13.559999999999999,0,Returning
CUST_01634,2,664.3900000000001,13.0,8.5,0.0,True,2.5,11.2,2,Returning
CUST_01635,3,7377.57,15.0,8.666666666666666,450.45,True,3.6666666666666665,12.466666666666667,4,Returning
CUST_01636,6,2506.65,14.0,9.333333333333334,451.26,True,4.166666666666667,12.133333333333335,4,Returning
CUST_01637,3,770.7,17.666666666666668,10.666666666666666,105.7,True,3.0,14.866666666666667,2,Returning
CUST_01638,2,4846.0599999999995,16.5,10.0,394.52,True,3.0,13.9,2,Returning
CUST_01639,4,1816.51,13.5,7.75,6.51,True,4.0,11.2,1,Returning
CUST_01640,5,4744.07,14.2,8.4,167.11,True,4.6,11.879999999999999,4,Returning
CUST_01641,1,297.96,13.0,8.0,0.0,False,4.0,11.0,1,At Risk
CUST_01642,5,2950.05,13.8,9.0,39.38,True,2.8,11.879999999999999,2,Returning
CUST_01643,3,540.1,16.666666666666668,9.666666666666666,0.0,True,4.0,13.866666666666667,3,Returning
CUST_01644,7,10510.86,15.0,8.0,0.0,True,3.2857142857142856,12.2,4,Returning
CUST_01645,4,1146.22,13.75,8.0,58.57,True,3.25,11.45,2,Returning
CUST_01646,1,326.45,15.0,7.0,54.51,True,5.0,11.8,3,Returning
CUST_01647,4,5173.51,15.5,7.75,315.81,True,4.75,12.399999999999999,3,Returning
CUST_01648,6,2291.05,14.666666666666666,8.166666666666666,127.7,True,2.8333333333333335,12.066666666666666,2,Returning
CUST_01649,5,1695.47,14.4,9.4,8.86,True,4.0,12.4,1,Returning
CUST_01650,3,632.5,14.333333333333334,11.333333333333334,67.3,True,3.3333333333333335,13.133333333333333,2,Returning
CUST_01651,7,9925.92,12.142857142857142,9.571428571428571,1005.51,True,3.7142857142857144,11.114285714285714,4,Returning
CUST_01652,2,5755.41,11.5,9.0,1432.87,True,4.5,10.5,1,Returning
CUST_01653,2,3891.2599999999998,11.5,10.0,263.98,True,4.0,10.899999999999999,1,Returning
CUST_01654,1,2605.35,11.0,8.0,0.0,False,4.0,9.8,1,At Risk
CUST_01655,1,425.02,12.0,12.0,0.0,False,5.0,12.0,1,At Risk
CUST_01656,5,2716.4500000000003,12.6,7.4,225.28,True,3.8,10.52,4,Returning
CUST_01657,2,236.13,13.0,7.5,51.39,True,3.0,10.8,2,Returning
CUST_01658,1,183.36,18.0,11.0,0.0,False,3.0,15.2,2,At Risk
CUST_01659,2,657.65,12.5,8.0,147.15,True,3.0,10.7,2,Returning
CUST_01660,2,3945.52,15.5,10.0,905.98,True,4.0,13.299999999999999,3,Returning
CUST_01661,2,635.1700000000001,19.5,8.5,0.0,True,5.0,15.1,3,Returning
CUST_01662,8,12941.81,16.5,8.25,489.96,True,4.375,13.200000000000001,4,Returning
CUST_01663,4,1269.99,13.5,7.5,150.82999999999998,True,4.25,11.1,1,Returning
CUST_01664,2,653.8399999999999,19.0,10.0,42.24,True,3.0,15.4,3,Returning
CUST_01665,2,785.46,16.5,10.0,158.97,True,4.0,13.9,3,Returning
CUST_01666,2,481.45000000000005,17.5,7.0,47.22,True,4.0,13.3,3,Returning
CUST_01667,4,8014.280000000001,15.25,8.75,855.74,True,3.5,12.65,4,Returning
CUST_01668,3,3063.41,16.333333333333332,8.333333333333334,338.38,True,3.3333333333333335,13.133333333333333,3,Returning
CUST_01669,3,11876.57,13.0,7.333333333333333,0.0,True,4.333333333333333,10.733333333333334,4,Returning
CUST_01670,2,922.0200000000001,17.0,8.5,0.0,True,3.5,13.6,3,Returning
CUST_01671,4,4361.99,14.0,10.25,323.81,True,4.0,12.5,1,Returning
CUST_01672,5,13805.449999999999,13.8,10.0,0.0,True,3.8,12.28,4,Returning
CUST_01673,8,15520.9,13.125,8.875,0.0,True,3.25,11.425,4,Returning
CUST_01674,1,2887.12,15.0,6.0,646.0,True,4.0,11.4,3,Returning
CUST_01675,2,2938.2400000000002,13.5,8.0,463.36,True,4.5,11.3,1,Returning
CUST_01676,3,15970.85,15.0,9.666666666666666,223.91,True,3.6666666666666665,12.866666666666667,4,Returning
CUST_01677,2,1475.42,15.5,7.5,391.74,True,3.5,12.299999999999999,3,Returning
CUST_01678,1,3119.14,14.0,8.0,707.57,True,3.0,11.600000000000001,2,Returning
CUST_01679,2,9139.32,12.5,6.5,0.0,True,3.5,10.1,2,Returning
CUST_01680,2,2871.64,14.5,9.0,345.61,True,3.5,12.299999999999999,2,Returning
CUST_01681,1,420.43,18.0,7.0,0.0,True,5.0,13.6,3,Returning
CUST_01682,10,6633.22,13.3,8.8,326.22,True,4.0,11.5,4,Returning
CUST_01683,1,2847.85,22.0,4.0,0.0,True,1.0,14.799999999999999,2,Returning
CUST_01684,3,773.47,18.333333333333332,8.0,13.2,True,4.333333333333333,14.2,3,Returning
CUST_01685,3,3825.6499999999996,15.333333333333334,8.333333333333334,0.0,True,4.666666666666667,12.533333333333333,3,Returning
CUST_01686,3,625.06,14.666666666666666,9.0,11.8,True,4.0,12.399999999999999,3,Returning
CUST_01687,4,6368.79,16.5,9.5,0.0,True,3.75,13.700000000000001,3,Returning
CUST_01688,3,540.72,12.333333333333334,7.0,49.8,True,3.3333333333333335,10.200000000000001,2,Returning
CUST_01689,2,5705.780000000001,15.0,8.5,0.0,True,4.5,12.4,3,Returning
CUST_01690,2,1140.0300000000002,17.5,10.0,0.0,True,4.5,14.5,3,Returning
CUST_01691,4,3310.31,12.75,8.75,77.32000000000001,True,4.5,11.149999999999999,1,Returning
CUST_01692,10,8738.84,13.1,9.8,687.35,True,3.3,11.78,4,Returning
CUST_01693,5,5272.039999999999,13.4,9.8,865.59,True,4.0,11.959999999999999,4,Returning
CUST_01694,2,369.53999999999996,15.5,8.0,84.7,True,3.5,12.5,3,Returning
CUST_01695,8,4495.139999999999,15.875,9.0,185.70000000000002,True,4.125,13.125,4,Returning
CUST_01696,1,1904.65,19.0,9.0,0.0,True,4.0,15.0,3,Returning
CUST_01697,2,1136.69,11.5,10.0,252.5,True,2.0,10.899999999999999,2,Returning
CUST_01698,4,1511.6200000000003,16.75,9.75,173.97,True,4.5,13.95,3,Returning
CUST_01699,3,11059.220000000001,17.666666666666668,8.0,1800.96,True,3.3333333333333335,13.8,0,Returning
CUST_01700,2,12536.23,11.5,10.5,0.0,True,3.5,11.1,1,Returning
CUST_01701,5,3795.5500000000006,14.8,6.8,75.59,True,4.4,11.600000000000001,3,Returning
CUST_01702,2,3934.92,16.5,8.5,714.05,True,4.0,13.3,3,Returning
CUST_01703,3,1149.1499999999999,15.333333333333334,8.666666666666666,0.0,True,5.0,12.666666666666666,3,Returning
CUST_01704,4,845.55,13.25,8.0,33.04,True,3.5,11.149999999999999,2,Returning
CUST_01705,1,96.92,7.0,8.0,0.0,False,4.0,7.4,1,At Risk
CUST_01706,1,365.58,18.0,11.0,22.42,True,2.0,15.2,2,Returning
CUST_01707,6,4351.96,13.0,8.833333333333334,0.0,True,4.333333333333333,11.333333333333334,4,Returning
CUST_01708,2,3712.06,17.0,9.5,326.8,True,5.0,14.0,3,Returning
CUST_01709,2,863.3299999999999,17.0,13.5,20.0,True,4.0,15.6,3,Returning
CUST_01710,3,591.7,17.0,7.0,0.0,True,4.0,13.0,3,Returning
CUST_01711,4,10336.96,15.0,9.5,29.03,True,3.0,12.8,4,Returning
CUST_01712,2,1171.6100000000001,13.5,11.5,15.37,True,5.0,12.7,1,Returning
CUST_01713,1,77.24,11.0,9.0,0.0,True,1.0,10.2,2,Returning
CUST_01714,5,1541.78,15.2,9.4,33.38,True,3.8,12.879999999999999,4,Returning
CUST_01715,1,9509.56,15.0,11.0,0.0,True,5.0,13.4,1,Returning
CUST_01716,1,849.93,15.0,8.0,0.0,True,3.0,12.2,2,Returning
CUST_01717,3,5408.92,14.666666666666666,6.333333333333333,852.72,True,3.6666666666666665,11.333333333333332,3,Returning
CUST_01718,1,75.78,13.0,7.0,16.04,True,4.0,10.6,1,Returning
CUST_01719,2,11182.01,16.5,7.0,1856.32,True,4.5,12.700000000000001,0,Returning
CUST_01720,6,7092.41,15.166666666666666,10.333333333333334,62.31,True,3.1666666666666665,13.233333333333334,4,Returning
CUST_01721,2,427.77,14.5,10.5,31.45,True,4.0,12.899999999999999,1,Returning
CUST_01722,1,126.04,9.0,14.0,25.04,False,5.0,11.0,1,At Risk
CUST_01723,2,922.4200000000001,13.5,6.5,0.0,True,3.5,10.7,2,Returning
CUST_01724,2,234.20999999999998,14.5,7.5,51.99,True,4.5,11.7,3,Returning
CUST_01725,4,3293.03,14.75,8.25,95.71,True,3.5,12.15,2,Returning
CUST_01726,3,4887.759999999999,17.666666666666668,8.666666666666666,660.1,True,2.6666666666666665,14.066666666666666,2,Returning
CUST_01727,6,7457.889999999999,13.0,7.666666666666667,93.78,True,3.3333333333333335,10.866666666666667,4,Returning
CUST_01728,3,3187.34,11.666666666666666,8.666666666666666,29.27,True,3.3333333333333335,10.466666666666665,1,Returning
CUST_01729,1,252.29,16.0,15.0,42.66,True,3.0,15.6,2,Returning
CUST_01730,1,801.42,16.0,7.0,0.0,False,1.0,12.4,2,At Risk
CUST_01731,5,4477.55,13.6,9.0,68.18,True,3.8,11.76,4,Returning
CUST_01732,1,1450.22,8.0,6.0,0.0,True,4.0,7.2,1,Returning
CUST_01733,6,7897.490000000001,14.0,7.666666666666667,548.39,True,3.8333333333333335,11.466666666666667,4,Returning
CUST_01734,8,6154.68,14.625,9.875,246.85,True,3.625,12.725000000000001,4,Returning
CUST_01735,2,1416.12,13.5,10.0,290.33,True,3.5,12.1,1,Returning
CUST_01736,3,689.7,16.333333333333332,7.333333333333333,46.51,True,4.0,12.733333333333333,3,Returning
CUST_01737,2,836.49,14.5,7.0,132.85,True,3.5,11.5,2,Returning
CUST_01738,6,4728.26,13.833333333333334,9.666666666666666,234.74,True,4.166666666666667,12.166666666666668,4,Returning
CUST_01739,3,3012.4700000000003,14.333333333333334,9.333333333333334,111.36,True,3.6666666666666665,12.333333333333334,1,Returning
CUST_01740,3,4321.8,17.0,7.333333333333333,477.25,True,3.3333333333333335,13.133333333333333,3,Returning
CUST_01741,1,268.4,16.0,7.0,0.0,True,3.0,12.4,2,Returning
CUST_01742,9,6804.28,14.666666666666666,10.777777777777779,928.1599999999999,True,4.111111111111111,13.11111111111111,4,Returning
CUST_01743,2,3498.17,16.5,8.0,555.79,True,4.5,13.100000000000001,3,Returning
CUST_01744,10,4478.59,13.2,8.5,408.33,True,3.7,11.32,4,Returning
CUST_01745,2,1946.0600000000002,16.0,7.5,265.86,True,4.5,12.6,3,Returning
CUST_01746,3,5042.94,17.333333333333332,10.0,0.0,True,4.333333333333333,14.399999999999999,3,Returning
CUST_01747,1,138.41,13.0,11.0,24.79,False,2.0,12.2,2,At Risk
CUST_01748,6,4439.01,14.5,10.166666666666666,909.39,True,4.166666666666667,12.766666666666666,4,Returning
CUST_01749,4,5097.71,14.5,9.25,109.53,True,3.75,12.399999999999999,4,Returning
CUST_01750,4,1646.36,11.5,8.5,26.29,True,3.75,10.3,1,Returning
CUST_01751,1,134.7,16.0,11.0,25.35,True,1.0,14.0,2,Returning
CUST_01752,3,1854.7200000000003,14.333333333333334,9.0,131.95999999999998,True,4.0,12.2,1,Returning
CUST_01753,7,9302.449999999999,14.285714285714286,9.857142857142858,621.57,True,3.2857142857142856,12.514285714285714,4,Returning
CUST_01754,3,685.21,12.666666666666666,10.0,0.0,True,3.0,11.6,2,Returning
CUST_01755,2,351.52,14.5,10.0,80.7,True,5.0,12.7,1,Returning
CUST_01756,3,11843.630000000001,12.333333333333334,8.666666666666666,719.78,True,5.0,10.866666666666667,1,Returning
CUST_01757,1,610.62,15.0,11.0,36.53,True,5.0,13.4,1,Returning
CUST_01758,5,5818.46,15.4,9.0,1034.8899999999999,True,3.2,12.84,4,Returning
CUST_01759,5,3109.86,15.6,8.2,302.37,True,3.4,12.639999999999999,4,Returning
CUST_01760,4,7152.14,15.25,9.5,435.89,True,4.75,12.950000000000001,4,Returning
CUST_01761,6,6538.05,12.833333333333334,9.0,335.8,True,3.1666666666666665,11.3,4,Returning
CUST_01762,3,532.27,17.0,8.666666666666666,54.22,True,4.0,13.666666666666666,3,Returning
CUST_01763,1,501.75,13.0,12.0,0.0,False,2.0,12.600000000000001,2,At Risk
CUST_01764,1,65.48,13.0,13.0,0.0,True,5.0,13.0,1,Returning
CUST_01765,2,1099.75,14.0,6.0,0.0,True,3.0,10.8,2,Returning
CUST_01766,2,555.12,14.5,9.0,0.0,True,2.0,12.299999999999999,2,Returning
CUST_01767,2,1294.1799999999998,15.5,5.5,0.0,True,3.5,11.5,3,Returning
CUST_01768,4,2047.75,13.25,10.5,0.0,True,4.75,12.149999999999999,1,Returning
CUST_01769,1,58.04,15.0,9.0,0.0,True,5.0,12.6,3,Returning
CUST_01770,2,269.15,17.0,10.5,0.0,True,4.0,14.399999999999999,3,Returning
CUST_01771,2,807.09,17.5,8.0,0.0,True,5.0,13.7,3,Returning
CUST_01772,4,1522.55,15.75,10.75,144.29000000000002,True,3.5,13.75,2,Returning
CUST_01773,2,994.44,12.0,9.0,10.34,True,4.0,10.799999999999999,1,Returning
CUST_01774,3,544.72,14.666666666666666,7.666666666666667,8.24,True,4.0,11.866666666666665,3,Returning
CUST_01775,5,3149.23,14.2,9.4,60.8,True,4.0,12.28,4,Returning
CUST_01776,10,6268.67,13.4,9.5,404.10999999999996,True,4.2,11.84,4,Returning
CUST_01777,3,3794.4,14.666666666666666,9.333333333333334,650.71,True,4.666666666666667,12.533333333333333,1,Returning
CUST_01778,1,224.0,15.0,11.0,0.0,False,3.0,13.4,2,At Risk
CUST_01779,6,8006.74,14.0,9.166666666666666,25.619999999999997,True,3.0,12.066666666666666,4,Returning
CUST_01780,3,949.04,15.666666666666666,10.0,143.85,True,4.666666666666667,13.399999999999999,3,Returning
CUST_01781,7,6501.05,13.428571428571429,9.571428571428571,15.23,True,4.0,11.885714285714286,4,Returning
CUST_01782,7,4976.92,14.428571428571429,8.571428571428571,56.019999999999996,True,3.7142857142857144,12.085714285714285,4,Returning
CUST_01783,3,4207.53,13.333333333333334,8.0,0.0,True,4.666666666666667,11.2,1,Returning
CUST_01784,3,1750.01,13.0,9.0,55.45,True,3.6666666666666665,11.4,1,Returning
CUST_01785,7,18620.87,15.428571428571429,10.142857142857142,82.21,True,4.142857142857143,13.314285714285713,4,Returning
CUST_01786,5,1436.2,14.8,9.0,30.51,True,3.4,12.48,2,Returning
CUST_01787,10,11068.92,16.6,8.2,483.39,True,3.7,13.24,4,Returning
CUST_01788,1,177.04,14.0,6.0,0.0,True,5.0,10.8,3,Returning
CUST_01789,1,107.2,18.0,10.0,0.0,False,5.0,14.799999999999999,3,At Risk
CUST_01790,2,7756.98,14.5,8.5,450.87,True,4.5,12.1,3,Returning
CUST_01791,2,5491.08,17.0,6.0,576.28,True,2.5,12.6,2,Returning
CUST_01792,2,4042.25,14.5,8.5,553.13,True,4.5,12.1,3,Returning
CUST_01793,1,242.32,13.0,6.0,0.0,False,5.0,10.2,1,At Risk
CUST_01794,2,4148.67,13.5,7.5,206.79,True,3.0,11.1,2,Returning
CUST_01795,1,1277.01,17.0,7.0,0.0,True,5.0,13.0,3,Returning
CUST_01796,6,10010.659999999998,12.833333333333334,10.166666666666666,79.41,True,3.6666666666666665,11.766666666666666,4,Returning
CUST_01797,1,1531.8,11.0,4.0,0.0,True,5.0,8.2,1,Returning
CUST_01798,4,3683.0600000000004,13.25,9.25,8.39,True,4.75,11.649999999999999,1,Returning
CUST_01799,1,478.5,11.0,10.0,0.0,True,3.0,10.6,2,Returning
CUST_01800,5,5610.5599999999995,15.0,8.2,101.05,True,4.6,12.28,4,Returning
CUST_01801,2,5375.01,13.0,6.0,0.0,True,3.5,10.2,2,Returning
CUST_01802,2,2454.27,14.5,5.5,0.0,True,4.0,10.899999999999999,3,Returning
CUST_01803,2,209.64000000000001,15.0,11.5,41.059999999999995,True,3.0,13.600000000000001,2,Returning
CUST_01804,3,11926.81,15.333333333333334,7.0,738.39,True,4.0,12.0,4,Returning
CUST_01805,4,2259.84,13.0,11.25,31.59,True,3.25,12.3,2,Returning
CUST_01806,3,5931.88,13.333333333333334,10.0,0.0,True,4.0,12.0,1,Returning
CUST_01807,3,684.36,16.333333333333332,8.666666666666666,92.61,True,4.333333333333333,13.266666666666666,3,Returning
CUST_01808,4,2035.0100000000002,17.0,8.25,244.22,True,4.25,13.5,3,Returning
CUST_01809,2,1129.9299999999998,14.5,9.5,10.61,True,4.0,12.5,1,Returning
CUST_01810,2,1654.19,16.0,6.5,188.59,True,1.5,12.2,2,Returning
CUST_01811,3,3715.19,14.666666666666666,8.333333333333334,0.0,True,4.333333333333333,12.133333333333333,3,Returning
CUST_01812,4,6708.21,12.75,9.5,759.22,True,4.25,11.45,4,Returning
CUST_01813,5,3249.46,18.6,10.8,606.45,True,4.6,15.48,3,Returning
CUST_01814,2,1177.6599999999999,16.5,9.5,37.85,True,4.0,13.700000000000001,3,Returning
CUST_01815,1,278.26,15.0,8.0,24.2,True,4.0,12.2,3,Returning
CUST_01816,9,36557.270000000004,14.333333333333334,8.666666666666666,7492.34,True,4.444444444444445,12.066666666666666,0,Returning
CUST_01817,4,2925.05,12.5,10.0,633.82,True,3.75,11.5,1,Returning
CUST_01818,3,5081.17,16.0,11.333333333333334,0.0,True,3.3333333333333335,14.133333333333333,2,Returning
CUST_01819,2,578.91,14.0,7.5,18.85,True,3.0,11.4,2,Returning
CUST_01820,6,3652.6,16.0,9.5,165.4,True,3.5,13.4,4,Returning
CUST_01821,3,1485.25,16.666666666666668,9.666666666666666,49.4,True,4.666666666666667,13.866666666666667,3,Returning
CUST_01822,3,5681.09,13.666666666666666,9.666666666666666,0.0,True,2.0,12.066666666666666,2,Returning
CUST_01823,2,644.52,14.0,10.0,0.0,True,3.0,12.4,2,Returning
CUST_01824,3,1282.33,17.333333333333332,10.0,62.76,True,4.0,14.399999999999999,3,Returning
CUST_01825,1,1085.45,15.0,9.0,0.0,True,4.0,12.6,3,Returning
CUST_01826,2,984.82,14.0,10.0,162.16,True,5.0,12.4,1,Returning
CUST_01827,4,7032.049999999999,17.0,8.5,0.0,True,4.5,13.6,3,Returning
CUST_01828,2,3087.64,13.5,8.5,145.42,True,5.0,11.5,1,Returning
CUST_01829,1,380.54,15.0,8.0,60.22,True,4.0,12.2,3,Returning
CUST_01830,6,9596.83,14.0,8.666666666666666,31.67,True,4.0,11.866666666666667,4,Returning
CUST_01831,9,23476.109999999997,15.0,10.333333333333334,261.1,True,3.7777777777777777,13.133333333333333,4,Returning
CUST_01832,3,4634.0,15.0,8.666666666666666,238.46,True,3.3333333333333335,12.466666666666667,2,Returning
CUST_01833,2,1347.6699999999998,16.0,9.5,4.71,True,3.0,13.4,2,Returning
CUST_01834,2,2463.7900000000004,11.5,8.0,327.23,True,4.5,10.1,1,Returning
CUST_01835,6,7958.08,14.666666666666666,9.0,813.59,True,4.0,12.399999999999999,4,Returning
CUST_01836,1,478.03,15.0,5.0,69.02,True,4.0,11.0,3,Returning
CUST_01837,2,3966.1899999999996,12.5,7.0,557.7,True,3.5,10.3,2,Returning
CUST_01838,4,3917.91,10.25,7.75,84.03,True,4.25,9.25,1,Returning
CUST_01839,7,5187.17,13.428571428571429,8.142857142857142,495.01000000000005,True,4.142857142857143,11.314285714285713,4,Returning
CUST_01840,4,1544.12,13.5,9.5,0.0,True,5.0,11.9,1,Returning
CUST_01841,2,830.4000000000001,12.0,8.5,0.0,True,2.0,10.6,2,Returning
CUST_01842,2,878.22,17.0,9.0,36.12,True,4.5,13.799999999999999,3,Returning
CUST_01843,9,7139.67,13.222222222222221,7.555555555555555,400.87,True,3.888888888888889,10.955555555555556,4,Returning
CUST_01844,2,653.64,12.5,9.0,0.0,True,5.0,11.1,1,Returning
CUST_01845,2,2125.8,15.5,10.5,0.0,True,4.5,13.5,3,Returning
CUST_01846,1,282.04,13.0,10.0,0.0,True,4.0,11.8,1,Returning
CUST_01847,8,18786.75,14.875,8.25,2883.9100000000003,True,3.25,12.225,0,Returning
CUST_01848,3,626.51,14.333333333333334,7.333333333333333,0.0,True,5.0,11.533333333333333,3,Returning
CUST_01849,7,14306.09,13.285714285714286,8.142857142857142,729.98,True,3.857142857142857,11.228571428571428,4,Returning
CUST_01850,1,974.55,11.0,6.0,0.0,False,2.0,9.0,2,At Risk
CUST_01851,1,150.75,16.0,12.0,0.0,False,5.0,14.4,1,At Risk
CUST_01852,3,2240.9,12.333333333333334,9.333333333333334,176.76,True,3.0,11.133333333333335,2,Returning
CUST_01853,1,576.55,15.0,7.0,49.35,False,4.0,11.8,3,At Risk
CUST_01854,2,615.74,11.0,9.0,50.3,True,4.5,10.2,1,Returning
CUST_01855,1,832.53,14.0,10.0,62.47,False,5.0,12.4,1,At Risk
CUST_01856,1,455.35,15.0,7.0,68.75,False,4.0,11.8,3,At Risk
CUST_01857,2,6541.15,14.5,8.0,107.79,True,4.5,11.899999999999999,3,Returning
CUST_01858,1,386.85,14.0,10.0,0.0,True,2.0,12.4,2,Returning
CUST_01859,3,439.09,13.333333333333334,9.666666666666666,12.14,True,3.6666666666666665,11.866666666666667,1,Returning
CUST_01860,9,5794.23,14.666666666666666,10.11111111111111,475.57,True,4.0,12.844444444444443,4,Returning
CUST_01861,2,6888.34,13.0,8.5,0.0,True,5.0,11.2,1,Returning
CUST_01862,2,568.4399999999999,15.5,9.5,115.16,True,4.0,13.1,3,Returning
CUST_01863,3,9654.29,12.666666666666666,8.333333333333334,569.6899999999999,True,4.333333333333333,10.933333333333334,1,Returning
CUST_01864,7,29280.8,13.142857142857142,7.857142857142857,1309.78,True,3.7142857142857144,11.028571428571428,0,Returning
CUST_01865,2,2775.16,17.5,7.0,0.0,True,5.0,13.3,3,Returning
CUST_01866,2,389.42,16.5,8.5,73.96000000000001,True,4.0,13.3,3,Returning
CUST_01867,6,12011.859999999999,15.166666666666666,10.666666666666666,79.81,True,4.333333333333333,13.366666666666667,4,Returning
CUST_01868,1,457.71,14.0,9.0,0.0,False,5.0,12.0,1,At Risk
CUST_01869,6,10581.26,15.666666666666666,8.166666666666666,229.66,True,3.1666666666666665,12.666666666666664,4,Returning
CUST_01870,4,2089.61,14.5,9.25,144.98,True,3.75,12.399999999999999,1,Returning
CUST_01871,1,141.71,18.0,13.0,0.0,True,5.0,16.0,3,Returning
CUST_01872,6,4595.91,16.333333333333332,9.833333333333334,190.5,True,3.3333333333333335,13.733333333333333,4,Returning
CUST_01873,5,7726.360000000001,14.6,9.0,1464.05,True,4.2,12.36,0,Returning
CUST_01874,2,663.16,17.5,11.0,0.0,True,5.0,14.9,3,Returning
CUST_01875,1,144.78,15.0,8.0,0.0,False,3.0,12.2,2,At Risk
CUST_01876,2,910.9699999999999,15.0,8.0,0.0,True,2.5,12.2,2,Returning
CUST_01877,1,412.8,16.0,11.0,0.0,True,4.0,14.0,3,Returning
CUST_01878,3,1441.95,16.333333333333332,7.0,70.76,True,4.333333333333333,12.6,3,Returning
CUST_01879,2,3074.6499999999996,15.0,12.0,0.0,True,4.5,13.8,1,Returning
CUST_01880,9,6982.0599999999995,15.222222222222221,9.222222222222221,259.34000000000003,True,4.111111111111111,12.822222222222221,4,Returning
CUST_01881,2,2979.64,16.0,9.0,0.0,True,5.0,13.2,3,Returning
CUST_01882,10,24239.64,14.5,8.6,3693.1399999999994,True,3.9,12.139999999999999,0,Returning
CUST_01883,2,695.1600000000001,12.5,10.0,15.99,True,5.0,11.5,1,Returning
CUST_01884,9,5625.549999999999,13.222222222222221,8.666666666666666,0.0,True,3.6666666666666665,11.399999999999999,4,Returning
CUST_01885,5,13013.22,17.4,8.8,1199.75,True,3.8,13.96,0,Returning
CUST_01886,3,1737.68,16.666666666666668,7.0,0.0,True,3.0,12.8,2,Returning
CUST_01887,9,10427.48,14.333333333333334,8.666666666666666,648.24,True,4.0,12.066666666666666,4,Returning
CUST_01888,6,5398.06,13.5,10.166666666666666,0.0,True,4.0,12.166666666666666,4,Returning
CUST_01889,1,9219.16,13.0,8.0,720.79,False,5.0,11.0,1,At Risk
CUST_01890,3,3495.2599999999998,11.666666666666666,10.0,598.04,True,4.666666666666667,11.0,1,Returning
CUST_01891,5,995.5899999999999,14.0,9.4,148.34,True,3.6,12.16,4,Returning
CUST_01892,3,1262.29,16.0,11.333333333333334,17.869999999999997,True,4.666666666666667,14.133333333333333,3,Returning
CUST_01893,3,2745.5,14.0,8.0,0.0,True,4.333333333333333,11.600000000000001,1,Returning
CUST_01894,2,682.23,15.0,7.0,44.37,True,4.5,11.8,3,Returning
CUST_01895,3,2086.5,16.333333333333332,10.333333333333334,331.93,True,3.6666666666666665,13.933333333333334,3,Returning
CUST_01896,5,8667.34,14.0,9.8,2051.4500000000003,True,3.6,12.32,0,Returning
CUST_01897,2,239.35,17.5,6.5,11.96,True,3.5,13.1,3,Returning
CUST_01898,2,603.26,16.5,11.0,0.0,True,4.0,14.3,3,Returning
CUST_01899,1,101.52,11.0,13.0,0.0,True,4.0,11.8,1,Returning
CUST_01900,1,791.76,8.0,5.0,0.0,True,4.0,6.8,1,Returning
CUST_01901,4,8970.18,14.5,10.0,1268.73,True,4.25,12.7,0,Returning
CUST_01902,7,2793.46,15.428571428571429,9.0,5.62,True,4.142857142857143,12.857142857142856,4,Returning
CUST_01903,3,6098.37,13.333333333333334,8.666666666666666,102.37,True,4.333333333333333,11.466666666666667,1,Returning
CUST_01904,8,7880.87,14.375,9.25,659.52,True,4.125,12.325,4,Returning
CUST_01905,2,1709.1000000000001,16.0,9.0,329.94,True,3.0,13.2,2,Returning
CUST_01906,8,9490.36,14.625,8.25,272.85,True,3.5,12.075000000000001,4,Returning
CUST_01907,2,1263.55,20.5,10.0,0.0,True,4.5,16.299999999999997,3,Returning
CUST_01908,3,789.36,13.0,8.666666666666666,7.23,True,3.6666666666666665,11.266666666666666,1,Returning
CUST_01909,3,2626.53,15.0,6.333333333333333,268.21999999999997,True,4.0,11.533333333333333,3,Returning
CUST_01910,2,2039.22,13.5,9.0,11.76,True,4.0,11.7,1,Returning
CUST_01911,2,831.75,17.0,10.5,77.22,True,4.5,14.399999999999999,3,Returning
CUST_01912,5,2976.9300000000003,14.6,9.8,192.77,True,4.2,12.68,4,Returning
CUST_01913,3,3296.04,14.333333333333334,10.0,312.36,True,4.0,12.6,1,Returning
CUST_01914,7,5242.8,14.571428571428571,8.857142857142858,550.29,True,3.7142857142857144,12.285714285714285,4,Returning
CUST_01915,1,616.06,12.0,6.0,78.3,True,5.0,9.6,1,Returning
CUST_01916,3,499.64,15.0,9.333333333333334,24.87,True,4.0,12.733333333333334,3,Returning
CUST_01917,4,3379.07,12.0,9.75,38.15,True,3.0,11.1,2,Returning
CUST_01918,2,1697.3400000000001,15.0,11.5,38.69,True,3.5,13.600000000000001,2,Returning
CUST_01919,3,1175.38,10.666666666666666,11.0,28.03,True,4.666666666666667,10.8,1,Returning
CUST_01920,3,594.79,14.0,9.666666666666666,14.92,True,4.0,12.266666666666667,1,Returning
CUST_01921,2,2087.08,14.5,6.0,277.71,True,4.5,11.1,3,Returning
CUST_01922,4,2102.04,12.75,10.0,0.0,True,4.75,11.649999999999999,1,Returning
CUST_01923,2,5245.63,15.0,8.0,446.6,True,5.0,12.2,3,Returning
CUST_01924,3,4940.56,14.0,9.0,31.65,True,3.0,12.0,2,Returning
CUST_01925,9,6541.0,13.11111111111111,8.555555555555555,383.22,True,4.0,11.288888888888888,4,Returning
CUST_01926,1,2278.65,15.0,14.0,368.56,False,5.0,14.600000000000001,1,At Risk
CUST_01927,1,355.75,16.0,10.0,0.0,True,4.0,13.6,3,Returning
CUST_01928,1,7538.75,16.0,5.0,0.0,True,3.0,11.6,2,Returning
CUST_01929,1,405.76,15.0,12.0,102.54,True,5.0,13.8,1,Returning
CUST_01930,6,9676.3,14.333333333333334,9.333333333333334,1370.03,True,3.5,12.333333333333334,0,Returning
CUST_01931,6,8387.04,13.0,10.666666666666666,21.1,True,3.8333333333333335,12.066666666666666,4,Returning
CUST_01932,2,330.92,13.5,6.5,35.02,True,5.0,10.7,1,Returning
CUST_01933,6,5375.719999999999,14.333333333333334,10.0,270.39,True,4.333333333333333,12.6,4,Returning
CUST_01934,7,8146.610000000001,14.285714285714286,10.857142857142858,127.86999999999999,True,3.7142857142857144,12.914285714285715,4,Returning
CUST_01935,8,10244.84,15.5,9.375,1372.74,True,4.0,13.049999999999999,0,Returning
CUST_01936,3,2397.65,16.333333333333332,8.666666666666666,394.95,True,4.666666666666667,13.266666666666666,3,Returning
CUST_01937,3,556.95,13.0,9.0,0.0,True,4.333333333333333,11.4,1,Returning
CUST_01938,5,1807.8300000000002,14.2,7.4,51.78,True,4.0,11.48,4,Returning
CUST_01939,2,934.9399999999999,15.5,11.5,0.0,True,3.5,13.899999999999999,2,Returning
CUST_01940,3,581.49,15.0,8.666666666666666,32.53,True,5.0,12.466666666666667,3,Returning
CUST_01941,5,20414.829999999998,15.8,10.2,4708.160000000001,True,3.8,13.56,0,Returning
CUST_01942,3,3922.08,19.0,8.0,0.0,True,4.333333333333333,14.600000000000001,3,Returning
CUST_01943,9,5977.07,14.777777777777779,8.777777777777779,759.8100000000001,True,4.0,12.377777777777778,4,Returning
CUST_01944,5,4038.0,15.2,10.0,14.33,True,3.8,13.12,4,Returning
CUST_01945,1,2815.7,20.0,13.0,0.0,False,1.0,17.2,2,At Risk
CUST_01946,3,635.21,15.0,9.0,13.44,True,3.0,12.6,2,Returning
CUST_01947,4,3670.04,15.5,7.25,658.76,True,4.0,12.2,3,Returning
CUST_01948,3,1282.03,15.666666666666666,10.666666666666666,0.0,True,4.333333333333333,13.666666666666664,3,Returning
CUST_01949,2,1671.3899999999999,15.5,12.5,0.0,True,4.0,14.299999999999999,1,Returning
CUST_01950,1,184.2,11.0,7.0,47.85,True,1.0,9.4,2,Returning
CUST_01951,3,2542.7799999999997,17.333333333333332,9.666666666666666,0.0,True,4.333333333333333,14.266666666666666,3,Returning
CUST_01952,2,1124.04,15.0,8.5,0.0,True,4.5,12.4,3,Returning
CUST_01953,2,163.35,15.5,8.5,3.12,True,3.0,12.7,2,Returning
CUST_01954,3,1161.48,14.333333333333334,9.666666666666666,0.0,True,5.0,12.466666666666667,1,Returning
CUST_01955,2,2883.65,16.0,10.0,502.06,True,2.5,13.6,2,Returning
CUST_01956,1,264.19,14.0,8.0,49.4,True,4.0,11.600000000000001,1,Returning
CUST_01957,3,868.6600000000001,16.0,8.0,67.14,True,3.3333333333333335,12.8,3,Returning
CUST_01958,1,1842.55,16.0,10.0,0.0,True,1.0,13.6,2,Returning
CUST_01959,3,3693.63,17.0,9.333333333333334,832.5699999999999,True,4.333333333333333,13.933333333333334,3,Returning
CUST_01960,5,6368.47,14.4,9.2,10.58,True,3.8,12.32,4,Returning
CUST_01961,6,6723.740000000001,14.666666666666666,8.5,722.94,True,3.8333333333333335,12.2,4,Returning
CUST_01962,6,3786.49,15.166666666666666,9.166666666666666,412.22999999999996,True,3.1666666666666665,12.766666666666666,4,Returning
CUST_01963,3,4028.85,13.333333333333334,10.0,333.48,True,3.3333333333333335,12.0,2,Returning
CUST_01964,3,4021.09,13.666666666666666,7.666666666666667,9.91,True,4.333333333333333,11.266666666666666,1,Returning
CUST_01965,1,1891.53,12.0,8.0,0.0,True,2.0,10.399999999999999,2,Returning
CUST_01966,7,3696.6,14.428571428571429,9.428571428571429,56.43,True,3.7142857142857144,12.428571428571429,4,Returning
CUST_01967,2,2159.79,13.0,5.5,0.0,True,2.0,10.0,2,Returning
CUST_01968,1,915.6,12.0,9.0,0.0,False,5.0,10.799999999999999,1,At Risk
CUST_01969,2,2637.5600000000004,12.5,7.5,0.0,True,5.0,10.5,1,Returning
CUST_01970,8,7776.299999999999,13.25,9.375,942.62,True,3.875,11.7,4,Returning
CUST_01971,3,575.98,13.333333333333334,9.333333333333334,28.85,True,4.666666666666667,11.733333333333334,1,Returning
CUST_01972,5,3738.91,14.4,8.6,147.67000000000002,True,3.6,12.08,4,Returning
CUST_01973,2,1219.59,13.0,8.5,0.0,True,4.0,11.2,1,Returning
CUST_01974,2,812.13,14.0,10.5,0.0,True,4.5,12.600000000000001,1,Returning
CUST_01975,7,5716.719999999999,15.0,8.714285714285714,373.82,True,4.0,12.485714285714286,4,Returning
CUST_01976,2,2047.25,16.0,8.5,40.01,True,4.5,13.0,3,Returning
CUST_01977,1,99.84,20.0,4.0,0.0,True,4.0,13.6,3,Returning
CUST_01978,2,424.35,15.0,10.5,56.31,True,4.0,13.2,1,Returning
CUST_01979,2,222.47,15.0,10.0,0.0,True,3.0,13.0,2,Returning
CUST_01980,4,1429.6399999999999,14.0,6.0,206.59,True,4.25,10.8,3,Returning
CUST_01981,6,2919.13,14.166666666666666,9.5,17.96,True,3.5,12.3,4,Returning
CUST_01982,3,4613.44,13.666666666666666,7.666666666666667,500.23,True,2.6666666666666665,11.266666666666666,2,Returning
CUST_01983,9,10627.8,15.11111111111111,8.666666666666666,97.88,True,4.333333333333333,12.533333333333333,4,Returning
CUST_01984,4,1820.65,13.75,9.25,15.71,True,3.0,11.95,2,Returning
CUST_01985,3,2011.4,14.333333333333334,8.333333333333334,91.77,True,4.333333333333333,11.933333333333334,3,Returning
CUST_01986,6,5233.11,13.666666666666666,7.333333333333333,104.0,True,3.8333333333333335,11.133333333333333,4,Returning
CUST_01987,3,571.51,13.333333333333334,9.0,49.86,True,4.333333333333333,11.6,1,Returning
CUST_01988,4,9472.3,11.75,6.75,64.82,True,4.25,9.75,4,Returning
CUST_01989,1,6545.96,10.0,9.0,0.0,True,4.0,9.6,1,Returning
CUST_01990,1,1886.52,16.0,9.0,0.0,True,5.0,13.2,3,Returning
CUST_01991,2,2731.85,14.0,9.0,29.9,True,4.5,12.0,1,Returning
CUST_01992,1,95.46,17.0,7.0,0.0,True,4.0,13.0,3,Returning
CUST_01993,5,2171.82,14.4,8.8,81.45,True,4.2,12.16,4,Returning
CUST_01994,4,13692.51,13.5,8.5,125.38000000000001,True,4.0,11.5,4,Returning
CUST_01995,3,654.24,15.0,7.333333333333333,0.0,True,4.0,11.933333333333334,3,Returning
CUST_01996,1,80.04,8.0,8.0,0.0,True,5.0,8.0,1,Returning
CUST_01997,3,2824.46,14.666666666666666,7.666666666666667,0.0,True,5.0,11.866666666666665,3,Returning
CUST_01998,1,324.76,16.0,9.0,0.0,True,4.0,13.2,3,Returning
CUST_01999,1,649.98,15.0,10.0,0.0,True,3.0,13.0,2,Returning
CUST_02000,1,2285.3,21.0,8.0,0.0,False,4.0,15.8,3,At Risk
CUST_02001,2,1617.05,15.5,11.0,366.41,True,4.0,13.7,1,Returning
CUST_02002,5,6195.59,13.8,9.4,167.29,True,3.4,12.04,4,Returning
CUST_02003,4,4238.0199999999995,14.0,9.5,248.39,True,3.5,12.200000000000001,2,Returning
CUST_02004,10,20252.48,14.8,9.0,701.19,True,4.2,12.48,4,Returning
CUST_02005,2,758.3599999999999,17.0,8.0,73.16,True,4.5,13.399999999999999,3,Returning
CUST_02006,3,1279.11,17.666666666666668,9.666666666666666,0.0,True,2.6666666666666665,14.466666666666667,2,Returning
CUST_02007,2,1329.54,14.5,10.0,111.62,True,2.5,12.7,2,Returning
CUST_02008,4,2387.67,13.0,9.25,139.12,True,4.0,11.5,1,Returning
CUST_02009,1,226.01,19.0,8.0,0.0,True,1.0,14.600000000000001,2,Returning
CUST_02010,7,8722.03,13.571428571428571,8.857142857142858,49.77,True,4.285714285714286,11.685714285714285,4,Returning
CUST_02011,1,321.33,14.0,11.0,0.0,True,4.0,12.8,1,Returning
CUST_02012,9,10749.95,14.88888888888889,8.88888888888889,329.97,True,4.0,12.488888888888889,4,Returning
CUST_02013,2,517.5799999999999,16.0,10.5,0.0,True,4.0,13.8,3,Returning
CUST_02014,4,9787.650000000001,16.5,9.0,30.15,True,2.5,13.5,2,Returning
CUST_02015,3,2621.87,15.0,9.333333333333334,0.0,True,3.6666666666666665,12.733333333333334,3,Returning
CUST_02016,1,172.48,13.0,9.0,0.0,True,5.0,11.4,1,Returning
CUST_02017,2,3099.41,10.5,6.5,67.01,True,4.5,8.9,1,Returning
CUST_02018,5,3942.68,12.6,9.6,46.86,True,4.0,11.399999999999999,1,Returning
CUST_02019,6,10309.460000000001,14.333333333333334,8.0,0.0,True,3.3333333333333335,11.8,4,Returning
CUST_02020,4,1319.56,13.75,9.5,194.81,True,3.25,12.05,2,Returning
CUST_02021,3,2310.89,14.666666666666666,9.0,58.85,True,4.0,12.399999999999999,3,Returning
CUST_02022,2,1222.71,12.5,6.0,240.43,True,4.5,9.9,1,Returning
CUST_02023,6,4284.03,17.166666666666668,9.333333333333334,436.94,True,4.166666666666667,14.033333333333335,4,Returning
CUST_02024,4,2879.4399999999996,14.0,10.75,320.90000000000003,True,3.5,12.7,1,Returning
CUST_02025,9,9842.5,14.222222222222221,10.11111111111111,316.69,True,3.7777777777777777,12.577777777777778,4,Returning
CUST_02026,1,1321.1,18.0,13.0,0.0,True,5.0,16.0,3,Returning
CUST_02027,3,1120.42,13.0,8.666666666666666,147.32,True,3.3333333333333335,11.266666666666666,2,Returning
CUST_02028,10,4846.83,14.3,7.4,327.57,True,3.3,11.540000000000001,4,Returning
CUST_02029,2,6993.24,14.0,7.0,0.0,True,4.0,11.200000000000001,3,Returning
CUST_02030,1,308.63,19.0,13.0,65.49,True,1.0,16.6,2,Returning
CUST_02031,2,285.64,14.5,8.5,31.69,True,4.0,12.1,3,Returning
CUST_02032,4,5453.16,12.5,8.75,151.70999999999998,True,4.5,11.0,1,Returning
CUST_02033,4,2683.91,16.0,8.0,182.61,True,4.25,12.8,3,Returning
CUST_02034,2,2470.3399999999997,13.5,11.5,0.0,True,4.0,12.7,1,Returning
CUST_02035,3,3598.01,13.333333333333334,11.333333333333334,702.09,True,4.0,12.533333333333335,1,Returning
CUST_02036,2,5249.61,10.0,10.5,193.34,True,5.0,10.2,1,Returning
CUST_02037,9,3716.9300000000003,16.666666666666668,8.333333333333334,248.26999999999998,True,3.888888888888889,13.333333333333334,4,Returning
CUST_02038,2,3537.31,18.0,10.0,0.0,True,4.5,14.799999999999999,3,Returning
CUST_02039,4,1265.68,13.0,8.25,0.0,True,3.25,11.1,2,Returning
CUST_02040,2,186.15,15.0,7.0,0.0,True,3.0,11.8,2,Returning
CUST_02041,1,5863.32,12.0,10.0,0.0,False,1.0,11.2,2,At Risk
CUST_02042,6,4160.38,15.0,10.333333333333334,347.07,True,4.333333333333333,13.133333333333333,4,Returning
CUST_02043,1,630.84,15.0,9.0,0.0,False,3.0,12.6,2,At Risk
CUST_02044,5,2594.41,13.6,8.0,275.95,True,2.8,11.36,2,Returning
CUST_02045,2,2044.65,10.0,9.5,110.4,True,3.0,9.8,2,Returning
CUST_02046,2,1000.3399999999999,16.0,9.0,0.0,True,4.5,13.2,3,Returning
CUST_02047,2,19525.55,14.5,11.5,5229.049999999999,True,4.0,13.3,0,Returning
CUST_02048,3,3592.79,15.0,8.666666666666666,35.65,True,3.3333333333333335,12.466666666666667,2,Returning
CUST_02049,5,1472.93,14.8,9.4,64.43,True,2.8,12.64,2,Returning
CUST_02050,3,1911.8600000000001,17.0,8.333333333333334,11.96,True,4.333333333333333,13.533333333333333,3,Returning
CUST_02051,1,747.84,10.0,11.0,0.0,True,4.0,10.4,1,Returning
CUST_02052,1,2393.01,8.0,11.0,353.85,False,5.0,9.2,1,At Risk
CUST_02053,2,278.7,16.0,7.0,1.75,True,4.5,12.4,3,Returning
CUST_02054,1,120.18,17.0,7.0,0.0,False,2.0,13.0,2,At Risk
CUST_02055,7,11766.65,13.714285714285714,8.285714285714286,1691.29,True,3.5714285714285716,11.542857142857143,0,Returning
CUST_02056,1,1194.35,17.0,7.0,0.0,True,4.0,13.0,3,Returning
CUST_02057,2,527.34,14.5,12.5,0.0,True,4.5,13.7,1,Returning
CUST_02058,1,868.8,13.0,10.0,0.0,False,4.0,11.8,1,At Risk
CUST_02059,1,3066.46,13.0,10.0,182.58,True,4.0,11.8,1,Returning
CUST_02060,4,4816.33,11.25,9.5,107.55,True,3.0,10.55,2,Returning
CUST_02061,5,4088.33,14.6,10.2,401.38,True,4.4,12.84,4,Returning
CUST_02062,5,3670.39,14.0,9.2,238.62,True,3.8,12.08,4,Returning
CUST_02063,2,1925.88,15.0,7.5,0.0,True,2.5,12.0,2,Returning
CUST_02064,2,700.3100000000001,15.0,10.5,6.31,True,4.5,13.2,1,Returning
CUST_02065,5,4282.04,15.2,8.6,309.74,True,3.2,12.559999999999999,4,Returning
CUST_02066,7,4970.77,13.714285714285714,7.857142857142857,358.68,True,4.285714285714286,11.37142857142857,4,Returning
CUST_02067,3,1669.35,16.666666666666668,8.333333333333334,35.43,True,4.666666666666667,13.333333333333334,3,Returning
CUST_02068,5,7133.39,15.8,9.0,587.05,True,4.2,13.08,4,Returning
CUST_02069,5,766.08,16.2,9.6,31.310000000000002,True,4.2,13.559999999999999,3,Returning
CUST_02070,1,342.38,19.0,7.0,70.18,True,4.0,14.200000000000001,3,Returning
CUST_02071,2,506.79,17.0,8.5,31.75,True,4.0,13.6,3,Returning
CUST_02072,9,10168.789999999999,13.222222222222221,8.11111111111111,384.36,True,3.5555555555555554,11.177777777777777,4,Returning
CUST_02073,2,1107.39,15.5,10.5,4.68,True,5.0,13.5,3,Returning
CUST_02074,2,108.93,15.0,11.5,0.0,True,4.5,13.600000000000001,1,Returning
CUST_02075,3,6697.74,12.333333333333334,9.666666666666666,1138.97,True,4.666666666666667,11.266666666666667,1,Returning
CUST_02076,4,2670.55,14.5,6.25,284.1,True,3.75,11.2,3,Returning
CUST_02077,3,7293.33,12.666666666666666,6.666666666666667,312.43,True,3.3333333333333335,10.266666666666666,2,Returning
CUST_02078,8,6782.929999999999,14.125,8.75,805.49,True,3.75,11.975,4,Returning
CUST_02079,3,150.28,13.0,11.666666666666666,12.08,True,3.6666666666666665,12.466666666666667,1,Returning
CUST_02080,2,3124.54,13.0,9.5,182.9,True,4.0,11.6,1,Returning
CUST_02081,2,416.45,16.0,12.5,27.3,True,2.5,14.6,2,Returning
CUST_02082,3,5621.0,13.333333333333334,8.666666666666666,517.49,True,3.3333333333333335,11.466666666666667,2,Returning
CUST_02083,6,5927.959999999999,15.333333333333334,10.166666666666666,1211.68,True,4.333333333333333,13.266666666666666,4,Returning
CUST_02084,5,1005.11,14.8,10.4,129.79,True,3.6,13.040000000000001,4,Returning
CUST_02085,5,6891.49,14.8,10.2,748.03,True,4.6,12.96,4,Returning
CUST_02086,3,953.02,12.0,8.666666666666666,17.43,True,4.666666666666667,10.666666666666666,1,Returning
CUST_02087,2,1217.94,16.0,10.5,79.19,True,3.5,13.8,2,Returning
CUST_02088,2,5706.33,16.0,9.5,599.1,True,4.0,13.4,3,Returning
CUST_02089,4,1917.3600000000001,13.0,9.0,0.0,True,4.0,11.4,1,Returning
CUST_02090,2,3613.21,17.0,9.5,630.4000000000001,True,4.5,14.0,3,Returning
CUST_02091,1,620.76,17.0,7.0,0.0,False,5.0,13.0,3,At Risk
CUST_02092,2,676.9000000000001,16.0,7.5,0.0,True,4.5,12.6,3,Returning
CUST_02093,1,1372.5,13.0,11.0,0.0,True,1.0,12.2,2,Returning
CUST_02094,1,527.48,15.0,8.0,0.0,True,4.0,12.2,3,Returning
CUST_02095,9,10413.33,12.88888888888889,8.444444444444445,1000.21,True,4.333333333333333,11.11111111111111,4,Returning
CUST_02096,1,220.28,14.0,2.0,24.96,True,4.0,9.200000000000001,3,Returning
CUST_02097,2,3872.7599999999998,19.5,9.0,370.14,True,4.0,15.299999999999999,3,Returning
CUST_02098,2,4995.780000000001,19.0,9.0,1207.68,True,4.0,15.0,3,Returning
CUST_02099,4,1049.71,16.75,10.0,24.8,True,3.5,14.049999999999999,3,Returning
CUST_02100,1,2519.59,17.0,10.0,241.41,True,5.0,14.2,3,Returning
CUST_02101,4,6183.26,13.25,8.0,194.47,True,4.75,11.149999999999999,1,Returning
CUST_02102,3,1548.44,13.666666666666666,6.333333333333333,197.37,True,4.0,10.733333333333333,3,Returning
CUST_02103,3,3383.3199999999997,18.333333333333332,8.333333333333334,675.08,True,4.666666666666667,14.333333333333332,3,Returning
CUST_02104,3,2152.15,15.0,8.333333333333334,68.33,True,4.333333333333333,12.333333333333334,3,Returning
CUST_02105,4,7778.039999999999,14.75,8.75,1339.71,True,3.75,12.35,0,Returning
CUST_02106,10,8878.75,13.2,8.8,279.85,True,3.6,11.44,4,Returning
CUST_02107,1,2448.58,15.0,10.0,453.72,True,5.0,13.0,1,Returning
CUST_02108,1,444.52,13.0,10.0,0.0,False,5.0,11.8,1,At Risk
CUST_02109,7,8011.47,12.428571428571429,9.714285714285714,778.1999999999999,True,4.285714285714286,11.342857142857143,4,Returning
CUST_02110,3,8053.68,13.333333333333334,8.333333333333334,49.47,True,3.0,11.333333333333334,2,Returning
CUST_02111,2,894.53,16.0,10.5,108.35,True,2.5,13.8,2,Returning
CUST_02112,2,1568.23,12.5,9.0,429.17,True,2.0,11.1,2,Returning
CUST_02113,8,12182.230000000001,13.375,7.625,1426.83,True,3.875,11.075000000000001,0,Returning
CUST_02114,3,2547.29,15.333333333333334,9.0,18.31,True,3.3333333333333335,12.799999999999999,2,Returning
CUST_02115,7,9033.92,16.0,10.571428571428571,0.0,True,4.571428571428571,13.82857142857143,4,Returning
CUST_02116,6,7192.290000000001,14.333333333333334,9.5,358.54,True,4.833333333333333,12.4,4,Returning
CUST_02117,2,4566.41,13.5,7.5,0.0,True,3.5,11.1,2,Returning
CUST_02118,2,5676.26,15.0,7.5,42.82,True,5.0,12.0,3,Returning
CUST_02119,2,388.7,14.5,11.5,32.09,True,4.0,13.3,1,Returning
CUST_02120,3,633.8299999999999,15.666666666666666,9.0,51.95,True,4.666666666666667,12.999999999999998,3,Returning
CUST_02121,1,1126.56,16.0,8.0,0.0,False,2.0,12.8,2,At Risk
CUST_02122,5,7415.0,16.0,9.0,1466.54,True,4.0,13.2,0,Returning
CUST_02123,6,7909.799999999999,16.0,8.833333333333334,365.48,True,3.8333333333333335,13.133333333333333,4,Returning
CUST_02124,1,377.46,17.0,10.0,0.0,False,4.0,14.2,3,At Risk
CUST_02125,5,6039.389999999999,14.2,8.2,527.9,True,3.4,11.799999999999999,4,Returning
CUST_02126,9,11467.25,14.222222222222221,10.0,304.13,True,3.4444444444444446,12.533333333333333,4,Returning
CUST_02127,3,6257.28,14.333333333333334,9.666666666666666,46.11,True,4.666666666666667,12.466666666666667,1,Returning
CUST_02128,4,1092.8,15.5,9.25,90.15,True,4.0,13.0,3,Returning
CUST_02129,2,804.51,13.0,10.0,15.0,True,3.5,11.8,1,Returning
CUST_02130,2,322.71000000000004,14.0,11.0,35.46,True,3.0,12.8,2,Returning
CUST_02131,3,2479.69,16.0,9.0,468.21,True,2.6666666666666665,13.2,2,Returning
CUST_02132,2,2347.69,17.0,8.5,134.79,True,5.0,13.6,3,Returning
CUST_02133,3,4537.2300000000005,15.666666666666666,10.0,0.0,True,3.0,13.399999999999999,2,Returning
CUST_02134,10,20436.02,15.4,9.1,1564.28,True,3.4,12.88,0,Returning
CUST_02135,1,1253.19,17.0,9.0,0.0,False,5.0,13.799999999999999,3,At Risk
CUST_02136,1,206.35,15.0,7.0,0.0,False,5.0,11.8,3,At Risk
CUST_02137,5,14602.300000000001,15.0,9.8,1298.61,True,3.6,12.92,0,Returning
CUST_02138,8,13331.36,14.5,9.0,1266.82,True,4.125,12.299999999999999,0,Returning
CUST_02139,6,9421.43,14.666666666666666,8.5,89.34,True,4.0,12.2,4,Returning
CUST_02140,4,2862.1499999999996,14.5,11.5,23.65,True,4.5,13.3,1,Returning
CUST_02141,2,653.24,16.0,10.0,0.0,True,4.5,13.6,3,Returning
CUST_02142,4,3168.02,16.0,10.0,504.48,True,4.75,13.6,3,Returning
CUST_02143,3,7565.01,14.666666666666666,10.666666666666666,0.0,True,4.666666666666667,13.066666666666666,1,Returning
CUST_02144,4,1737.0,12.75,9.5,49.6,True,4.0,11.45,1,Returning
CUST_02145,2,3807.11,10.5,9.0,0.0,True,4.5,9.9,1,Returning
CUST_02146,5,5192.54,14.6,10.2,202.73,True,4.2,12.84,4,Returning
CUST_02147,2,1384.2,16.0,10.0,0.0,True,3.5,13.6,3,Returning
CUST_02148,4,6571.389999999999,13.25,8.75,243.08,True,4.5,11.45,1,Returning
CUST_02149,4,1597.3799999999999,14.75,10.5,11.41,True,4.5,13.05,1,Returning
CUST_02150,2,865.06,16.0,8.0,119.83,True,4.5,12.8,3,Returning
CUST_02151,5,5060.04,15.0,9.2,675.97,True,4.0,12.68,4,Returning
CUST_02152,2,467.87,16.0,11.5,10.9,True,2.5,14.2,2,Returning
CUST_02153,2,2313.24,17.5,11.0,0.0,True,4.0,14.9,3,Returning
CUST_02154,3,269.81,12.666666666666666,7.0,26.93,True,3.3333333333333335,10.4,2,Returning
CUST_02155,7,11980.33,14.142857142857142,8.857142857142858,868.4499999999999,True,3.7142857142857144,12.028571428571428,4,Returning
CUST_02156,10,5518.22,14.7,7.7,303.55,True,4.6,11.899999999999999,4,Returning
CUST_02157,4,1943.89,16.25,8.0,20.16,True,2.5,12.95,2,Returning
CUST_02158,5,7076.45,13.2,8.2,1194.85,True,4.6,11.2,4,Returning
CUST_02159,1,474.7,11.0,13.0,123.64,True,3.0,11.8,1,Returning
CUST_02160,3,1120.55,12.0,9.666666666666666,0.0,True,4.333333333333333,11.066666666666666,1,Returning
CUST_02161,10,5796.650000000001,14.6,10.3,455.86,True,3.2,12.879999999999999,4,Returning
CUST_02162,2,780.6500000000001,16.0,8.5,118.12,True,4.5,13.0,3,Returning
CUST_02163,1,806.43,9.0,10.0,56.67,True,4.0,9.399999999999999,1,Returning
CUST_02164,3,1314.31,15.333333333333334,8.0,0.0,True,3.0,12.399999999999999,2,Returning
CUST_02165,3,1115.13,13.333333333333334,8.0,0.0,True,4.0,11.2,1,Returning
CUST_02166,4,753.96,16.0,11.0,123.94,True,3.75,14.0,3,Returning
CUST_02167,3,1459.86,13.333333333333334,9.333333333333334,25.74,True,4.666666666666667,11.733333333333334,1,Returning
CUST_02168,5,1657.75,14.2,8.4,109.72,True,4.4,11.879999999999999,1,Returning
CUST_02169,4,1748.1499999999999,14.75,10.25,158.82,True,4.0,12.95,1,Returning
CUST_02170,3,2664.62,13.333333333333334,10.333333333333334,0.0,True,2.6666666666666665,12.133333333333333,2,Returning
CUST_02171,2,1183.19,13.0,10.0,93.21,True,4.5,11.8,1,Returning
CUST_02172,1,2583.12,20.0,6.0,0.0,False,3.0,14.4,3,At Risk
CUST_02173,3,1484.42,14.333333333333334,11.333333333333334,51.28,True,3.3333333333333335,13.133333333333333,2,Returning
CUST_02174,1,294.5,14.0,11.0,0.0,True,5.0,12.8,1,Returning
CUST_02175,2,4029.75,12.0,6.0,0.0,True,1.5,9.6,2,Returning
CUST_02176,3,741.06,14.0,9.333333333333334,29.34,True,3.6666666666666665,12.133333333333335,1,Returning
CUST_02177,4,1758.72,13.0,11.0,0.0,True,3.75,12.2,1,Returning
CUST_02178,2,1035.33,17.0,9.5,0.0,True,4.5,14.0,3,Returning
CUST_02179,2,1323.5,12.0,8.0,71.22,True,4.0,10.399999999999999,1,Returning
CUST_02180,3,2504.21,15.0,8.666666666666666,111.25,True,4.666666666666667,12.466666666666667,3,Returning
CUST_02181,2,2736.7999999999997,10.5,5.5,36.07,True,3.5,8.5,1,Returning
CUST_02182,3,5659.7,15.666666666666666,8.333333333333334,54.0,True,4.333333333333333,12.733333333333333,3,Returning
CUST_02183,2,18502.58,15.0,10.0,0.0,True,4.5,13.0,4,Returning
CUST_02184,3,700.84,13.333333333333334,9.666666666666666,34.0,True,3.6666666666666665,11.866666666666667,1,Returning
CUST_02185,8,4497.76,15.125,9.0,145.2,True,3.5,12.674999999999999,4,Returning
CUST_02186,10,8679.57,13.2,9.4,781.2,True,4.2,11.68,4,Returning
CUST_02187,2,9969.599999999999,15.0,8.0,0.0,True,4.5,12.2,3,Returning
CUST_02188,3,21026.92,14.0,10.333333333333334,2101.63,True,4.666666666666667,12.533333333333335,0,Returning
CUST_02189,2,1632.07,12.0,10.0,5.26,True,4.0,11.2,1,Returning
CUST_02190,5,5120.72,13.2,7.2,188.13,True,4.4,10.799999999999999,4,Returning
CUST_02191,2,713.59,14.5,6.5,0.0,True,4.5,11.299999999999999,3,Returning
CUST_02192,1,56.73,17.0,8.0,0.0,False,5.0,13.399999999999999,3,At Risk
CUST_02193,1,517.56,17.0,8.0,53.74,False,5.0,13.399999999999999,3,At Risk
CUST_02194,4,787.0999999999999,12.5,7.5,22.0,True,4.75,10.5,1,Returning
CUST_02195,4,17775.23,14.0,11.0,266.93,True,4.25,12.8,4,Returning
CUST_02196,2,695.6,12.0,11.0,74.77000000000001,True,4.5,11.6,1,Returning
CUST_02197,2,11514.16,17.5,7.0,2674.93,True,4.5,13.3,0,Returning
CUST_02198,3,3407.7400000000002,14.333333333333334,7.333333333333333,41.32,True,4.333333333333333,11.533333333333333,3,Returning
CUST_02199,7,3863.2799999999997,16.428571428571427,9.428571428571429,136.55,True,3.4285714285714284,13.628571428571428,4,Returning
CUST_02200,2,287.72,14.0,10.0,0.0,True,4.5,12.4,1,Returning
CUST_02201,1,155.34,12.0,9.0,0.0,True,5.0,10.799999999999999,1,Returning
CUST_02202,3,634.79,15.0,10.333333333333334,69.77,True,2.6666666666666665,13.133333333333333,2,Returning
CUST_02203,3,7015.349999999999,14.666666666666666,8.666666666666666,8.39,True,4.666666666666667,12.266666666666666,3,Returning
CUST_02204,1,421.86,17.0,10.0,0.0,True,2.0,14.2,2,Returning
CUST_02205,1,403.68,19.0,11.0,0.0,True,4.0,15.8,3,Returning
CUST_02206,4,13579.76,16.5,11.25,0.0,True,4.25,14.4,4,Returning
CUST_02207,1,2221.18,17.0,8.0,0.0,True,5.0,13.399999999999999,3,Returning
CUST_02208,3,8632.0,12.666666666666666,9.0,966.91,True,3.6666666666666665,11.2,4,Returning
CUST_02209,3,2138.7,16.333333333333332,8.666666666666666,72.13,True,3.6666666666666665,13.266666666666666,3,Returning
CUST_02210,3,6031.4400000000005,15.666666666666666,10.0,23.92,True,5.0,13.399999999999999,3,Returning
CUST_02211,1,81.87,14.0,6.0,0.0,True,4.0,10.8,3,Returning
CUST_02212,1,61.98,11.0,11.0,0.0,True,5.0,11.0,1,Returning
CUST_02213,3,1185.53,15.666666666666666,7.666666666666667,50.31,True,4.333333333333333,12.466666666666665,3,Returning
CUST_02214,3,10842.17,14.0,7.666666666666667,363.02,True,3.3333333333333335,11.466666666666667,4,Returning
CUST_02215,2,1505.24,15.5,5.0,0.0,True,4.5,11.299999999999999,3,Returning
CUST_02216,2,2006.64,17.5,7.5,0.0,True,3.5,13.5,3,Returning
CUST_02217,3,5074.62,14.0,8.666666666666666,119.07,True,4.0,11.866666666666667,1,Returning
CUST_02218,3,1169.8600000000001,13.0,7.666666666666667,0.0,True,4.333333333333333,10.866666666666667,1,Returning
CUST_02219,3,7723.950000000001,14.666666666666666,6.333333333333333,102.84,True,4.666666666666667,11.333333333333332,3,Returning
CUST_02220,3,2948.75,13.666666666666666,9.333333333333334,111.19,True,3.3333333333333335,11.933333333333334,2,Returning
CUST_02221,1,409.71,12.0,6.0,0.0,True,2.0,9.6,2,Returning
CUST_02222,3,1109.6399999999999,15.333333333333334,9.0,222.74,True,4.333333333333333,12.799999999999999,3,Returning
CUST_02223,2,296.49,17.0,8.5,0.0,True,4.5,13.6,3,Returning
CUST_02224,1,464.73,8.0,8.0,0.0,False,4.0,8.0,1,At Risk
CUST_02225,3,1179.59,14.666666666666666,8.0,0.0,True,3.3333333333333335,12.0,2,Returning
CUST_02226,2,1366.19,11.5,7.0,237.04000000000002,True,2.5,9.7,2,Returning
CUST_02227,3,1671.0800000000002,14.666666666666666,9.666666666666666,391.11,True,3.3333333333333335,12.666666666666666,2,Returning
CUST_02228,5,9753.13,15.0,10.0,432.88,True,4.4,13.0,4,Returning
CUST_02229,3,13359.3,14.0,8.333333333333334,648.44,True,3.3333333333333335,11.733333333333334,4,Returning
CUST_02230,1,117.3,14.0,11.0,0.0,True,2.0,12.8,2,Returning
CUST_02231,3,3277.43,16.0,9.333333333333334,18.13,True,4.666666666666667,13.333333333333334,3,Returning
CUST_02232,1,607.5,17.0,8.0,0.0,True,4.0,13.399999999999999,3,Returning
CUST_02233,2,1557.74,15.5,9.5,366.91999999999996,True,4.0,13.1,3,Returning
CUST_02234,3,5551.17,16.333333333333332,9.333333333333334,586.77,True,4.0,13.533333333333333,3,Returning
CUST_02235,3,3017.22,14.333333333333334,10.0,11.7,True,3.6666666666666665,12.6,1,Returning
CUST_02236,4,2160.4700000000003,16.5,10.25,104.37,True,5.0,14.0,3,Returning
CUST_02237,3,1260.45,16.0,8.333333333333334,0.0,True,2.6666666666666665,12.933333333333334,2,Returning
CUST_02238,6,7359.62,15.5,8.333333333333334,496.40999999999997,True,4.0,12.633333333333333,4,Returning
CUST_02239,4,996.45,14.75,7.25,70.00999999999999,True,4.5,11.75,3,Returning
CUST_02240,2,1010.6200000000001,17.0,8.5,27.75,True,2.5,13.6,2,Returning
CUST_02241,5,5210.85,14.2,9.8,477.65,True,3.8,12.44,4,Returning
CUST_02242,4,3920.59,13.0,8.0,299.06,True,4.5,11.0,1,Returning
CUST_02243,1,228.16,17.0,2.0,0.0,True,3.0,11.0,3,Returning
CUST_02244,2,6900.55,16.0,8.5,1035.78,True,1.5,13.0,2,Returning
CUST_02245,3,12587.48,16.0,10.333333333333334,21.2,True,4.333333333333333,13.733333333333334,4,Returning
CUST_02246,8,19360.229999999996,13.25,10.5,208.20999999999998,True,4.125,12.149999999999999,4,Returning
CUST_02247,4,21395.7,14.75,10.0,24.79,True,3.5,12.85,4,Returning
CUST_02248,3,433.19,14.0,9.333333333333334,88.45,True,4.333333333333333,12.133333333333335,1,Returning
CUST_02249,3,11051.349999999999,15.666666666666666,7.666666666666667,0.0,True,4.0,12.466666666666665,3,Returning
CUST_02250,1,568.84,12.0,7.0,0.0,True,2.0,10.0,2,Returning
CUST_02251,3,2526.16,13.333333333333334,5.333333333333333,368.64,True,4.333333333333333,10.133333333333333,3,Returning
CUST_02252,4,8277.2,17.0,9.25,629.13,True,4.5,13.899999999999999,3,Returning
CUST_02253,2,1004.0500000000001,14.0,6.5,160.61,True,3.5,11.0,2,Returning
CUST_02254,3,2136.46,16.0,10.666666666666666,308.2,True,3.0,13.866666666666667,2,Returning
CUST_02255,3,1221.5,15.666666666666666,9.0,67.67,True,4.0,12.999999999999998,3,Returning
CUST_02256,2,412.6,17.5,11.5,0.0,True,4.5,15.100000000000001,3,Returning
CUST_02257,3,2522.72,14.0,8.333333333333334,66.24,True,4.666666666666667,11.733333333333334,1,Returning
CUST_02258,1,2078.15,18.0,8.0,445.37,True,4.0,14.0,3,Returning
CUST_02259,2,245.43,14.0,8.0,0.0,True,4.0,11.600000000000001,1,Returning
CUST_02260,1,2439.05,13.0,8.0,0.0,True,1.0,11.0,2,Returning
CUST_02261,3,9659.76,15.333333333333334,9.0,788.18,True,4.0,12.799999999999999,4,Returning
CUST_02262,9,5535.82,15.11111111111111,9.0,609.55,True,3.5555555555555554,12.666666666666666,4,Returning
CUST_02263,3,879.64,13.333333333333334,10.666666666666666,58.09,True,4.0,12.266666666666666,1,Returning
CUST_02264,1,2214.41,19.0,7.0,285.54,True,3.0,14.200000000000001,3,Returning
CUST_02265,3,8813.96,15.333333333333334,9.0,565.69,True,5.0,12.799999999999999,3,Returning
CUST_02266,3,651.47,15.333333333333334,10.0,100.27,True,4.333333333333333,13.2,3,Returning
CUST_02267,1,94.57,13.0,8.0,10.41,False,3.0,11.0,2,At Risk
CUST_02268,2,238.8,14.0,9.5,35.44,True,4.5,12.200000000000001,1,Returning
CUST_02269,1,4989.58,17.0,10.0,331.48,False,5.0,14.2,3,At Risk
CUST_02270,1,281.9,14.0,9.0,0.0,True,3.0,12.0,2,Returning
CUST_02271,2,3329.15,16.5,11.5,0.0,True,4.5,14.5,3,Returning
CUST_02272,5,11771.64,13.6,7.6,785.77,True,3.2,11.2,4,Returning
CUST_02273,1,2812.59,16.0,6.0,0.0,False,3.0,12.0,2,At Risk
CUST_02274,7,2755.64,15.285714285714286,8.285714285714286,256.4,True,4.428571428571429,12.485714285714286,4,Returning
CUST_02275,2,546.3,11.0,10.0,40.4,True,4.5,10.6,1,Returning
CUST_02276,1,236.92,13.0,10.0,0.0,False,5.0,11.8,1,At Risk
CUST_02277,3,1484.55,14.0,6.666666666666667,0.0,True,3.6666666666666665,11.066666666666666,3,Returning
CUST_02278,8,10047.98,16.125,8.25,1856.3600000000001,True,4.125,12.975,0,Returning
CUST_02279,2,1055.0,15.0,7.5,0.0,True,2.5,12.0,2,Returning
CUST_02280,2,994.53,14.5,7.5,0.0,True,3.0,11.7,2,Returning
CUST_02281,5,8095.429999999999,16.0,8.2,431.8,True,4.4,12.879999999999999,4,Returning
CUST_02282,2,1883.04,14.5,9.5,447.06,True,5.0,12.5,1,Returning
CUST_02283,1,4429.12,16.0,8.0,755.63,True,4.0,12.8,3,Returning
CUST_02284,4,2960.77,11.75,9.25,24.45,True,4.0,10.75,1,Returning
CUST_02285,2,398.49,16.0,7.5,37.72,True,4.5,12.6,3,Returning
CUST_02286,2,197.85000000000002,18.5,9.0,31.64,True,2.0,14.7,2,Returning
CUST_02287,2,8253.2,17.5,9.0,0.0,True,5.0,14.1,3,Returning
CUST_02288,4,907.21,17.25,8.75,42.41,True,4.0,13.85,3,Returning
CUST_02289,2,518.1800000000001,12.0,10.5,0.0,True,4.0,11.399999999999999,1,Returning
CUST_02290,9,8616.3,13.555555555555555,8.555555555555555,1310.51,True,3.6666666666666665,11.555555555555555,0,Returning
CUST_02291,2,926.54,14.5,12.0,0.0,True,5.0,13.5,1,Returning
CUST_02292,3,2919.14,14.0,9.0,5.61,True,2.6666666666666665,12.0,2,Returning
CUST_02293,2,604.03,16.5,8.0,0.0,True,3.5,13.100000000000001,3,Returning
CUST_02294,2,2047.21,14.5,6.5,125.49,True,4.0,11.299999999999999,3,Returning
CUST_02295,1,150.42,14.0,7.0,0.0,False,3.0,11.200000000000001,2,At Risk
CUST_02296,3,1106.15,13.333333333333334,9.333333333333334,119.53999999999999,True,4.333333333333333,11.733333333333334,1,Returning
CUST_02297,8,4772.78,12.625,9.25,193.72,True,3.75,11.274999999999999,4,Returning
CUST_02298,3,13228.34,13.666666666666666,9.333333333333334,0.0,True,4.0,11.933333333333334,4,Returning
CUST_02299,6,10271.95,15.666666666666666,9.666666666666666,0.0,True,4.0,13.266666666666666,4,Returning
CUST_02300,5,7442.92,14.8,8.0,661.3199999999999,True,3.6,12.080000000000002,4,Returning
CUST_02301,1,1217.88,13.0,12.0,112.87,True,3.0,12.600000000000001,2,Returning
CUST_02302,5,9792.52,13.0,8.2,48.89,True,3.2,11.08,4,Returning
CUST_02303,2,3400.2799999999997,13.0,8.5,0.0,True,4.0,11.2,1,Returning
CUST_02304,1,316.67,12.0,13.0,26.85,True,4.0,12.399999999999999,1,Returning
CUST_02305,2,1811.15,18.5,7.5,71.95,True,3.5,14.1,3,Returning
CUST_02306,1,206.84,13.0,8.0,0.0,False,5.0,11.0,1,At Risk
CUST_02307,6,6321.61,14.333333333333334,8.833333333333334,609.5799999999999,True,3.8333333333333335,12.133333333333333,4,Returning
CUST_02308,4,12238.169999999998,16.75,10.0,112.84,True,3.0,14.049999999999999,4,Returning
CUST_02309,4,3072.95,15.0,9.5,84.33,True,3.75,12.8,3,Returning
CUST_02310,8,11469.24,14.375,8.5,1251.21,True,4.0,12.025,0,Returning
CUST_02311,6,5528.68,14.5,7.666666666666667,508.02,True,4.0,11.766666666666666,4,Returning
CUST_02312,3,2499.6200000000003,16.0,8.666666666666666,30.75,True,4.333333333333333,13.066666666666666,3,Returning
CUST_02313,5,1734.4099999999999,13.6,8.2,44.82,True,3.4,11.44,2,Returning
CUST_02314,2,11330.23,13.0,8.5,0.0,True,4.0,11.2,1,Returning
CUST_02315,2,221.91,16.0,7.5,0.0,True,3.0,12.6,2,Returning
CUST_02316,4,2363.62,15.0,9.0,17.14,True,4.25,12.6,3,Returning
CUST_02317,4,2791.5,14.25,9.25,12.05,True,4.25,12.25,1,Returning
CUST_02318,5,2151.0,13.6,7.2,375.87,True,3.8,11.040000000000001,4,Returning
CUST_02319,8,2518.61,14.0,8.375,216.13,True,4.125,11.75,4,Returning
CUST_02320,1,94.86,10.0,7.0,0.0,False,4.0,8.8,1,At Risk
CUST_02321,6,2818.5099999999998,13.166666666666666,8.666666666666666,291.28000000000003,True,4.0,11.366666666666667,4,Returning
CUST_02322,2,477.72,12.0,11.5,0.0,True,4.5,11.8,1,Returning
CUST_02323,9,19654.010000000002,14.444444444444445,9.222222222222221,890.22,True,3.888888888888889,12.355555555555554,0,Returning
CUST_02324,2,2555.46,14.5,10.0,20.23,True,3.5,12.7,2,Returning
CUST_02325,2,2316.35,15.5,8.0,109.96,True,2.5,12.5,2,Returning
CUST_02326,5,9965.22,13.8,8.6,424.32,True,4.4,11.719999999999999,4,Returning
CUST_02327,3,16538.329999999998,13.666666666666666,7.333333333333333,0.0,True,4.0,11.133333333333333,4,Returning
CUST_02328,1,227.06,14.0,10.0,58.36,False,1.0,12.4,2,At Risk
CUST_02329,2,835.53,15.0,14.5,0.0,True,5.0,14.8,1,Returning
CUST_02330,5,7409.19,14.0,9.6,395.14,True,4.6,12.24,4,Returning
CUST_02331,1,1734.45,14.0,7.0,0.0,True,4.0,11.200000000000001,3,Returning
CUST_02332,1,293.7,14.0,11.0,0.0,True,5.0,12.8,1,Returning
CUST_02333,3,722.4100000000001,11.666666666666666,8.666666666666666,144.41,True,2.6666666666666665,10.466666666666665,2,Returning
CUST_02334,3,1539.38,13.0,8.666666666666666,214.26999999999998,True,2.6666666666666665,11.266666666666666,2,Returning
CUST_02335,1,3774.83,18.0,9.0,0.0,False,4.0,14.399999999999999,3,At Risk
CUST_02336,3,638.06,13.333333333333334,8.333333333333334,0.0,True,4.666666666666667,11.333333333333334,1,Returning
CUST_02337,3,3149.0299999999997,14.333333333333334,7.333333333333333,266.5,True,4.0,11.533333333333333,3,Returning
CUST_02338,10,7251.0,13.9,9.4,59.480000000000004,True,4.0,12.1,4,Returning
CUST_02339,1,125.13,16.0,11.0,0.0,False,4.0,14.0,3,At Risk
CUST_02340,5,1139.4099999999999,17.2,8.2,121.00999999999999,True,3.4,13.599999999999998,3,Returning
CUST_02341,1,683.92,17.0,6.0,0.0,False,5.0,12.6,3,At Risk
CUST_02342,5,6750.86,14.2,10.6,949.42,True,4.0,12.76,4,Returning
CUST_02343,5,3494.14,15.8,9.8,257.13,True,3.8,13.4,4,Returning
CUST_02344,4,2860.97,14.75,10.75,382.76,True,4.75,13.149999999999999,1,Returning
CUST_02345,1,884.54,11.0,7.0,64.26,True,4.0,9.4,1,Returning
CUST_02346,10,6426.98,14.5,9.6,92.29,True,3.6,12.54,4,Returning
CUST_02347,2,821.2800000000001,17.5,8.0,0.0,True,4.5,13.7,3,Returning
CUST_02348,4,2116.56,14.75,10.0,18.95,True,3.25,12.85,2,Returning
CUST_02349,1,107.56,10.0,10.0,0.0,False,4.0,10.0,1,At Risk
CUST_02350,2,1178.99,16.0,10.0,10.6,True,3.5,13.6,3,Returning
CUST_02351,3,5025.35,15.666666666666666,8.333333333333334,1090.67,True,4.0,12.733333333333333,3,Returning
CUST_02352,6,11142.35,13.5,8.833333333333334,176.4,True,4.166666666666667,11.633333333333333,4,Returning
CUST_02353,2,970.6199999999999,14.5,9.0,0.0,True,3.5,12.299999999999999,2,Returning
CUST_02354,9,6894.87,16.333333333333332,9.11111111111111,270.49,True,4.333333333333333,13.444444444444443,4,Returning
CUST_02355,1,384.03,13.0,11.0,76.45,True,4.0,12.2,1,Returning
CUST_02356,3,9329.99,15.333333333333334,9.333333333333334,0.0,True,5.0,12.933333333333334,3,Returning
CUST_02357,1,364.42,12.0,5.0,0.0,True,1.0,9.2,2,Returning
CUST_02358,8,4509.38,14.875,9.875,18.92,True,3.375,12.875,4,Returning
CUST_02359,7,14573.0,15.428571428571429,11.142857142857142,1150.3600000000001,True,3.857142857142857,13.714285714285714,0,Returning
CUST_02360,8,14020.79,15.625,9.25,1756.55,True,4.25,13.075,0,Returning
CUST_02361,3,695.3,14.666666666666666,9.333333333333334,0.0,True,4.333333333333333,12.533333333333333,1,Returning
CUST_02362,2,460.7,17.0,6.5,92.08,True,4.0,12.799999999999999,3,Returning
CUST_02363,1,2187.38,12.0,10.0,432.62,True,2.0,11.2,2,Returning
CUST_02364,4,6360.6900000000005,12.5,9.0,3.49,True,4.75,11.1,1,Returning
CUST_02365,1,107.08,15.0,15.0,0.0,False,3.0,15.0,2,At Risk
CUST_02366,6,3504.62,14.5,8.0,0.0,True,3.1666666666666665,11.899999999999999,4,Returning
CUST_02367,1,102.82,18.0,8.0,0.0,False,5.0,14.0,3,At Risk
CUST_02368,2,468.74,14.0,5.5,40.57,True,4.5,10.600000000000001,3,Returning
CUST_02369,7,10670.3,13.857142857142858,9.0,137.69,True,3.2857142857142856,11.914285714285715,4,Returning
CUST_02370,4,573.0,14.5,8.0,0.0,True,3.0,11.899999999999999,2,Returning
CUST_02371,1,209.02,14.0,11.0,56.2,True,4.0,12.8,1,Returning
CUST_02372,7,4578.14,13.857142857142858,8.571428571428571,103.37,True,3.142857142857143,11.742857142857144,4,Returning
CUST_02373,2,8156.389999999999,15.5,9.0,818.04,True,5.0,12.899999999999999,3,Returning
CUST_02374,5,9673.74,14.8,9.4,215.67000000000002,True,4.0,12.64,4,Returning
CUST_02375,7,7026.87,13.714285714285714,8.571428571428571,413.83,True,3.142857142857143,11.657142857142857,4,Returning
CUST_02376,3,3273.54,12.666666666666666,8.0,220.69,True,4.666666666666667,10.8,1,Returning
CUST_02377,4,2172.13,14.5,8.25,218.43,True,3.25,12.0,2,Returning
CUST_02378,5,1753.78,16.0,10.2,81.48,True,4.0,13.68,3,Returning
CUST_02379,3,948.97,12.0,8.0,6.37,True,3.3333333333333335,10.399999999999999,2,Returning
CUST_02380,7,6048.22,13.285714285714286,8.571428571428571,333.97,True,4.285714285714286,11.4,4,Returning
CUST_02381,7,9201.84,14.571428571428571,10.0,0.0,True,4.285714285714286,12.742857142857142,4,Returning
CUST_02382,4,6839.05,17.0,9.0,0.0,True,3.75,13.799999999999999,3,Returning
CUST_02383,1,1263.12,14.0,11.0,0.0,False,5.0,12.8,1,At Risk
CUST_02384,8,4834.1900000000005,14.625,9.75,80.83,True,3.375,12.675,4,Returning
CUST_02385,3,2014.85,13.0,9.333333333333334,163.57,True,4.0,11.533333333333333,1,Returning
CUST_02386,7,9478.34,14.571428571428571,8.571428571428571,577.65,True,3.857142857142857,12.17142857142857,4,Returning
CUST_02387,2,238.67000000000002,12.5,8.5,0.0,True,4.0,10.9,1,Returning
CUST_02388,5,3349.6,13.6,8.0,178.44,True,3.8,11.36,4,Returning
CUST_02389,4,1224.44,14.25,8.75,0.0,True,4.25,12.049999999999999,1,Returning
CUST_02390,3,867.41,15.333333333333334,8.333333333333334,9.29,True,3.6666666666666665,12.533333333333333,3,Returning
CUST_02391,3,5152.2300000000005,15.333333333333334,10.666666666666666,0.0,True,1.6666666666666667,13.466666666666665,2,Returning
CUST_02392,1,176.58,10.0,9.0,0.0,True,2.0,9.6,2,Returning
CUST_02393,3,2191.4700000000003,15.0,8.666666666666666,0.0,True,3.3333333333333335,12.466666666666667,2,Returning
CUST_02394,1,256.38,13.0,12.0,68.57,False,3.0,12.600000000000001,2,At Risk
CUST_02395,7,8408.470000000001,14.0,9.285714285714286,57.339999999999996,True,3.5714285714285716,12.114285714285716,4,Returning
CUST_02396,2,1227.4099999999999,17.5,10.0,0.0,True,4.0,14.5,3,Returning
CUST_02397,2,6264.65,12.5,6.0,0.0,True,5.0,9.9,1,Returning
CUST_02398,3,3402.29,14.333333333333334,12.0,21.21,True,4.333333333333333,13.4,1,Returning
CUST_02399,2,410.01,16.0,8.0,19.46,True,2.5,12.8,2,Returning
CUST_02400,2,2566.69,14.0,6.5,261.69,True,3.5,11.0,2,Returning
CUST_02401,6,8307.98,15.833333333333334,8.166666666666666,43.28,True,3.5,12.766666666666666,4,Returning
CUST_02402,2,8626.98,18.0,9.0,0.0,True,5.0,14.399999999999999,3,Returning
CUST_02403,8,12385.51,15.0,9.125,500.53999999999996,True,4.375,12.65,4,Returning
CUST_02404,1,90.25,10.0,7.0,0.0,True,4.0,8.8,1,Returning
CUST_02405,1,600.28,15.0,11.0,0.0,True,3.0,13.4,2,Returning
CUST_02406,5,2949.85,13.8,10.2,21.9,True,2.6,12.36,2,Returning
CUST_02407,2,637.8299999999999,14.0,10.5,74.04,True,3.0,12.600000000000001,2,Returning
CUST_02408,2,5579.32,15.5,8.0,0.0,True,4.0,12.5,3,Returning
CUST_02409,2,371.66999999999996,13.0,7.5,0.0,True,5.0,10.8,1,Returning
CUST_02410,2,6096.36,12.0,6.0,315.13,True,4.0,9.6,1,Returning
CUST_02411,2,346.76,17.5,12.5,89.62,True,4.5,15.5,3,Returning
CUST_02412,2,335.2,17.5,10.5,32.64,True,3.5,14.7,3,Returning
CUST_02413,6,3365.03,12.5,9.333333333333334,88.03,True,4.333333333333333,11.233333333333334,4,Returning
CUST_02414,1,579.45,19.0,11.0,0.0,True,4.0,15.8,3,Returning
CUST_02415,5,4781.83,16.4,9.6,769.46,True,4.2,13.679999999999998,4,Returning
CUST_02416,4,2495.11,14.75,7.5,440.62,True,3.0,11.85,2,Returning
CUST_02417,3,1771.0099999999998,15.0,9.0,213.07,True,3.3333333333333335,12.6,2,Returning
CUST_02418,6,14395.66,14.333333333333334,8.666666666666666,31.01,True,3.8333333333333335,12.066666666666666,4,Returning
CUST_02419,3,4102.95,14.333333333333334,9.666666666666666,73.68,True,4.666666666666667,12.466666666666667,1,Returning
CUST_02420,4,11044.18,13.25,6.25,1488.63,True,4.75,10.45,0,Returning
CUST_02421,8,11049.52,13.25,9.5,1281.41,True,4.0,11.75,0,Returning
CUST_02422,2,7247.62,19.0,8.5,1076.93,True,3.0,14.8,3,Returning
CUST_02423,2,2174.72,16.0,9.5,597.49,True,5.0,13.4,3,Returning
CUST_02424,3,3064.58,12.666666666666666,8.0,391.11,True,4.666666666666667,10.8,1,Returning
CUST_02425,4,6165.49,15.5,8.75,96.21,True,5.0,12.799999999999999,3,Returning
CUST_02426,2,422.9,13.5,10.5,92.53,True,4.0,12.3,1,Returning
CUST_02427,5,2365.17,15.2,7.6,533.7,True,3.2,12.16,4,Returning
CUST_02428,7,20555.6,16.285714285714285,9.285714285714286,516.98,True,4.428571428571429,13.485714285714286,4,Returning
CUST_02429,3,603.5,12.666666666666666,7.666666666666667,117.60999999999999,True,4.0,10.666666666666666,1,Returning
CUST_02430,8,8021.74,14.25,8.75,172.29000000000002,True,3.25,12.049999999999999,4,Returning
CUST_02431,5,2473.91,12.4,9.0,181.14,True,4.4,11.04,1,Returning
CUST_02432,4,6393.69,14.5,12.75,0.0,True,4.0,13.8,1,Returning
CUST_02433,5,3724.42,13.8,9.2,319.49,True,2.8,11.959999999999999,2,Returning
CUST_02434,1,642.6,14.0,9.0,0.0,True,3.0,12.0,2,Returning
CUST_02435,3,3531.07,15.666666666666666,8.333333333333334,0.0,True,4.0,12.733333333333333,3,Returning
CUST_02436,1,2874.48,15.0,8.0,0.0,True,4.0,12.2,3,Returning
CUST_02437,10,11914.919999999998,14.5,9.9,288.55,True,4.0,12.66,4,Returning
CUST_02438,3,718.1299999999999,15.0,8.666666666666666,75.78,True,4.0,12.466666666666667,3,Returning
CUST_02439,1,200.75,12.0,10.0,0.0,True,4.0,11.2,1,Returning
CUST_02440,3,5984.08,15.333333333333334,11.333333333333334,893.9000000000001,True,4.0,13.733333333333334,4,Returning
CUST_02441,2,319.51,14.5,10.0,68.92999999999999,True,2.0,12.7,2,Returning
CUST_02442,9,14412.189999999999,16.22222222222222,8.333333333333334,75.93,True,3.888888888888889,13.066666666666666,4,Returning
CUST_02443,2,302.99,11.5,9.5,66.52,True,2.5,10.7,2,Returning
CUST_02444,5,6024.09,15.8,9.6,184.52,True,4.0,13.32,4,Returning
CUST_02445,1,521.28,11.0,10.0,0.0,False,4.0,10.6,1,At Risk
CUST_02446,3,3432.57,12.333333333333334,9.333333333333334,0.0,True,4.666666666666667,11.133333333333335,1,Returning
CUST_02447,3,4477.41,16.0,9.666666666666666,67.18,True,5.0,13.466666666666667,3,Returning
CUST_02448,1,3821.75,13.0,9.0,291.79,True,4.0,11.4,1,Returning
CUST_02449,4,4622.91,15.5,10.75,203.18,True,3.25,13.599999999999998,2,Returning
CUST_02450,3,792.62,18.0,11.0,28.14,True,4.0,15.2,3,Returning
CUST_02451,3,1312.58,13.333333333333334,8.666666666666666,289.40999999999997,True,4.333333333333333,11.466666666666667,1,Returning
CUST_02452,4,818.1,15.0,9.0,66.26,True,4.0,12.6,3,Returning
CUST_02453,1,687.94,18.0,9.0,41.91,True,4.0,14.399999999999999,3,Returning
CUST_02454,3,3249.7200000000003,13.333333333333334,8.666666666666666,738.4,True,4.666666666666667,11.466666666666667,1,Returning
CUST_02455,4,13829.710000000001,13.5,9.5,1828.23,True,3.5,11.9,0,Returning
CUST_02456,1,118.15,9.0,7.0,10.58,False,3.0,8.2,2,At Risk
CUST_02457,3,23623.71,13.0,10.0,2001.6299999999999,True,4.0,11.8,0,Returning
CUST_02458,1,1609.5,14.0,10.0,0.0,True,4.0,12.4,1,Returning
CUST_02459,5,26386.899999999998,16.6,8.0,71.37,True,3.4,13.16,4,Returning
CUST_02460,2,1810.76,13.5,6.0,290.34,True,5.0,10.5,3,Returning
CUST_02461,3,533.58,13.333333333333334,9.666666666666666,28.85,True,3.0,11.866666666666667,2,Returning
CUST_02462,3,2540.84,15.0,8.0,12.56,True,2.0,12.2,2,Returning
CUST_02463,3,9623.220000000001,16.0,12.0,1239.28,True,2.6666666666666665,14.4,0,Returning
CUST_02464,6,11409.93,14.666666666666666,8.666666666666666,193.69,True,4.0,12.266666666666666,4,Returning
CUST_02465,3,2239.79,12.666666666666666,8.666666666666666,55.339999999999996,True,4.0,11.066666666666666,1,Returning
CUST_02466,1,146.4,15.0,12.0,37.8,True,3.0,13.8,2,Returning
CUST_02467,1,12404.2,15.0,11.0,0.0,False,5.0,13.4,1,At Risk
CUST_02468,3,2149.44,16.333333333333332,8.333333333333334,215.82999999999998,True,3.0,13.133333333333333,2,Returning
CUST_02469,1,11946.56,15.0,9.0,0.0,False,4.0,12.6,3,At Risk
CUST_02470,3,4277.21,12.333333333333334,8.0,0.0,True,3.3333333333333335,10.600000000000001,2,Returning
CUST_02471,3,1719.29,12.0,10.666666666666666,33.33,True,4.0,11.466666666666665,1,Returning
CUST_02472,1,540.04,14.0,13.0,0.0,False,5.0,13.600000000000001,1,At Risk
CUST_02473,2,2784.92,17.5,6.5,0.0,True,3.0,13.1,3,Returning
CUST_02474,3,1341.03,16.0,9.666666666666666,0.0,True,4.333333333333333,13.466666666666667,3,Returning
CUST_02475,5,2287.2799999999997,14.8,8.4,90.35,True,4.0,12.240000000000002,4,Returning
CUST_02476,3,5640.17,17.333333333333332,11.0,0.0,True,3.6666666666666665,14.799999999999999,3,Returning
CUST_02477,3,13601.62,18.333333333333332,10.666666666666666,2146.42,True,4.666666666666667,15.266666666666666,0,Returning
CUST_02478,2,17589.559999999998,15.5,8.5,0.0,True,4.5,12.7,4,Returning
CUST_02479,5,3339.28,15.2,7.8,14.75,True,4.4,12.239999999999998,3,Returning
CUST_02480,2,1471.6100000000001,14.5,7.5,0.0,True,3.5,11.7,2,Returning
CUST_02481,3,1687.1799999999998,17.0,8.333333333333334,17.65,True,4.333333333333333,13.533333333333333,3,Returning
CUST_02482,4,1129.1100000000001,14.75,8.25,30.77,True,4.5,12.15,3,Returning
CUST_02483,2,1258.93,16.5,8.5,98.27,True,2.5,13.3,2,Returning
CUST_02484,5,15066.71,12.4,9.0,334.7,True,4.4,11.04,4,Returning
CUST_02485,6,10251.23,14.5,7.833333333333333,1020.34,True,4.333333333333333,11.833333333333332,4,Returning
CUST_02486,2,1804.71,12.0,11.0,193.71,True,2.0,11.6,2,Returning
CUST_02487,10,14294.96,14.4,9.2,244.38,True,4.1,12.32,4,Returning
CUST_02488,2,1578.8799999999999,13.0,6.5,362.12,True,5.0,10.4,1,Returning
CUST_02489,2,596.92,14.5,10.5,50.3,True,4.5,12.899999999999999,1,Returning
CUST_02490,2,7886.65,13.5,10.0,101.14,True,3.0,12.1,2,Returning
CUST_02491,2,1907.3899999999999,14.5,8.5,354.7,True,3.5,12.1,2,Returning
CUST_02492,8,11766.67,13.0,8.875,28.35,True,3.625,11.35,4,Returning
CUST_02493,5,7281.84,13.8,8.6,76.26,True,3.6,11.719999999999999,4,Returning
CUST_02494,5,15961.22,14.6,8.6,0.0,True,3.8,12.2,4,Returning
CUST_02495,2,2985.79,16.0,7.5,209.76,True,3.5,12.6,3,Returning
CUST_02496,1,831.86,17.0,11.0,0.0,True,3.0,14.6,2,Returning
CUST_02497,2,1955.1,15.0,10.5,152.11,True,3.5,13.2,2,Returning
CUST_02498,2,2875.5,12.5,10.5,0.0,True,4.5,11.7,1,Returning
CUST_02499,1,334.7,9.0,8.0,0.0,True,4.0,8.6,1,Returning
CUST_02500,7,14605.74,13.857142857142858,7.714285714285714,15.95,True,4.0,11.4,4,Returning
CUST_02501,2,233.76999999999998,13.5,9.0,35.73,True,3.0,11.7,2,Returning
CUST_02502,1,1149.76,16.0,7.0,0.0,True,4.0,12.4,3,Returning
CUST_02503,1,3650.05,15.0,7.0,0.0,True,5.0,11.8,3,Returning
CUST_02504,5,11627.09,12.4,11.0,1918.1100000000001,True,3.4,11.84,0,Returning
CUST_02505,3,2383.69,14.666666666666666,9.0,21.95,True,4.333333333333333,12.399999999999999,3,Returning
CUST_02506,3,3010.31,15.666666666666666,10.0,101.87,True,3.6666666666666665,13.399999999999999,3,Returning
CUST_02507,2,1498.02,16.0,12.0,0.0,True,3.5,14.4,2,Returning
CUST_02508,5,1627.71,14.2,8.4,86.64,True,4.0,11.879999999999999,4,Returning
CUST_02509,2,1362.1399999999999,15.0,6.5,214.9,True,3.0,11.6,2,Returning
CUST_02510,1,317.7,14.0,7.0,0.0,False,4.0,11.200000000000001,3,At Risk
CUST_02511,2,293.67,14.5,8.0,48.61,True,3.5,11.899999999999999,2,Returning
CUST_02512,3,3539.81,13.333333333333334,8.666666666666666,62.42,True,4.333333333333333,11.466666666666667,1,Returning
CUST_02513,1,95.88,15.0,9.0,0.0,True,3.0,12.6,2,Returning
CUST_02514,3,772.31,14.0,9.0,18.87,True,3.6666666666666665,12.0,1,Returning
CUST_02515,8,10821.32,15.5,7.75,633.8799999999999,True,3.75,12.399999999999999,4,Returning
CUST_02516,3,816.56,13.333333333333334,8.333333333333334,17.56,True,3.6666666666666665,11.333333333333334,1,Returning
CUST_02517,3,2515.52,17.666666666666668,9.666666666666666,351.43,True,4.666666666666667,14.466666666666667,3,Returning
CUST_02518,3,13082.92,16.333333333333332,10.333333333333334,14.06,True,4.0,13.933333333333334,4,Returning
CUST_02519,2,6103.3,17.5,9.0,865.48,True,4.0,14.1,3,Returning
CUST_02520,4,3358.0,15.0,7.75,0.0,True,4.5,12.1,3,Returning
CUST_02521,4,2705.98,14.5,10.75,260.84,True,3.0,13.0,2,Returning
CUST_02522,5,13557.21,16.8,9.8,34.21,True,3.8,14.0,4,Returning
CUST_02523,2,888.15,13.5,8.0,90.6,True,5.0,11.3,1,Returning
CUST_02524,3,2739.4300000000003,13.666666666666666,7.666666666666667,150.79000000000002,True,3.6666666666666665,11.266666666666666,2,Returning
CUST_02525,6,24652.52,14.333333333333334,8.833333333333334,2693.73,True,3.8333333333333335,12.133333333333333,0,Returning
CUST_02526,1,1284.45,18.0,11.0,0.0,False,5.0,15.2,3,At Risk
CUST_02527,2,177.42000000000002,14.5,11.0,13.38,True,3.5,13.1,2,Returning
CUST_02528,2,6290.36,15.5,10.5,0.0,True,5.0,13.5,3,Returning
CUST_02529,2,3076.34,16.0,9.0,133.8,True,2.0,13.2,2,Returning
CUST_02530,5,4822.49,13.2,8.8,214.66,True,4.4,11.44,4,Returning
CUST_02531,7,9987.810000000001,15.571428571428571,8.0,19.03,True,3.5714285714285716,12.542857142857141,4,Returning
CUST_02532,2,389.47,15.0,11.0,80.7,True,4.0,13.4,1,Returning
CUST_02533,1,266.72,22.0,8.0,0.0,True,3.0,16.4,3,Returning
CUST_02534,5,6024.699999999999,16.2,7.8,23.94,True,3.0,12.84,4,Returning
CUST_02535,3,4960.63,15.666666666666666,10.333333333333334,564.75,True,5.0,13.533333333333331,3,Returning
CUST_02536,10,35281.6,13.1,9.6,83.28,True,4.0,11.7,0,Returning
CUST_02537,3,4735.0599999999995,18.666666666666668,9.666666666666666,0.0,True,4.333333333333333,15.066666666666668,3,Returning
CUST_02538,2,2412.36,13.0,9.5,0.0,True,5.0,11.6,1,Returning
CUST_02539,2,2829.89,12.0,8.0,706.6099999999999,True,4.0,10.399999999999999,1,Returning
CUST_02540,1,130.59,13.0,6.0,11.88,True,5.0,10.2,1,Returning
CUST_02541,1,1900.95,8.0,11.0,0.0,False,5.0,9.2,1,At Risk
CUST_02542,1,627.36,7.0,8.0,0.0,True,4.0,7.4,1,Returning
CUST_02543,3,448.97,16.333333333333332,10.666666666666666,34.39,True,2.3333333333333335,14.066666666666666,2,Returning
CUST_02544,1,188.53,11.0,10.0,0.0,True,2.0,10.6,2,Returning
CUST_02545,1,337.2,19.0,11.0,0.0,False,4.0,15.8,3,At Risk
CUST_02546,2,8837.4,14.5,5.5,1296.05,True,4.0,10.899999999999999,0,Returning
CUST_02547,2,655.8599999999999,12.0,8.5,0.0,True,4.0,10.6,1,Returning
CUST_02548,1,603.84,14.0,9.0,0.0,True,4.0,12.0,1,Returning
CUST_02549,2,3933.75,15.0,9.5,0.0,True,5.0,12.8,3,Returning
CUST_02550,7,3872.42,14.428571428571429,9.428571428571429,256.67,True,4.0,12.428571428571429,4,Returning
CUST_02551,4,5965.68,15.75,8.5,415.62,True,4.5,12.85,3,Returning
CUST_02552,3,2196.41,14.0,11.0,91.44,True,4.0,12.8,1,Returning
CUST_02553,6,4219.5,16.0,7.166666666666667,208.53,True,4.0,12.466666666666667,4,Returning
CUST_02554,2,145.38,16.0,7.5,39.71,True,4.0,12.6,3,Returning
CUST_02555,3,1198.2600000000002,10.333333333333334,7.0,0.0,True,4.0,9.0,1,Returning
CUST_02556,3,1359.88,14.0,9.0,281.21,True,4.0,12.0,1,Returning
CUST_02557,4,1227.26,13.75,9.5,167.19,True,4.5,12.05,1,Returning
CUST_02558,4,9987.57,14.5,8.75,601.36,True,3.75,12.2,4,Returning
CUST_02559,3,547.51,15.333333333333334,8.0,72.99000000000001,True,4.0,12.399999999999999,3,Returning
CUST_02560,3,989.29,11.333333333333334,8.0,103.65,True,4.666666666666667,10.0,1,Returning
CUST_02561,4,6372.57,17.25,10.25,95.03,True,4.25,14.45,3,Returning
CUST_02562,6,9697.029999999999,15.833333333333334,6.833333333333333,125.99000000000001,True,3.6666666666666665,12.233333333333334,4,Returning
CUST_02563,2,887.05,16.5,10.0,70.35,True,3.5,13.9,3,Returning
CUST_02564,1,2089.25,15.0,9.0,0.0,False,3.0,12.6,2,At Risk
CUST_02565,2,5984.0599999999995,14.0,8.5,48.54,True,5.0,11.8,1,Returning
CUST_02566,4,2382.31,16.0,7.25,48.77,True,4.25,12.5,3,Returning
CUST_02567,1,943.5,15.0,6.0,0.0,False,5.0,11.4,3,At Risk
CUST_02568,2,1226.81,12.0,10.0,336.78999999999996,True,3.0,11.2,2,Returning
CUST_02569,6,17235.12,14.666666666666666,9.333333333333334,551.98,True,3.8333333333333335,12.533333333333333,4,Returning
CUST_02570,5,6348.639999999999,15.4,6.8,80.42,True,2.8,11.96,2,Returning
CUST_02571,2,644.34,14.0,6.5,27.13,True,3.0,11.0,2,Returning
CUST_02572,10,16957.170000000002,13.6,9.4,637.0400000000001,True,4.2,11.92,4,Returning
CUST_02573,4,8625.46,13.0,10.5,1265.8600000000001,True,4.0,12.0,0,Returning
CUST_02574,3,327.45,13.333333333333334,8.0,19.8,True,4.333333333333333,11.2,1,Returning
CUST_02575,3,4206.67,15.0,10.666666666666666,12.6,True,4.0,13.266666666666666,1,Returning
CUST_02576,1,386.31,15.0,8.0,79.92,True,5.0,12.2,3,Returning
CUST_02577,8,15605.81,13.75,8.25,2972.0499999999997,True,3.125,11.55,0,Returning
CUST_02578,6,2275.3900000000003,14.833333333333334,9.0,124.03,True,3.8333333333333335,12.5,4,Returning
CUST_02579,2,1202.31,15.5,9.0,86.69999999999999,True,3.0,12.899999999999999,2,Returning
CUST_02580,2,241.0,14.5,6.5,11.64,True,3.0,11.299999999999999,2,Returning
CUST_02581,3,2129.91,12.666666666666666,10.0,22.85,True,3.0,11.6,2,Returning
CUST_02582,1,56.18,16.0,3.0,10.95,True,5.0,10.8,3,Returning
CUST_02583,3,2585.0699999999997,15.666666666666666,10.333333333333334,489.73,True,4.666666666666667,13.533333333333331,3,Returning
CUST_02584,7,10217.33,16.714285714285715,8.428571428571429,701.56,True,3.0,13.4,4,Returning
CUST_02585,2,16481.71,14.5,9.5,2548.83,True,5.0,12.5,0,Returning
CUST_02586,4,8477.92,14.75,8.25,1750.52,True,4.0,12.15,0,Returning
CUST_02587,1,232.88,19.0,10.0,0.0,True,4.0,15.4,3,Returning
CUST_02588,2,594.62,15.0,8.5,122.74,True,4.0,12.4,3,Returning
CUST_02589,1,235.86,17.0,10.0,0.0,False,5.0,14.2,3,At Risk
CUST_02590,2,288.37,15.5,8.5,11.6,True,4.0,12.7,3,Returning
CUST_02591,3,4543.55,11.666666666666666,7.333333333333333,13.57,True,3.6666666666666665,9.933333333333334,1,Returning
CUST_02592,6,5539.629999999999,13.833333333333334,7.666666666666667,146.16000000000003,True,4.5,11.366666666666667,4,Returning
CUST_02593,2,553.14,17.0,7.5,0.0,True,4.5,13.2,3,Returning
CUST_02594,1,360.13,14.0,8.0,0.0,False,3.0,11.600000000000001,2,At Risk
CUST_02595,6,7983.62,13.0,9.166666666666666,447.90999999999997,True,3.6666666666666665,11.466666666666667,4,Returning
CUST_02596,1,2277.68,11.0,8.0,0.0,True,2.0,9.8,2,Returning
CUST_02597,3,11169.949999999999,16.0,10.0,0.0,True,3.6666666666666665,13.6,4,Returning
CUST_02598,2,1205.8600000000001,14.5,9.0,231.56,True,4.0,12.299999999999999,1,Returning
CUST_02599,3,3425.27,18.666666666666668,9.333333333333334,266.44,True,3.0,14.933333333333335,3,Returning
CUST_02600,2,3231.04,8.5,8.5,844.55,True,3.5,8.5,1,Returning
CUST_02601,1,93.88,12.0,11.0,22.12,False,4.0,11.6,1,At Risk
CUST_02602,4,2513.0,14.75,10.0,256.86,True,4.5,12.85,1,Returning
CUST_02603,10,9312.44,13.9,9.4,138.26,True,3.8,12.1,4,Returning
CUST_02604,5,845.5500000000001,15.8,9.0,129.99,True,3.4,13.08,2,Returning
CUST_02605,4,1111.52,14.25,8.75,7.42,True,3.5,12.049999999999999,2,Returning
CUST_02606,3,1011.91,11.666666666666666,9.333333333333334,84.07000000000001,True,2.6666666666666665,10.733333333333333,2,Returning
CUST_02607,3,2494.14,12.0,9.333333333333334,0.0,True,3.6666666666666665,10.933333333333334,1,Returning
CUST_02608,3,1569.42,14.666666666666666,10.0,33.21,True,3.6666666666666665,12.799999999999999,1,Returning
CUST_02609,4,7884.83,13.0,9.5,3.28,True,3.75,11.6,4,Returning
CUST_02610,3,1175.12,15.666666666666666,9.666666666666666,74.76,True,4.0,13.266666666666666,3,Returning
CUST_02611,3,3616.86,15.0,8.666666666666666,382.15,True,4.0,12.466666666666667,3,Returning
CUST_02612,5,3482.8,14.6,9.0,43.42,True,3.2,12.36,2,Returning
CUST_02613,5,2671.48,14.2,8.6,83.53,True,4.4,11.959999999999999,4,Returning
CUST_02614,9,18333.07,13.444444444444445,8.222222222222221,2821.2,True,3.6666666666666665,11.355555555555554,0,Returning
CUST_02615,2,1861.78,17.0,9.5,8.27,True,4.5,14.0,3,Returning
CUST_02616,1,154.18,15.0,10.0,0.0,True,5.0,13.0,1,Returning
CUST_02617,4,6351.95,14.25,9.5,459.18,True,3.25,12.35,4,Returning
CUST_02618,1,246.28,17.0,10.0,0.0,True,5.0,14.2,3,Returning
CUST_02619,2,398.30000000000007,12.0,11.0,17.08,True,5.0,11.6,1,Returning
CUST_02620,2,381.49,14.0,9.5,0.0,True,4.5,12.200000000000001,1,Returning
CUST_02621,4,2253.7,13.5,9.25,248.48,True,3.75,11.8,1,Returning
CUST_02622,2,576.6600000000001,12.0,5.5,46.18,True,4.5,9.399999999999999,1,Returning
CUST_02623,6,19128.02,14.5,10.333333333333334,266.97999999999996,True,3.0,12.833333333333332,4,Returning
CUST_02624,2,9131.7,19.0,8.0,1025.99,True,3.0,14.600000000000001,3,Returning
CUST_02625,3,1366.08,11.333333333333334,7.666666666666667,0.0,True,4.333333333333333,9.866666666666667,1,Returning
CUST_02626,2,443.39,13.0,9.0,48.489999999999995,True,4.5,11.4,1,Returning
CUST_02627,2,4681.84,15.0,8.0,240.55,True,3.0,12.2,2,Returning
CUST_02628,9,19362.920000000002,15.88888888888889,9.666666666666666,114.32000000000001,True,3.4444444444444446,13.4,4,Returning
CUST_02629,2,640.74,13.0,9.0,0.0,True,4.0,11.4,1,Returning
CUST_02630,5,8479.1,16.0,8.4,1710.47,True,3.8,12.96,0,Returning
CUST_02631,3,9833.150000000001,14.666666666666666,10.333333333333334,0.0,True,4.0,12.933333333333334,4,Returning
CUST_02632,1,420.62,17.0,9.0,0.0,True,3.0,13.799999999999999,2,Returning
CUST_02633,3,1603.51,13.666666666666666,8.333333333333334,26.73,True,2.3333333333333335,11.533333333333333,2,Returning
CUST_02634,2,114.19,15.5,7.0,0.0,True,4.5,12.1,3,Returning
CUST_02635,3,5170.27,16.0,8.333333333333334,114.78,True,4.333333333333333,12.933333333333334,3,Returning
CUST_02636,8,10554.25,13.5,10.125,240.54,True,3.875,12.149999999999999,4,Returning
CUST_02637,5,2610.81,15.4,11.2,0.0,True,3.4,13.719999999999999,4,Returning
CUST_02638,2,409.26,14.5,9.0,32.59,True,4.0,12.299999999999999,1,Returning
CUST_02639,1,3392.82,15.0,10.0,817.26,False,4.0,13.0,1,At Risk
CUST_02640,1,14.28,20.0,10.0,3.73,True,5.0,16.0,3,Returning
CUST_02641,1,294.14,18.0,6.0,71.22,False,5.0,13.2,3,At Risk
CUST_02642,4,3040.21,15.25,10.25,280.78,True,3.75,13.25,3,Returning
CUST_02643,2,519.75,16.5,10.5,0.0,True,4.0,14.100000000000001,3,Returning
CUST_02644,3,856.78,13.333333333333334,7.666666666666667,36.97,True,3.6666666666666665,11.066666666666666,1,Returning
CUST_02645,1,917.08,15.0,7.0,0.0,True,2.0,11.8,2,Returning
CUST_02646,3,1774.54,16.0,9.666666666666666,38.81,True,4.333333333333333,13.466666666666667,3,Returning
CUST_02647,2,474.09,18.5,8.5,59.41,True,3.0,14.5,3,Returning
CUST_02648,10,12737.2,13.4,9.3,860.21,True,3.5,11.76,4,Returning
CUST_02649,2,395.63,16.0,8.5,0.0,True,5.0,13.0,3,Returning
CUST_02650,3,942.8500000000001,18.333333333333332,11.333333333333334,31.8,True,4.666666666666667,15.533333333333331,3,Returning
CUST_02651,2,808.24,18.5,9.0,81.34,True,4.0,14.7,3,Returning
CUST_02652,5,1824.62,11.6,7.6,21.29,True,3.0,10.0,2,Returning
CUST_02653,5,1417.93,12.6,10.0,10.47,True,5.0,11.559999999999999,1,Returning
CUST_02654,2,1699.71,13.5,9.0,162.05,True,5.0,11.7,1,Returning
CUST_02655,1,20.97,14.0,7.0,4.96,True,3.0,11.200000000000001,2,Returning
CUST_02656,6,24230.0,13.833333333333334,9.5,14.55,True,3.1666666666666665,12.100000000000001,4,Returning
CUST_02657,2,409.72,15.5,12.5,52.22,True,4.5,14.299999999999999,1,Returning
CUST_02658,4,1699.9099999999999,15.25,8.5,7.46,True,3.25,12.55,2,Returning
CUST_02659,3,204.62,12.666666666666666,6.333333333333333,5.22,True,3.3333333333333335,10.133333333333333,2,Returning
CUST_02660,3,2659.2299999999996,15.0,9.0,227.47,True,4.333333333333333,12.6,3,Returning
CUST_02661,2,1140.04,14.0,10.5,0.0,True,5.0,12.600000000000001,1,Returning
CUST_02662,2,5998.66,14.5,9.5,67.35,True,4.0,12.5,1,Returning
CUST_02663,2,5834.790000000001,16.0,8.5,0.0,True,4.0,13.0,3,Returning
CUST_02664,1,276.41,17.0,10.0,31.83,True,1.0,14.2,2,Returning
CUST_02665,1,216.08,15.0,11.0,0.0,False,4.0,13.4,1,At Risk
CUST_02666,4,4165.85,14.5,9.5,707.75,True,4.0,12.5,4,Returning
CUST_02667,4,16447.23,15.25,9.75,1086.15,True,4.25,13.05,0,Returning
CUST_02668,10,2479.6,14.5,9.5,197.3,True,3.7,12.5,4,Returning
CUST_02669,3,7971.57,15.0,8.0,985.67,True,3.3333333333333335,12.2,4,Returning
CUST_02670,4,4377.83,17.25,8.25,249.5,True,3.75,13.65,3,Returning
CUST_02671,3,997.8399999999999,12.666666666666666,8.333333333333334,22.720000000000002,True,4.0,10.933333333333334,1,Returning
CUST_02672,3,4793.9400000000005,15.666666666666666,11.666666666666666,0.0,True,4.333333333333333,14.066666666666666,1,Returning
CUST_02673,5,1824.28,14.4,8.0,106.13,True,4.0,11.84,4,Returning
CUST_02674,3,2134.64,15.333333333333334,8.666666666666666,156.87,True,5.0,12.666666666666666,3,Returning
CUST_02675,3,6386.0599999999995,16.333333333333332,9.666666666666666,30.57,True,4.333333333333333,13.666666666666666,3,Returning
CUST_02676,3,9072.369999999999,13.666666666666666,8.0,1160.1999999999998,True,3.3333333333333335,11.399999999999999,4,Returning
CUST_02677,1,113.0,15.0,3.0,0.0,False,5.0,10.2,3,At Risk
CUST_02678,2,1907.11,14.5,10.5,0.0,True,2.5,12.899999999999999,2,Returning
CUST_02679,4,1986.06,13.5,9.25,118.18,True,4.25,11.8,1,Returning
CUST_02680,2,15395.92,15.5,10.0,0.0,True,5.0,13.299999999999999,3,Returning
CUST_02681,1,650.68,14.0,11.0,0.0,True,3.0,12.8,2,Returning
CUST_02682,2,2811.3,12.0,9.0,223.52,True,4.0,10.799999999999999,1,Returning
CUST_02683,1,268.05,19.0,3.0,0.0,True,4.0,12.600000000000001,3,Returning
CUST_02684,4,4739.78,11.75,9.0,138.18,True,3.75,10.65,1,Returning
CUST_02685,3,964.1800000000001,15.0,9.333333333333334,124.25,True,3.3333333333333335,12.733333333333334,2,Returning
CUST_02686,3,4519.7,12.666666666666666,9.0,173.34,True,4.333333333333333,11.2,1,Returning
CUST_02687,2,7509.91,13.0,8.5,1131.71,True,4.0,11.2,1,Returning
CUST_02688,2,437.64,13.5,8.5,0.0,True,3.5,11.5,2,Returning
CUST_02689,8,28726.93,16.125,9.875,706.37,True,3.5,13.625,0,Returning
CUST_02690,1,9453.56,19.0,11.0,0.0,False,4.0,15.8,3,At Risk
CUST_02691,1,135.36,10.0,8.0,0.0,True,5.0,9.2,1,Returning
CUST_02692,3,1465.1100000000001,14.333333333333334,8.666666666666666,186.70999999999998,True,4.0,12.066666666666666,1,Returning
CUST_02693,4,4860.13,17.75,9.0,454.55,True,3.5,14.25,3,Returning
CUST_02694,2,2121.34,17.5,8.0,175.12,True,4.5,13.7,3,Returning
CUST_02695,4,5217.360000000001,13.25,8.25,328.36,True,3.0,11.25,2,Returning
CUST_02696,2,1116.72,12.5,9.0,0.0,True,4.5,11.1,1,Returning
CUST_02697,6,7049.2699999999995,14.666666666666666,7.166666666666667,993.4,True,4.5,11.666666666666666,4,Returning
CUST_02698,3,7398.420000000001,14.333333333333334,9.333333333333334,794.5999999999999,True,4.333333333333333,12.333333333333334,4,Returning
CUST_02699,1,251.65,15.0,10.0,14.91,True,2.0,13.0,2,Returning
CUST_02700,1,379.17,14.0,6.0,0.0,True,5.0,10.8,3,Returning
CUST_02701,8,6439.5199999999995,14.25,10.0,1158.89,True,4.0,12.549999999999999,4,Returning
CUST_02702,2,1239.58,11.5,9.5,223.6,True,3.5,10.7,1,Returning
CUST_02703,2,253.95,17.5,11.5,47.47,True,3.0,15.100000000000001,2,Returning
CUST_02704,2,3535.86,14.5,7.5,8.66,True,3.5,11.7,2,Returning
CUST_02705,3,2711.44,15.666666666666666,10.666666666666666,219.92000000000002,True,2.3333333333333335,13.666666666666664,2,Returning
CUST_02706,2,3434.58,16.0,6.5,0.0,True,3.0,12.2,2,Returning
CUST_02707,4,8741.09,15.25,9.75,230.06,True,2.75,13.05,2,Returning
CUST_02708,5,2700.7400000000002,14.2,9.0,0.0,True,4.4,12.12,1,Returning
CUST_02709,1,2228.96,15.0,9.0,0.0,False,3.0,12.6,2,At Risk
CUST_02710,1,136.2,16.0,9.0,0.0,True,4.0,13.2,3,Returning
CUST_02711,2,1087.57,14.5,7.0,0.0,True,5.0,11.5,3,Returning
CUST_02712,3,1283.24,16.0,8.333333333333334,65.08,True,4.0,12.933333333333334,3,Returning
CUST_02713,6,4250.22,15.833333333333334,9.5,124.34,True,2.8333333333333335,13.3,4,Returning
CUST_02714,9,9983.6,14.11111111111111,10.444444444444445,263.06,True,4.555555555555555,12.644444444444446,4,Returning
CUST_02715,3,1918.8600000000001,13.0,9.0,0.0,True,4.666666666666667,11.4,1,Returning
CUST_02716,2,411.64,13.0,10.5,0.0,True,3.0,12.0,2,Returning
CUST_02717,1,403.2,14.0,7.0,0.0,False,4.0,11.200000000000001,3,At Risk
CUST_02718,3,1173.36,15.333333333333334,11.0,38.42,True,4.666666666666667,13.6,1,Returning
CUST_02719,2,12801.64,13.0,8.5,15.44,True,5.0,11.2,1,Returning
CUST_02720,2,5811.53,15.5,7.5,0.0,True,4.5,12.299999999999999,3,Returning
CUST_02721,2,418.51,11.5,9.5,0.0,True,3.5,10.7,1,Returning
CUST_02722,2,1174.9,16.0,8.5,0.0,True,4.5,13.0,3,Returning
CUST_02723,2,726.66,15.5,7.5,15.06,True,4.5,12.299999999999999,3,Returning
CUST_02724,2,2876.54,16.0,8.0,584.95,True,3.0,12.8,2,Returning
CUST_02725,4,3665.3,13.75,7.75,0.0,True,4.25,11.35,1,Returning
CUST_02726,2,3554.42,17.0,10.5,624.9,True,3.5,14.399999999999999,3,Returning
CUST_02727,1,8605.91,12.0,10.0,1648.14,False,3.0,11.2,0,At Risk
CUST_02728,2,1230.99,13.5,8.5,176.64000000000001,True,3.0,11.5,2,Returning
CUST_02729,2,155.39,16.0,10.0,6.88,True,3.0,13.6,2,Returning
CUST_02730,3,915.47,13.666666666666666,10.666666666666666,146.02,True,4.0,12.466666666666665,1,Returning
CUST_02731,4,3456.3599999999997,15.75,11.75,0.0,True,3.75,14.149999999999999,1,Returning
CUST_02732,4,11741.84,14.0,8.25,37.35,True,4.0,11.700000000000001,4,Returning
CUST_02733,3,734.62,15.0,7.333333333333333,20.71,True,4.666666666666667,11.933333333333334,3,Returning
CUST_02734,1,161.71,13.0,10.0,23.54,True,5.0,11.8,1,Returning
CUST_02735,1,148.92,18.0,11.0,0.0,True,5.0,15.2,3,Returning
CUST_02736,2,405.13,12.5,9.5,63.04,True,4.5,11.3,1,Returning
CUST_02737,2,570.24,15.0,9.0,29.8,True,4.5,12.6,3,Returning
CUST_02738,1,552.52,17.0,10.0,0.0,False,1.0,14.2,2,At Risk
CUST_02739,2,1088.68,14.5,7.0,85.14,True,4.0,11.5,3,Returning
CUST_02740,3,657.42,13.0,10.666666666666666,52.8,True,4.333333333333333,12.066666666666666,1,Returning
CUST_02741,3,2361.69,15.333333333333334,11.0,208.33999999999997,True,4.666666666666667,13.6,1,Returning
CUST_02742,8,5198.67,14.125,8.625,151.92999999999998,True,4.125,11.925,4,Returning
CUST_02743,6,1189.55,13.5,8.166666666666666,12.69,True,3.3333333333333335,11.366666666666667,4,Returning
CUST_02744,6,8395.650000000001,17.333333333333332,9.333333333333334,401.77,True,3.8333333333333335,14.133333333333333,4,Returning
CUST_02745,4,9888.13,14.0,11.0,172.5,True,4.25,12.8,4,Returning
CUST_02746,2,946.9000000000001,16.5,9.0,0.0,True,2.5,13.5,2,Returning
CUST_02747,3,1272.63,15.333333333333334,8.0,7.8,True,4.0,12.399999999999999,3,Returning
CUST_02748,3,2444.26,12.666666666666666,9.666666666666666,98.55,True,3.3333333333333335,11.466666666666667,2,Returning
CUST_02749,5,5962.389999999999,16.0,10.0,825.38,True,4.0,13.6,4,Returning
CUST_02750,2,869.0699999999999,11.5,8.5,17.22,True,3.5,10.3,1,Returning
CUST_02751,1,282.65,16.0,10.0,52.2,True,3.0,13.6,2,Returning
CUST_02752,3,459.28,14.666666666666666,9.333333333333334,51.28,True,4.333333333333333,12.533333333333333,1,Returning
CUST_02753,4,4302.43,13.75,8.0,188.62,True,3.5,11.45,2,Returning
CUST_02754,2,159.41,13.0,6.5,0.0,True,4.5,10.4,1,Returning
CUST_02755,2,1329.29,13.0,8.5,0.0,True,5.0,11.2,1,Returning
CUST_02756,2,958.71,14.5,9.5,109.46,True,4.5,12.5,1,Returning
CUST_02757,2,3260.52,15.5,9.0,0.0,True,2.0,12.899999999999999,2,Returning
CUST_02758,4,8868.259999999998,14.0,9.25,318.47,True,4.25,12.100000000000001,4,Returning
CUST_02759,7,9536.81,15.285714285714286,8.0,188.74,True,4.571428571428571,12.37142857142857,4,Returning
CUST_02760,6,6755.17,13.666666666666666,8.166666666666666,733.85,True,3.3333333333333335,11.466666666666665,4,Returning
CUST_02761,4,3119.0600000000004,13.75,7.5,313.42,True,4.5,11.25,1,Returning
CUST_02762,1,406.67,8.0,5.0,0.0,True,5.0,6.8,1,Returning
CUST_02763,2,2326.4900000000002,14.5,10.0,236.74,True,5.0,12.7,1,Returning
CUST_02764,2,7445.32,15.5,7.0,0.0,True,3.0,12.1,2,Returning
CUST_02765,10,20355.94,15.8,9.1,74.24,True,4.3,13.120000000000001,4,Returning
CUST_02766,1,274.69,17.0,8.0,18.71,False,4.0,13.399999999999999,3,At Risk
CUST_02767,6,9685.72,13.833333333333334,8.833333333333334,15.62,True,4.0,11.833333333333334,4,Returning
CUST_02768,10,18811.44,15.5,8.7,876.52,True,3.9,12.78,0,Returning
CUST_02769,3,498.77000000000004,13.0,12.333333333333334,16.200000000000003,True,4.666666666666667,12.733333333333334,1,Returning
CUST_02770,2,1423.8600000000001,14.5,8.5,192.08,True,4.5,12.1,3,Returning
CUST_02771,2,623.64,12.5,10.5,0.0,True,3.0,11.7,2,Returning
CUST_02772,5,3800.04,13.8,9.6,61.0,True,3.8,12.12,4,Returning
CUST_02773,4,1427.8700000000001,12.75,8.75,26.919999999999998,True,3.75,11.149999999999999,1,Returning
CUST_02774,1,545.17,16.0,9.0,43.87,True,4.0,13.2,3,Returning
CUST_02775,2,683.3800000000001,16.0,6.0,11.49,True,4.0,12.0,3,Returning
CUST_02776,1,73.07,12.0,10.0,19.53,False,4.0,11.2,1,At Risk
CUST_02777,2,1130.67,15.0,11.0,0.0,True,2.5,13.4,2,Returning
CUST_02778,3,6059.74,12.666666666666666,10.666666666666666,543.13,True,4.333333333333333,11.866666666666667,1,Returning
CUST_02779,2,6913.639999999999,16.0,9.0,0.0,True,4.5,13.2,3,Returning
CUST_02780,2,6974.61,12.0,10.0,670.47,True,2.5,11.2,2,Returning
CUST_02781,4,2115.64,13.25,7.5,235.46,True,3.75,10.95,1,Returning
CUST_02782,2,990.5899999999999,14.0,11.5,0.0,True,5.0,13.0,1,Returning
CUST_02783,6,3066.14,17.166666666666668,8.5,407.11,True,3.8333333333333335,13.700000000000001,4,Returning
CUST_02784,4,5261.37,15.25,8.75,89.9,True,4.75,12.65,3,Returning
CUST_02785,6,9297.6,14.333333333333334,9.5,365.31,True,3.8333333333333335,12.4,4,Returning
CUST_02786,1,3018.69,15.0,8.0,0.0,True,5.0,12.2,3,Returning
CUST_02787,1,1262.4,16.0,9.0,146.32,True,4.0,13.2,3,Returning
CUST_02788,3,5951.969999999999,11.666666666666666,8.0,6.76,True,4.333333333333333,10.2,1,Returning
CUST_02789,3,7763.93,13.0,8.666666666666666,1006.09,True,3.6666666666666665,11.266666666666666,4,Returning
CUST_02790,3,606.1700000000001,13.0,9.0,73.83,True,3.3333333333333335,11.4,2,Returning
CUST_02791,9,7579.2300000000005,15.777777777777779,7.111111111111111,25.04,True,4.222222222222222,12.311111111111112,4,Returning
CUST_02792,1,150.12,16.0,9.0,0.0,False,4.0,13.2,3,At Risk
CUST_02793,4,2755.94,14.75,8.5,111.91,True,4.0,12.25,3,Returning
CUST_02794,1,7292.68,18.0,10.0,0.0,False,5.0,14.799999999999999,3,At Risk
CUST_02795,2,6563.25,13.0,8.5,0.0,True,4.5,11.2,1,Returning
CUST_02796,2,1465.4399999999998,16.5,6.0,249.68,True,3.0,12.3,2,Returning
CUST_02797,2,1007.01,17.5,7.0,160.47,True,3.0,13.3,3,Returning
CUST_02798,3,676.04,11.666666666666666,10.666666666666666,6.79,True,3.6666666666666665,11.266666666666666,1,Returning
CUST_02799,1,3278.25,13.0,9.0,0.0,True,4.0,11.4,1,Returning
CUST_02800,2,1658.74,11.5,9.0,0.0,True,5.0,10.5,1,Returning
CUST_02801,7,12661.5,13.714285714285714,10.0,588.95,True,4.142857142857143,12.228571428571428,4,Returning
CUST_02802,3,8075.29,14.0,10.0,1152.25,True,3.6666666666666665,12.4,4,Returning
CUST_02803,4,3070.31,15.75,7.5,0.0,True,4.0,12.45,3,Returning
CUST_02804,9,15554.039999999999,14.666666666666666,8.333333333333334,1261.9299999999998,True,4.111111111111111,12.133333333333333,0,Returning
CUST_02805,3,770.9000000000001,16.666666666666668,8.666666666666666,40.78,True,3.6666666666666665,13.466666666666667,3,Returning
CUST_02806,5,8032.88,15.2,7.8,1414.0,True,3.2,12.239999999999998,0,Returning
CUST_02807,10,28138.690000000002,14.8,9.4,109.47,True,4.2,12.64,4,Returning
CUST_02808,4,4572.86,14.5,8.5,7.39,True,4.5,12.1,3,Returning
CUST_02809,7,5949.58,15.428571428571429,10.428571428571429,210.92000000000002,True,4.0,13.428571428571427,4,Returning
CUST_02810,1,249.78,10.0,6.0,0.0,False,4.0,8.4,1,At Risk
CUST_02811,3,5919.12,14.333333333333334,13.333333333333334,20.02,True,4.333333333333333,13.933333333333334,1,Returning
CUST_02812,3,2366.77,12.333333333333334,8.333333333333334,216.62,True,4.333333333333333,10.733333333333334,1,Returning
CUST_02813,1,37.39,12.0,10.0,0.0,True,5.0,11.2,1,Returning
CUST_02814,2,687.3100000000001,15.5,9.0,130.17,True,5.0,12.899999999999999,3,Returning
CUST_02815,2,564.74,17.0,9.0,70.69,True,4.5,13.799999999999999,3,Returning
CUST_02816,4,5992.129999999999,16.0,9.5,19.64,True,4.5,13.4,3,Returning
CUST_02817,4,1052.99,14.75,6.5,92.37,True,4.0,11.45,3,Returning
CUST_02818,3,15466.26,13.333333333333334,9.666666666666666,1534.38,True,3.0,11.866666666666667,0,Returning
CUST_02819,1,1275.4,17.0,12.0,0.0,True,4.0,15.0,3,Returning
CUST_02820,1,306.22,15.0,7.0,0.0,False,3.0,11.8,2,At Risk
CUST_02821,2,3770.0499999999997,13.0,9.5,0.0,True,4.5,11.6,1,Returning
CUST_02822,1,99.28,21.0,6.0,17.42,True,4.0,15.0,3,Returning
CUST_02823,1,1356.83,14.0,8.0,0.0,False,5.0,11.600000000000001,1,At Risk
CUST_02824,9,8424.64,13.444444444444445,8.666666666666666,175.97,True,3.888888888888889,11.533333333333333,4,Returning
CUST_02825,5,1027.22,13.6,7.8,97.5,True,4.0,11.280000000000001,1,Returning
CUST_02826,3,6845.22,15.333333333333334,8.0,74.36,True,3.3333333333333335,12.399999999999999,2,Returning
CUST_02827,7,9932.6,13.857142857142858,8.571428571428571,370.95,True,3.4285714285714284,11.742857142857144,4,Returning
CUST_02828,5,8854.599999999999,11.6,7.2,455.58,True,4.0,9.84,4,Returning
CUST_02829,1,7603.29,13.0,8.0,1359.31,True,5.0,11.0,1,Returning
CUST_02830,4,2545.4399999999996,11.25,6.75,37.29,True,4.25,9.45,1,Returning
CUST_02831,6,2521.8,14.166666666666666,10.166666666666666,41.01,True,3.8333333333333335,12.566666666666666,4,Returning
CUST_02832,1,619.3,12.0,11.0,0.0,True,2.0,11.6,2,Returning
CUST_02833,3,648.51,11.666666666666666,8.0,63.42999999999999,True,4.666666666666667,10.2,1,Returning
CUST_02834,5,1022.39,12.8,10.4,38.82,True,3.8,11.84,1,Returning
CUST_02835,2,1120.61,14.0,10.5,0.0,True,4.5,12.600000000000001,1,Returning
CUST_02836,3,2486.24,15.0,9.666666666666666,282.62,True,3.0,12.866666666666667,2,Returning
CUST_02837,9,6890.67,16.0,10.11111111111111,377.16,True,4.444444444444445,13.644444444444444,4,Returning
CUST_02838,2,12534.89,13.5,8.5,49.91,True,2.5,11.5,2,Returning
CUST_02839,2,3342.6,14.0,9.0,0.0,True,4.0,12.0,1,Returning
CUST_02840,2,1650.39,17.5,9.0,0.0,True,4.0,14.1,3,Returning
CUST_02841,2,517.98,9.5,8.5,85.0,True,1.5,9.100000000000001,2,Returning
CUST_02842,1,3883.35,15.0,4.0,0.0,True,5.0,10.6,3,Returning
CUST_02843,2,2432.55,15.5,7.5,81.45,True,5.0,12.299999999999999,3,Returning
CUST_02844,3,2358.38,12.666666666666666,8.333333333333334,140.79999999999998,True,5.0,10.933333333333334,1,Returning
CUST_02845,2,401.06,14.0,8.5,18.48,True,4.5,11.8,1,Returning
CUST_02846,1,1620.75,12.0,10.0,0.0,True,4.0,11.2,1,Returning
CUST_02847,9,6473.07,14.88888888888889,8.11111111111111,223.01,True,4.222222222222222,12.177777777777777,4,Returning
CUST_02848,3,1204.37,11.0,9.666666666666666,223.51999999999998,True,2.6666666666666665,10.466666666666667,2,Returning
CUST_02849,3,1310.96,12.0,8.666666666666666,97.55,True,4.0,10.666666666666666,1,Returning
CUST_02850,8,22869.28,15.625,8.875,1459.53,True,4.125,12.925,0,Returning
CUST_02851,3,2049.5,14.333333333333334,5.333333333333333,4.61,True,4.666666666666667,10.733333333333333,3,Returning
CUST_02852,2,2158.25,13.0,6.0,26.67,True,4.0,10.2,1,Returning
CUST_02853,2,931.12,12.0,9.0,132.9,True,3.0,10.799999999999999,2,Returning
CUST_02854,4,1454.07,12.75,9.5,212.72,True,4.25,11.45,1,Returning
CUST_02855,2,2007.69,12.5,9.5,89.97,True,4.5,11.3,1,Returning
CUST_02856,2,29249.71,15.0,7.5,829.26,True,3.0,12.0,0,Returning
CUST_02857,9,12881.98,14.444444444444445,8.666666666666666,317.61,True,3.5555555555555554,12.133333333333333,4,Returning
CUST_02858,1,253.89,12.0,12.0,46.55,True,2.0,12.0,2,Returning
CUST_02859,5,5974.54,14.4,7.8,335.03000000000003,True,3.0,11.760000000000002,4,Returning
CUST_02860,10,15321.66,12.0,8.1,656.54,True,4.2,10.44,4,Returning
CUST_02861,2,187.55,15.0,4.5,14.46,True,4.0,10.8,3,Returning
CUST_02862,4,8432.130000000001,12.25,8.5,863.66,True,4.25,10.75,4,Returning
CUST_02863,2,1220.1,14.5,10.5,0.0,True,4.5,12.899999999999999,1,Returning
CUST_02864,4,6966.82,14.0,10.0,370.82,True,4.5,12.4,1,Returning
CUST_02865,5,6250.109999999999,15.0,7.6,8.13,True,3.2,12.04,4,Returning
CUST_02866,6,2360.4900000000002,15.5,9.166666666666666,356.42,True,3.8333333333333335,12.966666666666665,4,Returning
CUST_02867,8,3907.9500000000003,15.25,8.25,363.86,True,3.875,12.450000000000001,4,Returning
CUST_02868,4,3599.4700000000003,14.5,7.25,131.1,True,3.75,11.6,3,Returning
CUST_02869,1,82.66,16.0,9.0,0.0,True,4.0,13.2,3,Returning
CUST_02870,8,8397.23,14.75,9.25,1137.71,True,4.25,12.55,4,Returning
CUST_02871,6,8084.99,13.0,7.5,126.13,True,3.8333333333333335,10.8,4,Returning
CUST_02872,4,1126.26,17.75,9.75,84.62,True,3.5,14.55,3,Returning
CUST_02873,4,8822.029999999999,13.75,5.5,0.0,True,3.5,10.45,4,Returning
CUST_02874,1,279.88,15.0,15.0,0.0,False,5.0,15.0,1,At Risk
CUST_02875,1,252.22,12.0,7.0,0.0,False,3.0,10.0,2,At Risk
CUST_02876,2,881.89,12.5,10.0,0.0,True,5.0,11.5,1,Returning
CUST_02877,4,10537.39,14.75,9.0,174.5,True,3.75,12.45,4,Returning
CUST_02878,4,1949.8600000000001,14.25,8.0,169.01000000000002,True,4.0,11.75,3,Returning
CUST_02879,3,917.02,13.0,9.333333333333334,37.7,True,3.6666666666666665,11.533333333333333,1,Returning
CUST_02880,8,7432.37,14.75,9.5,348.96,True,4.0,12.65,4,Returning
CUST_02881,5,3926.28,14.6,9.8,655.96,True,4.2,12.68,4,Returning
CUST_02882,2,1330.4,16.0,7.5,0.0,True,4.0,12.6,3,Returning
CUST_02883,1,168.2,17.0,5.0,0.0,True,5.0,12.2,3,Returning
CUST_02884,9,12056.86,14.777777777777779,8.88888888888889,171.45,True,3.111111111111111,12.422222222222222,4,Returning
CUST_02885,1,83.32,15.0,5.0,4.48,True,5.0,11.0,3,Returning
CUST_02886,5,1731.38,17.0,10.0,0.0,True,4.4,14.2,3,Returning
CUST_02887,2,816.0999999999999,12.5,9.5,128.69,True,4.5,11.3,1,Returning
CUST_02888,1,664.2,9.0,7.0,0.0,False,4.0,8.2,1,At Risk
CUST_02889,4,2199.07,16.75,8.75,65.99,True,3.75,13.549999999999999,3,Returning
CUST_02890,7,12856.460000000001,16.428571428571427,8.714285714285714,460.22999999999996,True,3.4285714285714284,13.342857142857142,4,Returning
CUST_02891,3,5199.08,13.0,10.0,82.41,True,4.333333333333333,11.8,1,Returning
CUST_02892,2,800.5600000000001,14.0,9.0,0.0,True,4.0,12.0,1,Returning
CUST_02893,3,361.13,15.666666666666666,5.666666666666667,33.07,True,4.333333333333333,11.666666666666666,3,Returning
CUST_02894,4,5462.23,12.75,9.25,464.71000000000004,True,4.5,11.35,1,Returning
CUST_02895,5,5123.389999999999,15.6,7.8,653.66,True,4.0,12.48,4,Returning
CUST_02896,4,8281.36,15.75,9.25,0.0,True,2.75,13.149999999999999,2,Returning
CUST_02897,7,9744.95,15.285714285714286,9.428571428571429,1144.01,True,4.571428571428571,12.942857142857143,4,Returning
CUST_02898,4,4829.23,13.5,8.0,251.42,True,4.5,11.3,1,Returning
CUST_02899,2,3081.69,14.5,9.0,0.0,True,4.5,12.299999999999999,1,Returning
CUST_02900,6,6734.280000000001,14.0,8.166666666666666,53.07,True,3.6666666666666665,11.666666666666668,4,Returning
CUST_02901,2,3994.23,19.0,7.5,0.0,True,4.5,14.4,3,Returning
CUST_02902,4,6095.8,12.5,9.25,3.48,True,3.0,11.2,2,Returning
CUST_02903,4,1226.39,14.5,8.25,94.21,True,4.75,12.0,3,Returning
CUST_02904,4,17020.24,15.25,8.75,18.44,True,3.75,12.65,4,Returning
CUST_02905,5,6244.41,15.0,9.0,11.29,True,4.4,12.6,4,Returning
CUST_02906,3,249.78,11.666666666666666,10.0,15.08,True,4.0,11.0,1,Returning
CUST_02907,2,1640.46,16.0,10.0,240.54,True,4.0,13.6,3,Returning
CUST_02908,1,251.44,18.0,11.0,16.8,True,5.0,15.2,3,Returning
CUST_02909,7,6848.72,15.428571428571429,9.142857142857142,121.69999999999999,True,3.7142857142857144,12.914285714285713,4,Returning
CUST_02910,2,394.4,14.0,8.5,0.0,True,3.5,11.8,2,Returning
CUST_02911,2,1780.1200000000001,15.5,10.0,0.0,True,4.0,13.299999999999999,3,Returning
CUST_02912,4,5087.13,16.25,10.0,153.98000000000002,True,4.25,13.75,3,Returning
CUST_02913,4,6503.67,16.25,9.5,683.1999999999999,True,3.0,13.55,4,Returning
CUST_02914,4,1785.41,11.5,8.5,130.25,True,2.25,10.3,2,Returning
CUST_02915,4,579.3100000000001,14.25,7.75,59.34,True,3.5,11.649999999999999,2,Returning
CUST_02916,1,94.61,12.0,11.0,17.23,True,3.0,11.6,2,Returning
CUST_02917,2,8078.21,16.5,10.5,1026.58,True,5.0,14.100000000000001,3,Returning
CUST_02918,3,12793.220000000001,14.333333333333334,10.666666666666666,0.0,True,4.0,12.866666666666667,4,Returning
CUST_02919,7,9873.12,14.571428571428571,8.428571428571429,599.27,True,3.7142857142857144,12.114285714285714,4,Returning
CUST_02920,4,25007.68,12.75,10.5,3174.5899999999997,True,3.75,11.85,0,Returning
CUST_02921,2,515.9,13.0,7.5,46.33,True,4.0,10.8,1,Returning
CUST_02922,7,5103.87,14.714285714285714,9.142857142857142,51.37,True,3.7142857142857144,12.485714285714284,4,Returning
CUST_02923,7,6799.01,15.714285714285714,9.428571428571429,220.18,True,4.428571428571429,13.2,4,Returning
CUST_02924,1,1885.91,15.0,6.0,510.25,True,4.0,11.4,3,Returning
CUST_02925,2,1056.4,7.5,7.5,0.0,True,3.5,7.5,1,Returning
CUST_02926,1,680.35,12.0,11.0,0.0,True,4.0,11.6,1,Returning
CUST_02927,5,5428.13,13.6,9.0,361.97999999999996,True,3.8,11.76,4,Returning
CUST_02928,10,10311.19,14.9,8.4,277.75,True,4.1,12.3,4,Returning
CUST_02929,3,2687.94,15.0,10.333333333333334,149.87,True,4.0,13.133333333333333,1,Returning
CUST_02930,3,1018.56,16.333333333333332,8.0,150.23999999999998,True,4.333333333333333,13.0,3,Returning
CUST_02931,1,349.78,20.0,7.0,72.02,True,3.0,14.8,3,Returning
CUST_02932,2,347.13,14.5,10.0,21.25,True,4.5,12.7,1,Returning
CUST_02933,1,162.3,14.0,5.0,44.18,False,5.0,10.4,3,At Risk
CUST_02934,4,4695.14,15.75,9.5,4.19,True,3.75,13.25,3,Returning
CUST_02935,1,283.54,15.0,9.0,0.0,True,3.0,12.6,2,Returning
CUST_02936,2,890.16,11.0,7.0,0.0,True,3.0,9.4,2,Returning
CUST_02937,2,3621.87,13.5,9.5,408.13,True,3.5,11.9,2,Returning
CUST_02938,2,2969.1000000000004,15.0,10.5,176.01,True,4.0,13.2,1,Returning
CUST_02939,3,1751.23,14.666666666666666,10.333333333333334,194.49,True,4.0,12.933333333333334,1,Returning
CUST_02940,2,2226.9,12.5,9.0,30.65,True,4.5,11.1,1,Returning
CUST_02941,2,263.35,15.5,8.5,50.61,True,2.0,12.7,2,Returning
CUST_02942,1,33.37,21.0,8.0,3.84,False,5.0,15.8,3,At Risk
CUST_02943,2,2074.7000000000003,15.5,6.5,0.0,True,4.5,11.899999999999999,3,Returning
CUST_02944,2,2819.09,14.5,11.0,0.0,True,3.0,13.1,2,Returning
CUST_02945,4,1975.64,14.25,10.75,202.79000000000002,True,4.0,12.849999999999998,1,Returning
CUST_02946,1,75.79,19.0,9.0,0.0,False,5.0,15.0,3,At Risk
CUST_02947,3,1976.44,13.666666666666666,9.0,176.99,True,5.0,11.799999999999999,1,Returning
CUST_02948,4,2128.6099999999997,13.75,7.75,223.78,True,4.5,11.35,1,Returning
CUST_02949,7,2377.33,12.714285714285714,10.571428571428571,29.79,True,4.142857142857143,11.857142857142858,4,Returning
CUST_02950,1,1271.3,11.0,9.0,0.0,False,4.0,10.2,1,At Risk
CUST_02951,2,10939.93,14.0,6.5,194.25,True,3.5,11.0,2,Returning
CUST_02952,3,2780.33,10.333333333333334,8.666666666666666,542.24,True,5.0,9.666666666666668,1,Returning
CUST_02953,2,1797.58,14.0,4.5,258.73,True,3.0,10.200000000000001,2,Returning
CUST_02954,3,1487.18,13.666666666666666,8.333333333333334,87.75,True,3.0,11.533333333333333,2,Returning
CUST_02955,7,7868.950000000001,16.428571428571427,10.857142857142858,1099.74,True,3.857142857142857,14.2,4,Returning
CUST_02956,5,11899.03,14.2,8.2,1482.32,True,3.6,11.799999999999999,0,Returning
CUST_02957,8,13397.09,13.125,9.75,71.14,True,4.625,11.775,4,Returning
CUST_02958,4,4891.93,12.5,8.0,568.68,True,3.75,10.7,4,Returning
CUST_02959,3,10377.68,12.666666666666666,8.333333333333334,170.45,True,4.333333333333333,10.933333333333334,1,Returning
CUST_02960,1,152.7,18.0,10.0,22.26,True,5.0,14.799999999999999,3,Returning
CUST_02961,1,235.9,13.0,8.0,0.0,False,4.0,11.0,1,At Risk
CUST_02962,5,11506.52,14.0,10.0,148.14000000000001,True,4.4,12.4,4,Returning
CUST_02963,4,813.3199999999999,16.0,7.5,24.93,True,4.0,12.6,3,Returning
CUST_02964,3,4873.610000000001,13.333333333333334,9.333333333333334,438.97,True,2.6666666666666665,11.733333333333334,2,Returning
CUST_02965,2,3557.5699999999997,10.5,8.5,207.27,True,3.0,9.7,2,Returning
CUST_02966,4,7463.32,15.0,8.75,818.7,True,3.25,12.5,4,Returning
CUST_02967,7,13267.79,13.857142857142858,8.714285714285714,608.74,True,3.142857142857143,11.8,4,Returning
CUST_02968,1,824.47,15.0,11.0,143.63,False,5.0,13.4,1,At Risk
CUST_02969,2,1698.04,17.0,9.5,0.0,True,4.0,14.0,3,Returning
CUST_02970,2,930.5600000000001,16.5,12.0,0.0,True,4.0,14.700000000000001,3,Returning
CUST_02971,4,1179.04,12.0,9.25,13.2,True,4.25,10.899999999999999,1,Returning
CUST_02972,4,25590.149999999998,14.5,10.75,604.68,True,3.0,13.0,0,Returning
CUST_02973,1,1228.53,17.0,11.0,0.0,False,3.0,14.6,2,At Risk
CUST_02974,1,177.28,15.0,9.0,40.52,True,5.0,12.6,3,Returning
CUST_02975,1,269.55,14.0,11.0,0.0,False,4.0,12.8,1,At Risk
CUST_02976,5,2443.1099999999997,13.6,9.8,0.0,True,4.0,12.08,1,Returning
CUST_02977,4,1480.52,15.5,8.25,25.16,True,4.0,12.6,3,Returning
CUST_02978,2,2402.88,13.0,9.0,275.7,True,3.5,11.4,1,Returning
CUST_02979,2,591.86,15.5,9.0,46.94,True,3.0,12.899999999999999,2,Returning
CUST_02980,5,7226.0599999999995,16.2,8.6,1412.98,True,4.0,13.159999999999998,0,Returning
CUST_02981,3,2963.87,13.0,12.0,153.41,True,4.666666666666667,12.600000000000001,1,Returning
CUST_02982,5,4303.05,14.4,9.8,334.98,True,4.0,12.56,4,Returning
CUST_02983,6,5723.07,15.166666666666666,8.5,187.52,True,3.5,12.5,4,Returning
CUST_02984,3,2859.64,17.333333333333332,5.333333333333333,16.18,True,4.0,12.533333333333331,3,Returning
CUST_02985,3,8649.43,14.333333333333334,9.333333333333334,649.36,True,4.0,12.333333333333334,4,Returning
CUST_02986,2,9231.599999999999,14.5,10.5,2234.64,True,3.0,12.899999999999999,0,Returning
CUST_02987,3,1919.47,17.666666666666668,6.333333333333333,124.05,True,4.666666666666667,13.133333333333333,3,Returning
CUST_02988,2,151.78,15.5,7.0,9.62,True,2.5,12.1,2,Returning
CUST_02989,3,9488.32,14.666666666666666,10.333333333333334,4.43,True,3.0,12.933333333333334,2,Returning
CUST_02990,4,793.77,13.75,8.5,57.03,True,4.75,11.65,1,Returning
CUST_02991,1,2202.41,12.0,10.0,348.19,True,4.0,11.2,1,Returning
CUST_02992,4,2126.24,13.75,10.75,0.0,True,2.75,12.55,2,Returning
CUST_02993,1,260.9,16.0,11.0,0.0,False,4.0,14.0,3,At Risk
CUST_02994,5,2426.21,14.4,10.2,72.62,True,4.0,12.72,1,Returning
CUST_02995,2,3121.91,12.5,9.0,146.45,True,4.5,11.1,1,Returning
CUST_02996,2,908.1199999999999,14.0,11.5,154.48,True,4.5,13.0,1,Returning
CUST_02997,1,4202.0,17.0,12.0,639.56,True,4.0,15.0,3,Returning
CUST_02998,8,6868.71,14.75,8.25,402.35,True,3.625,12.15,4,Returning
CUST_02999,1,421.52,15.0,11.0,77.12,True,3.0,13.4,2,Returning
CUST_03000,3,12864.93,12.666666666666666,8.0,0.0,True,2.3333333333333335,10.8,2,Returning
CUST_03001,4,1747.64,14.25,8.5,116.39999999999999,True,3.25,11.95,2,Returning
CUST_03002,7,2369.67,14.142857142857142,7.571428571428571,263.69,True,4.142857142857143,11.514285714285714,4,Returning
CUST_03003,3,751.36,14.666666666666666,9.0,55.88,True,4.0,12.399999999999999,3,Returning
CUST_03004,2,3208.3199999999997,17.0,6.0,0.0,True,4.5,12.6,3,Returning
CUST_03005,1,73.35,18.0,6.0,0.0,True,4.0,13.2,3,Returning
CUST_03006,2,550.66,11.5,9.5,4.33,True,4.0,10.7,1,Returning
CUST_03007,2,644.14,19.0,10.0,0.0,True,2.5,15.4,2,Returning
CUST_03008,4,1590.6399999999999,13.0,6.75,0.0,True,3.5,10.5,2,Returning
CUST_03009,2,1636.0800000000002,12.0,6.5,0.0,True,5.0,9.799999999999999,1,Returning
CUST_03010,8,11830.58,15.625,8.125,1774.95,True,4.125,12.625,0,Returning
CUST_03011,1,73.88,15.0,10.0,0.0,True,3.0,13.0,2,Returning
CUST_03012,2,3399.32,15.0,7.0,714.41,True,5.0,11.8,3,Returning
CUST_03013,6,5945.31,15.166666666666666,7.666666666666667,414.33,True,3.1666666666666665,12.166666666666666,4,Returning
CUST_03014,2,5930.69,13.5,7.5,80.16,True,5.0,11.1,1,Returning
CUST_03015,3,10037.43,11.666666666666666,10.0,846.99,True,3.3333333333333335,11.0,4,Returning
CUST_03016,3,1437.21,15.0,11.0,180.27,True,3.6666666666666665,13.4,1,Returning
CUST_03017,3,1541.44,16.0,9.666666666666666,337.28000000000003,True,3.6666666666666665,13.466666666666667,3,Returning
CUST_03018,2,440.95,16.5,9.5,49.97,True,4.5,13.700000000000001,3,Returning
CUST_03019,9,4454.0599999999995,13.777777777777779,9.444444444444445,100.47,True,4.222222222222222,12.044444444444446,4,Returning
CUST_03020,1,7382.04,12.0,11.0,0.0,True,3.0,11.6,2,Returning
CUST_03021,1,95.96,14.0,9.0,16.03,False,2.0,12.0,2,At Risk
CUST_03022,2,2880.4199999999996,15.0,8.0,22.23,True,4.0,12.2,3,Returning
CUST_03023,2,2000.01,16.0,9.5,212.76999999999998,True,4.5,13.4,3,Returning
CUST_03024,5,1998.67,15.6,8.0,257.68,True,3.2,12.559999999999999,2,Returning
CUST_03025,3,1489.94,12.0,10.666666666666666,248.42000000000002,True,4.333333333333333,11.466666666666665,1,Returning
CUST_03026,4,1686.0700000000002,15.25,9.5,14.61,True,4.5,12.950000000000001,3,Returning
CUST_03027,3,7149.17,16.0,10.0,0.0,True,4.333333333333333,13.6,3,Returning
CUST_03028,2,683.5,14.0,9.5,51.7,True,3.5,12.200000000000001,2,Returning
CUST_03029,2,1056.55,12.0,11.5,0.0,True,3.0,11.8,2,Returning
CUST_03030,2,1438.02,16.0,7.0,335.83,True,4.5,12.4,3,Returning
CUST_03031,5,6030.08,17.0,7.8,409.75,True,3.6,13.32,4,Returning
CUST_03032,8,9542.08,12.375,8.5,547.41,True,3.75,10.825,4,Returning
CUST_03033,1,264.18,15.0,6.0,0.0,True,5.0,11.4,3,Returning
CUST_03034,3,3039.5099999999998,12.0,9.666666666666666,0.0,True,4.0,11.066666666666666,1,Returning
CUST_03035,1,409.65,13.0,12.0,54.49,True,5.0,12.600000000000001,1,Returning
CUST_03036,1,420.8,17.0,8.0,0.0,False,4.0,13.399999999999999,3,At Risk
CUST_03037,2,5694.990000000001,10.5,11.5,4.26,True,3.0,10.9,1,Returning
CUST_03038,3,1493.91,16.666666666666668,8.0,31.26,True,3.6666666666666665,13.2,3,Returning
CUST_03039,5,1752.5800000000002,13.2,8.0,64.67,True,4.4,11.12,1,Returning
CUST_03040,6,9724.91,13.833333333333334,8.833333333333334,72.88,True,3.1666666666666665,11.833333333333334,4,Returning
CUST_03041,6,28463.519999999997,14.0,8.5,631.37,True,4.5,11.8,0,Returning
CUST_03042,1,289.1,17.0,7.0,0.0,True,5.0,13.0,3,Returning
CUST_03043,1,146.01,11.0,10.0,0.0,True,4.0,10.6,1,Returning
CUST_03044,7,3462.92,13.857142857142858,7.428571428571429,511.14000000000004,True,3.5714285714285716,11.285714285714286,4,Returning
CUST_03045,9,8198.3,15.444444444444445,7.777777777777778,591.5,True,3.888888888888889,12.377777777777776,4,Returning
CUST_03046,3,7179.76,15.0,7.666666666666667,235.44,True,4.0,12.066666666666666,3,Returning
CUST_03047,4,6303.76,14.0,6.0,106.09,True,3.75,10.8,4,Returning
CUST_03048,1,764.69,15.0,9.0,178.09,True,2.0,12.6,2,Returning
CUST_03049,5,19913.21,14.2,9.8,0.0,True,4.0,12.44,4,Returning
CUST_03050,5,2467.71,18.0,9.0,37.91,True,4.6,14.399999999999999,3,Returning
CUST_03051,2,5179.3,12.5,8.0,1039.52,True,3.0,10.7,2,Returning
CUST_03052,7,11165.089999999998,13.714285714285714,8.714285714285714,1855.29,True,3.7142857142857144,11.714285714285714,0,Returning
CUST_03053,4,8582.8,13.5,8.0,533.7,True,4.0,11.3,4,Returning
CUST_03054,7,23716.34,11.428571428571429,9.857142857142858,726.89,True,3.7142857142857144,10.8,0,Returning
CUST_03055,3,1097.46,15.666666666666666,9.333333333333334,4.55,True,4.666666666666667,13.133333333333333,3,Returning
CUST_03056,2,1425.1000000000001,12.0,8.5,114.37,True,5.0,10.6,1,Returning
CUST_03057,8,11949.800000000001,14.5,9.125,0.0,True,4.125,12.35,4,Returning
CUST_03058,4,3169.3500000000004,17.0,9.75,24.99,True,3.75,14.1,3,Returning
CUST_03059,2,2296.15,16.5,11.5,54.89,True,3.0,14.5,2,Returning
CUST_03060,5,4931.0599999999995,13.8,8.8,335.64,True,3.6,11.8,4,Returning
CUST_03061,1,5581.34,17.0,13.0,0.0,True,5.0,15.399999999999999,3,Returning
CUST_03062,1,6096.09,17.0,9.0,0.0,True,4.0,13.799999999999999,3,Returning
CUST_03063,3,6836.17,13.666666666666666,11.666666666666666,177.16000000000003,True,3.0,12.866666666666667,2,Returning
CUST_03064,1,263.51,12.0,9.0,0.0,True,5.0,10.799999999999999,1,Returning
CUST_03065,2,1340.74,13.5,10.5,237.28,True,3.0,12.3,2,Returning
CUST_03066,3,1728.08,15.0,9.0,152.93,True,5.0,12.6,3,Returning
CUST_03067,4,11594.09,13.0,8.0,174.81,True,4.0,11.0,4,Returning
CUST_03068,2,7137.8,15.0,10.5,0.0,True,3.5,13.2,2,Returning
CUST_03069,4,3578.91,16.0,7.5,326.66999999999996,True,4.75,12.6,3,Returning
CUST_03070,5,1551.6100000000001,15.4,8.4,38.2,True,4.6,12.600000000000001,3,Returning
CUST_03071,3,676.81,13.333333333333334,7.666666666666667,30.48,True,4.333333333333333,11.066666666666666,1,Returning
CUST_03072,3,1127.67,16.333333333333332,9.333333333333334,214.94,True,4.0,13.533333333333333,3,Returning
CUST_03073,4,991.86,13.5,8.5,0.0,True,3.75,11.5,1,Returning
CUST_03074,1,52.2,13.0,14.0,0.0,True,4.0,13.4,1,Returning
CUST_03075,4,12994.960000000001,15.5,6.75,828.8100000000001,True,4.5,12.0,4,Returning
CUST_03076,1,575.16,16.0,8.0,0.0,False,5.0,12.8,3,At Risk
CUST_03077,4,3897.49,13.5,8.5,311.09,True,3.25,11.5,2,Returning
CUST_03078,6,6567.629999999999,15.0,9.333333333333334,382.89,True,4.666666666666667,12.733333333333334,4,Returning
CUST_03079,3,1526.4199999999998,14.333333333333334,9.0,0.0,True,3.6666666666666665,12.2,2,Returning
CUST_03080,4,4462.889999999999,13.75,8.0,676.67,True,4.75,11.45,1,Returning
CUST_03081,3,11865.24,15.0,7.666666666666667,1322.99,True,3.0,12.066666666666666,0,Returning
CUST_03082,2,2027.5900000000001,13.5,8.0,7.01,True,5.0,11.3,1,Returning
CUST_03083,4,656.4,15.25,10.75,4.16,True,4.0,13.45,1,Returning
CUST_03084,2,29427.769999999997,14.5,10.5,107.81,True,3.0,12.899999999999999,4,Returning
CUST_03085,7,2744.31,15.571428571428571,10.142857142857142,3.24,True,4.142857142857143,13.399999999999999,4,Returning
CUST_03086,3,1007.45,15.666666666666666,9.666666666666666,13.19,True,3.3333333333333335,13.266666666666666,2,Returning
CUST_03087,3,3513.43,14.666666666666666,7.333333333333333,805.23,True,4.333333333333333,11.733333333333333,3,Returning
CUST_03088,8,18555.96,14.0,10.125,639.97,True,4.125,12.45,4,Returning
CUST_03089,2,1708.56,19.0,8.0,241.29999999999998,True,3.0,14.600000000000001,3,Returning
CUST_03090,1,943.2,15.0,7.0,0.0,False,3.0,11.8,2,At Risk
CUST_03091,1,148.17,11.0,8.0,13.14,False,2.0,9.8,2,At Risk
CUST_03092,3,4351.700000000001,13.0,9.666666666666666,751.9000000000001,True,4.666666666666667,11.666666666666666,1,Returning
CUST_03093,3,4029.78,16.0,7.666666666666667,874.79,True,2.0,12.666666666666666,2,Returning
CUST_03094,4,2556.37,14.5,9.5,377.78,True,3.5,12.5,2,Returning
CUST_03095,5,2938.2300000000005,16.6,9.8,150.03,True,4.4,13.88,3,Returning
CUST_03096,3,1045.77,15.333333333333334,11.0,179.54,True,2.3333333333333335,13.6,2,Returning
CUST_03097,7,3690.3199999999997,14.714285714285714,8.714285714285714,11.41,True,3.5714285714285716,12.314285714285713,4,Returning
CUST_03098,4,9100.4,13.25,10.25,818.55,True,3.75,12.05,4,Returning
CUST_03099,2,3622.3900000000003,15.0,9.5,282.65,True,3.0,12.8,2,Returning
CUST_03100,4,945.71,11.0,10.25,173.85000000000002,True,4.5,10.7,1,Returning
CUST_03101,4,1037.46,14.5,10.25,60.36,True,3.75,12.8,1,Returning
CUST_03102,3,3350.06,15.0,8.333333333333334,22.66,True,3.3333333333333335,12.333333333333334,2,Returning
CUST_03103,8,6296.1,14.625,8.625,133.34,True,3.875,12.225000000000001,4,Returning
CUST_03104,6,2122.67,14.333333333333334,8.5,73.99,True,3.1666666666666665,12.0,4,Returning
CUST_03105,5,1145.2,14.6,9.4,9.44,True,3.2,12.52,2,Returning
CUST_03106,2,577.04,12.0,11.0,36.18,True,4.5,11.6,1,Returning
CUST_03107,2,258.06,13.5,8.0,25.32,True,4.0,11.3,1,Returning
CUST_03108,2,1232.28,11.5,9.5,0.0,True,3.0,10.7,2,Returning
CUST_03109,2,3893.74,17.0,9.5,420.46999999999997,True,3.5,14.0,3,Returning
CUST_03110,1,143.32,9.0,10.0,20.32,True,4.0,9.399999999999999,1,Returning
CUST_03111,3,1535.81,15.0,9.666666666666666,0.0,True,3.3333333333333335,12.866666666666667,2,Returning
CUST_03112,2,392.92,12.5,7.5,0.0,True,3.5,10.5,2,Returning
CUST_03113,6,15000.03,15.666666666666666,9.0,0.0,True,4.166666666666667,12.999999999999998,4,Returning
CUST_03114,2,1583.65,15.0,6.5,413.5,True,4.5,11.6,3,Returning
CUST_03115,2,395.81,13.0,8.0,16.71,True,3.5,11.0,2,Returning
CUST_03116,5,9736.68,16.0,8.8,79.26,True,2.8,13.120000000000001,4,Returning
CUST_03117,7,4756.24,15.428571428571429,7.428571428571429,40.94,True,3.0,12.228571428571428,4,Returning
CUST_03118,9,6183.53,14.777777777777779,8.777777777777779,505.48,True,4.555555555555555,12.377777777777778,4,Returning
CUST_03119,2,624.41,12.5,6.5,34.51,True,4.0,10.1,1,Returning
CUST_03120,1,216.21,18.0,14.0,32.85,False,3.0,16.4,2,At Risk
CUST_03121,3,2592.54,12.666666666666666,10.0,0.0,True,4.0,11.6,1,Returning
CUST_03122,6,5565.71,12.5,7.333333333333333,113.49,True,4.166666666666667,10.433333333333334,4,Returning
CUST_03123,9,34205.2,13.555555555555555,9.333333333333334,1053.3600000000001,True,4.0,11.866666666666667,0,Returning
CUST_03124,4,1668.4099999999999,16.0,9.5,10.8,True,5.0,13.4,3,Returning
CUST_03125,1,1604.04,17.0,9.0,0.0,True,5.0,13.799999999999999,3,Returning
CUST_03126,1,181.42,13.0,12.0,0.0,False,4.0,12.600000000000001,1,At Risk
CUST_03127,4,5402.34,16.75,11.0,0.0,True,3.75,14.45,3,Returning
CUST_03128,2,26386.49,13.5,8.5,0.0,True,4.0,11.5,4,Returning
CUST_03129,4,5792.539999999999,15.0,8.25,244.62,True,4.25,12.3,3,Returning
CUST_03130,2,631.44,15.0,11.5,0.0,True,4.0,13.600000000000001,1,Returning
CUST_03131,1,486.75,15.0,8.0,0.0,False,5.0,12.2,3,At Risk
CUST_03132,3,4417.6900000000005,15.333333333333334,8.666666666666666,422.47999999999996,True,4.0,12.666666666666666,3,Returning
CUST_03133,6,8632.81,13.666666666666666,7.5,601.55,True,4.333333333333333,11.2,4,Returning
CUST_03134,3,399.39,16.333333333333332,9.333333333333334,8.82,True,5.0,13.533333333333333,3,Returning
CUST_03135,10,23671.260000000002,15.2,7.5,2244.9300000000003,True,3.6,12.12,0,Returning
CUST_03136,2,1902.4599999999998,11.0,8.0,6.52,True,5.0,9.8,1,Returning
CUST_03137,10,4658.25,15.1,8.8,470.86,True,3.2,12.579999999999998,4,Returning
CUST_03138,3,3834.68,16.0,8.666666666666666,224.23,True,3.3333333333333335,13.066666666666666,2,Returning
CUST_03139,2,973.4399999999999,13.0,14.0,123.9,True,4.0,13.4,1,Returning
CUST_03140,9,8873.27,16.0,10.0,274.88,True,4.666666666666667,13.6,4,Returning
CUST_03141,5,8724.6,13.8,8.6,212.01,True,3.2,11.719999999999999,4,Returning
CUST_03142,4,2136.31,11.75,7.75,26.93,True,4.25,10.15,1,Returning
CUST_03143,3,4044.95,14.666666666666666,10.333333333333334,101.4,True,4.0,12.933333333333334,1,Returning
CUST_03144,2,4197.39,16.0,11.5,959.8100000000001,True,3.5,14.2,2,Returning
CUST_03145,4,6312.48,14.75,8.5,0.0,True,3.5,12.25,4,Returning
CUST_03146,2,2653.08,13.5,9.0,145.92000000000002,True,2.5,11.7,2,Returning
CUST_03147,3,9423.779999999999,13.666666666666666,9.333333333333334,5.04,True,4.333333333333333,11.933333333333334,1,Returning
CUST_03148,1,74.93,15.0,5.0,7.66,False,4.0,11.0,3,At Risk
CUST_03149,6,39834.61,13.5,9.166666666666666,4513.41,True,3.5,11.766666666666666,0,Returning
CUST_03150,4,3962.2,15.0,8.75,0.0,True,4.5,12.5,3,Returning
CUST_03151,6,8685.17,13.666666666666666,7.666666666666667,617.86,True,4.166666666666667,11.266666666666666,4,Returning
CUST_03152,1,326.37,13.0,6.0,47.76,False,3.0,10.2,2,At Risk
CUST_03153,5,1280.74,15.0,10.0,98.97,True,4.2,13.0,1,Returning
CUST_03154,4,9315.39,14.75,8.75,2291.7400000000002,True,4.5,12.35,0,Returning
CUST_03155,3,1394.11,14.666666666666666,7.333333333333333,214.77999999999997,True,2.3333333333333335,11.733333333333333,2,Returning
CUST_03156,1,125.95,9.0,8.0,0.0,False,5.0,8.6,1,At Risk
CUST_03157,5,2248.37,15.4,10.2,62.519999999999996,True,3.8,13.32,4,Returning
CUST_03158,7,3708.97,14.0,8.571428571428571,213.96,True,4.285714285714286,11.82857142857143,4,Returning
CUST_03159,9,11939.66,13.11111111111111,9.11111111111111,1253.51,True,4.222222222222222,11.511111111111111,0,Returning
CUST_03160,1,604.59,12.0,10.0,128.53,True,5.0,11.2,1,Returning
CUST_03161,2,535.0,17.5,4.5,70.74,True,3.0,12.3,3,Returning
CUST_03162,5,8616.5,14.4,7.6,497.23,True,3.4,11.68,4,Returning
CUST_03163,5,3685.08,15.0,9.4,284.6,True,4.4,12.76,4,Returning
CUST_03164,4,1703.28,13.25,7.0,0.0,True,4.0,10.75,1,Returning
CUST_03165,2,1316.25,12.5,8.0,0.0,True,4.5,10.7,1,Returning
CUST_03166,2,12210.86,12.5,9.0,10.52,True,4.0,11.1,1,Returning
CUST_03167,4,5983.0,14.5,9.5,35.66,True,3.25,12.5,2,Returning
CUST_03168,3,1459.26,19.666666666666668,10.0,201.89999999999998,True,4.333333333333333,15.8,3,Returning
CUST_03169,2,21841.03,13.0,9.0,0.0,True,3.0,11.4,4,Returning
CUST_03170,8,3565.41,15.875,10.25,144.13,True,3.75,13.625,4,Returning
CUST_03171,1,86.09,15.0,7.0,18.69,True,4.0,11.8,3,Returning
CUST_03172,2,2026.42,14.5,9.5,50.22,True,3.0,12.5,2,Returning
CUST_03173,8,5488.73,13.5,8.75,190.21,True,4.125,11.6,4,Returning
CUST_03174,2,59.97,15.5,10.5,3.72,True,4.0,13.5,3,Returning
CUST_03175,4,15768.050000000001,16.75,11.0,2141.71,True,3.75,14.45,0,Returning
CUST_03176,9,5937.89,15.555555555555555,10.0,140.43,True,4.333333333333333,13.333333333333332,4,Returning
CUST_03177,6,6525.79,13.666666666666666,8.166666666666666,907.41,True,3.6666666666666665,11.466666666666665,4,Returning
CUST_03178,5,4496.08,14.8,10.4,505.49,True,4.6,13.040000000000001,4,Returning
CUST_03179,3,1716.45,14.333333333333334,8.333333333333334,359.11,True,4.0,11.933333333333334,3,Returning
CUST_03180,2,729.5,14.5,10.0,0.0,True,4.0,12.7,1,Returning
CUST_03181,4,1412.37,15.5,9.25,171.89,True,3.25,13.0,2,Returning
CUST_03182,2,3114.34,16.0,11.5,0.0,True,4.5,14.2,3,Returning
CUST_03183,2,4471.59,13.5,12.0,0.0,True,3.0,12.9,2,Returning
CUST_03184,4,4071.1,13.5,9.75,504.28000000000003,True,4.0,12.0,1,Returning
CUST_03185,1,1497.6,21.0,10.0,0.0,True,3.0,16.6,3,Returning
CUST_03186,1,6036.99,15.0,10.0,601.45,False,4.0,13.0,1,At Risk
CUST_03187,4,3454.9300000000003,16.0,9.0,412.85,True,3.25,13.2,2,Returning
CUST_03188,2,1617.7199999999998,15.0,6.5,169.54,True,5.0,11.6,3,Returning
CUST_03189,3,925.5600000000001,14.333333333333334,9.0,160.12,True,3.3333333333333335,12.2,2,Returning
CUST_03190,2,700.24,15.5,8.0,0.0,True,3.5,12.5,3,Returning
CUST_03191,1,3980.9,17.0,6.0,316.1,True,5.0,12.6,3,Returning
CUST_03192,1,2796.8,22.0,7.0,0.0,False,3.0,16.0,3,At Risk
CUST_03193,3,1182.35,13.0,10.333333333333334,152.01000000000002,True,3.3333333333333335,11.933333333333334,2,Returning
CUST_03194,2,1354.27,14.0,10.0,74.87,True,4.0,12.4,1,Returning
CUST_03195,4,3394.59,16.5,8.0,39.57,True,3.5,13.100000000000001,3,Returning
CUST_03196,2,2024.1799999999998,14.5,9.5,174.66,True,3.5,12.5,2,Returning
CUST_03197,5,3679.3300000000004,16.2,9.8,85.4,True,3.8,13.639999999999999,4,Returning
CUST_03198,7,6030.22,16.714285714285715,9.857142857142858,524.58,True,4.142857142857143,13.971428571428572,4,Returning
CUST_03199,1,10180.3,13.0,10.0,0.0,True,5.0,11.8,1,Returning
CUST_03200,2,341.27,16.5,5.0,7.64,True,4.5,11.9,3,Returning
CUST_03201,1,992.76,15.0,7.0,0.0,True,4.0,11.8,3,Returning
CUST_03202,2,1365.8600000000001,12.0,9.0,172.69,True,4.0,10.799999999999999,1,Returning
CUST_03203,3,4729.63,14.666666666666666,8.333333333333334,106.92,True,4.0,12.133333333333333,3,Returning
CUST_03204,4,4588.05,15.25,8.25,134.79000000000002,True,4.75,12.450000000000001,3,Returning
CUST_03205,4,7332.400000000001,11.75,11.25,148.2,True,3.75,11.55,1,Returning
CUST_03206,2,11854.3,15.0,9.5,2457.88,True,4.5,12.8,0,Returning
CUST_03207,4,3203.93,13.75,10.0,589.66,True,2.5,12.25,2,Returning
CUST_03208,4,1583.53,15.75,10.0,83.91,True,4.5,13.45,3,Returning
CUST_03209,3,2344.84,15.666666666666666,9.333333333333334,149.84,True,3.6666666666666665,13.133333333333333,3,Returning
CUST_03210,4,2333.2999999999997,16.25,8.25,124.67999999999999,True,4.5,13.05,3,Returning
CUST_03211,4,1574.1299999999999,15.5,9.75,258.23,True,3.75,13.2,3,Returning
CUST_03212,1,1157.28,16.0,9.0,0.0,False,5.0,13.2,3,At Risk
CUST_03213,1,628.03,13.0,10.0,131.72,False,2.0,11.8,2,At Risk
CUST_03214,2,111.71000000000001,18.0,7.5,26.68,True,4.0,13.799999999999999,3,Returning
CUST_03215,1,5557.78,14.0,8.0,349.9,True,5.0,11.600000000000001,1,Returning
CUST_03216,1,4068.76,12.0,9.0,0.0,True,5.0,10.799999999999999,1,Returning
CUST_03217,5,3266.13,14.0,8.8,164.22,True,4.0,11.920000000000002,4,Returning
CUST_03218,2,6146.1,18.5,8.5,0.0,True,3.5,14.5,3,Returning
CUST_03219,7,2109.33,14.142857142857142,8.857142857142858,44.46,True,3.2857142857142856,12.028571428571428,4,Returning
CUST_03220,5,2179.59,13.2,7.8,0.0,True,4.0,11.04,1,Returning
CUST_03221,4,7154.1,14.0,8.0,33.89,True,4.25,11.600000000000001,4,Returning
CUST_03222,6,7638.0599999999995,14.0,8.666666666666666,984.35,True,4.333333333333333,11.866666666666667,4,Returning
CUST_03223,3,1806.67,12.333333333333334,7.333333333333333,0.0,True,4.0,10.333333333333334,1,Returning
CUST_03224,3,2777.83,14.0,11.333333333333334,35.03,True,4.0,12.933333333333334,1,Returning
CUST_03225,3,1051.01,13.333333333333334,7.666666666666667,0.0,True,4.666666666666667,11.066666666666666,1,Returning
CUST_03226,3,7410.26,10.333333333333334,10.0,19.78,True,4.666666666666667,10.2,1,Returning
CUST_03227,9,10106.21,15.11111111111111,9.777777777777779,1209.02,True,4.333333333333333,12.977777777777778,4,Returning
CUST_03228,2,1234.0,16.0,9.0,93.91,True,4.5,13.2,3,Returning
CUST_03229,1,499.2,14.0,9.0,0.0,True,3.0,12.0,2,Returning
CUST_03230,8,4995.9400000000005,13.5,8.625,420.84999999999997,True,3.75,11.55,4,Returning
CUST_03231,3,2267.25,14.666666666666666,9.333333333333334,309.24,True,3.3333333333333335,12.533333333333333,2,Returning
CUST_03232,3,6005.03,14.333333333333334,8.0,361.26,True,5.0,11.8,3,Returning
CUST_03233,2,908.5500000000001,15.0,10.0,0.0,True,4.0,13.0,1,Returning
CUST_03234,2,2774.17,13.5,9.5,205.0,True,4.0,11.9,1,Returning
CUST_03235,2,5107.820000000001,14.0,9.5,0.0,True,5.0,12.200000000000001,1,Returning
CUST_03236,1,91.68,12.0,7.0,0.0,False,5.0,10.0,1,At Risk
CUST_03237,2,4002.85,14.0,8.5,0.0,True,4.0,11.8,1,Returning
CUST_03238,2,1240.6799999999998,13.5,10.5,156.09,True,3.5,12.3,1,Returning
CUST_03239,2,666.99,15.0,9.0,8.71,True,3.5,12.6,2,Returning
CUST_03240,5,2115.7299999999996,15.0,9.2,48.49,True,4.0,12.68,4,Returning
CUST_03241,3,1999.13,15.333333333333334,9.0,0.0,True,3.6666666666666665,12.799999999999999,3,Returning
CUST_03242,3,2106.64,12.333333333333334,12.333333333333334,346.08,True,3.0,12.333333333333334,2,Returning
CUST_03243,3,2735.2,12.333333333333334,9.333333333333334,436.4,True,3.6666666666666665,11.133333333333335,1,Returning
CUST_03244,2,2485.6400000000003,14.5,6.5,632.3699999999999,True,4.0,11.299999999999999,3,Returning
CUST_03245,5,2062.61,11.6,9.6,0.0,True,4.2,10.8,1,Returning
CUST_03246,2,1082.5,17.0,10.0,77.69,True,3.5,14.2,3,Returning
CUST_03247,1,1387.52,16.0,11.0,209.68,True,5.0,14.0,3,Returning
CUST_03248,8,3781.34,13.625,10.375,403.37,True,3.125,12.325,4,Returning
CUST_03249,3,6814.19,14.333333333333334,9.333333333333334,753.95,True,3.6666666666666665,12.333333333333334,4,Returning
CUST_03250,1,95.57,11.0,12.0,0.0,False,4.0,11.4,1,At Risk
CUST_03251,2,317.52,11.5,6.5,26.91,True,5.0,9.5,1,Returning
CUST_03252,4,459.39,14.75,7.0,66.36,True,3.75,11.65,3,Returning
CUST_03253,5,2848.2,14.2,9.2,179.57,True,4.4,12.2,4,Returning
CUST_03254,1,4041.48,10.0,9.0,0.0,True,4.0,9.6,1,Returning
CUST_03255,2,533.7,16.0,8.0,0.0,True,4.0,12.8,3,Returning
CUST_03256,7,10006.1,14.142857142857142,9.0,877.24,True,3.857142857142857,12.085714285714285,4,Returning
CUST_03257,3,17616.99,15.333333333333334,6.666666666666667,1723.2599999999998,True,2.3333333333333335,11.866666666666667,0,Returning
CUST_03258,7,14215.4,15.571428571428571,9.428571428571429,265.03999999999996,True,3.857142857142857,13.114285714285714,4,Returning
CUST_03259,1,193.62,18.0,11.0,11.82,False,5.0,15.2,3,At Risk
CUST_03260,3,11967.730000000001,13.666666666666666,11.0,1304.8700000000001,True,3.3333333333333335,12.6,0,Returning
CUST_03261,1,5341.51,18.0,7.0,694.94,True,5.0,13.6,3,Returning
CUST_03262,4,614.58,11.0,9.5,0.0,True,3.75,10.4,1,Returning
CUST_03263,7,9504.5,14.428571428571429,10.142857142857142,146.51999999999998,True,3.5714285714285716,12.714285714285714,4,Returning
CUST_03264,3,5329.4,15.333333333333334,9.333333333333334,163.75,True,4.0,12.933333333333334,3,Returning
CUST_03265,3,2159.1,17.0,9.333333333333334,220.21,True,5.0,13.933333333333334,3,Returning
CUST_03266,3,15179.95,15.666666666666666,8.666666666666666,749.19,True,3.6666666666666665,12.866666666666665,4,Returning
CUST_03267,3,1011.26,15.333333333333334,9.333333333333334,143.71,True,3.6666666666666665,12.933333333333334,3,Returning
CUST_03268,1,524.15,14.0,6.0,0.0,True,4.0,10.8,3,Returning
CUST_03269,3,8420.4,14.0,9.333333333333334,795.83,True,4.333333333333333,12.133333333333335,4,Returning
CUST_03270,2,109.06,18.5,9.5,0.0,True,4.5,14.9,3,Returning
CUST_03271,3,820.9000000000001,15.333333333333334,13.333333333333334,0.0,True,4.333333333333333,14.533333333333333,1,Returning
CUST_03272,4,4637.04,13.75,8.75,46.06,True,3.5,11.75,2,Returning
CUST_03273,2,877.3199999999999,17.0,9.5,0.0,True,3.0,14.0,2,Returning
CUST_03274,2,502.64000000000004,17.0,9.0,48.55,True,4.5,13.799999999999999,3,Returning
CUST_03275,1,1199.1,16.0,5.0,0.0,True,4.0,11.6,3,Returning
CUST_03276,1,517.26,16.0,10.0,56.72,True,5.0,13.6,3,Returning
CUST_03277,1,928.4,17.0,7.0,0.0,True,5.0,13.0,3,Returning
CUST_03278,6,2320.22,13.833333333333334,10.833333333333334,85.38,True,3.5,12.633333333333335,4,Returning
CUST_03279,1,12355.92,19.0,11.0,0.0,True,4.0,15.8,3,Returning
CUST_03280,5,1823.5,15.8,7.6,32.769999999999996,True,3.6,12.52,3,Returning
CUST_03281,4,1304.79,16.0,8.5,23.81,True,4.5,13.0,3,Returning
CUST_03282,4,5321.82,15.25,7.75,990.47,True,3.5,12.25,4,Returning
CUST_03283,4,3065.45,15.5,7.5,0.0,True,3.5,12.299999999999999,3,Returning
CUST_03284,8,20190.78,14.375,8.125,589.4,True,4.25,11.875,4,Returning
CUST_03285,10,12215.79,14.9,9.8,850.3,True,3.6,12.86,4,Returning
CUST_03286,3,8213.09,14.0,10.333333333333334,0.0,True,4.0,12.533333333333335,1,Returning
CUST_03287,1,107.08,12.0,10.0,0.0,True,5.0,11.2,1,Returning
CUST_03288,3,9393.369999999999,13.0,8.333333333333334,1105.25,True,4.333333333333333,11.133333333333333,4,Returning
CUST_03289,2,1382.52,13.0,11.0,52.39,True,4.5,12.2,1,Returning
CUST_03290,4,21087.72,17.25,8.75,12.74,True,3.5,13.85,4,Returning
CUST_03291,3,9868.15,13.0,8.333333333333334,982.11,True,4.666666666666667,11.133333333333333,4,Returning
CUST_03292,1,941.28,12.0,14.0,0.0,False,5.0,12.8,1,At Risk
CUST_03293,1,24.61,13.0,9.0,0.0,True,3.0,11.4,2,Returning
CUST_03294,2,779.6099999999999,17.5,11.0,117.84,True,3.0,14.9,2,Returning
CUST_03295,3,13078.55,16.333333333333332,10.666666666666666,0.0,True,5.0,14.066666666666666,3,Returning
CUST_03296,2,1560.31,13.5,10.0,123.71,True,4.0,12.1,1,Returning
CUST_03297,8,11567.279999999999,14.125,9.0,1499.26,True,4.125,12.075,0,Returning
CUST_03298,1,905.61,12.0,9.0,0.0,False,2.0,10.799999999999999,2,At Risk
CUST_03299,1,54.05,20.0,8.0,0.0,True,5.0,15.2,3,Returning
CUST_03300,1,1125.96,20.0,8.0,0.0,False,5.0,15.2,3,At Risk
CUST_03301,3,1313.34,15.0,9.666666666666666,167.74,True,4.666666666666667,12.866666666666667,3,Returning
CUST_03302,6,1051.2,13.666666666666666,10.666666666666666,30.200000000000003,True,3.3333333333333335,12.466666666666665,4,Returning
CUST_03303,6,3883.6800000000003,14.666666666666666,10.0,265.12,True,4.0,12.799999999999999,4,Returning
CUST_03304,1,412.2,18.0,7.0,0.0,True,5.0,13.6,3,Returning
CUST_03305,6,4961.39,13.666666666666666,10.0,43.27,True,3.3333333333333335,12.2,4,Returning
CUST_03306,3,6690.469999999999,15.0,8.666666666666666,0.0,True,4.0,12.466666666666667,3,Returning
CUST_03307,3,1252.72,11.666666666666666,9.0,65.58,True,3.0,10.6,2,Returning
CUST_03308,7,7257.76,14.142857142857142,9.142857142857142,40.2,True,3.857142857142857,12.142857142857142,4,Returning
CUST_03309,2,219.26000000000002,14.0,9.0,21.35,True,4.5,12.0,1,Returning
CUST_03310,3,1326.21,14.666666666666666,7.0,144.21,True,2.6666666666666665,11.6,2,Returning
CUST_03311,8,10085.560000000001,14.25,8.5,531.36,True,4.25,11.95,4,Returning
CUST_03312,6,5178.9400000000005,14.5,10.333333333333334,617.38,True,3.8333333333333335,12.833333333333332,4,Returning
CUST_03313,1,614.86,9.0,7.0,61.24,False,2.0,8.2,2,At Risk
CUST_03314,4,2479.08,14.0,8.5,219.57,True,3.5,11.8,2,Returning
CUST_03315,3,1170.9099999999999,15.666666666666666,8.0,113.98,True,4.333333333333333,12.599999999999998,3,Returning
CUST_03316,1,292.08,19.0,9.0,0.0,True,5.0,15.0,3,Returning
CUST_03317,4,7896.030000000001,12.0,9.5,0.0,True,4.5,11.0,1,Returning
CUST_03318,5,5183.27,11.2,11.4,11.62,True,3.4,11.280000000000001,1,Returning
CUST_03319,9,8050.469999999999,13.88888888888889,8.444444444444445,78.97999999999999,True,4.0,11.711111111111112,4,Returning
CUST_03320,2,6624.67,11.5,7.0,0.0,True,5.0,9.7,1,Returning
CUST_03321,7,26278.57,13.714285714285714,9.571428571428571,2208.05,True,3.857142857142857,12.057142857142857,0,Returning
CUST_03322,1,150.36,7.0,9.0,0.0,True,3.0,7.800000000000001,1,Returning
CUST_03323,5,1725.67,12.6,9.0,260.92,True,4.6,11.16,1,Returning
CUST_03324,5,3090.1099999999997,12.4,9.4,109.1,True,4.2,11.2,1,Returning
CUST_03325,7,10952.43,17.571428571428573,9.428571428571429,1230.06,True,4.428571428571429,14.314285714285715,0,Returning
CUST_03326,2,154.58999999999997,13.5,7.0,13.38,True,5.0,10.9,1,Returning
CUST_03327,4,758.9200000000001,14.75,9.5,80.97,True,4.75,12.65,1,Returning
CUST_03328,1,1739.6,14.0,7.0,0.0,True,4.0,11.200000000000001,3,Returning
CUST_03329,5,5459.62,14.6,8.4,443.03999999999996,True,3.8,12.120000000000001,4,Returning
CUST_03330,6,2052.38,13.833333333333334,10.166666666666666,96.81,True,3.6666666666666665,12.366666666666667,4,Returning
CUST_03331,2,823.43,18.0,11.0,134.63,True,4.0,15.2,3,Returning
CUST_03332,1,280.98,15.0,11.0,0.0,True,4.0,13.4,1,Returning
CUST_03333,4,3510.15,14.75,10.25,0.0,True,4.75,12.95,1,Returning
CUST_03334,1,227.24,15.0,9.0,0.0,False,3.0,12.6,2,At Risk
CUST_03335,4,6940.3,14.25,9.0,37.64,True,4.0,12.149999999999999,4,Returning
CUST_03336,5,2019.6699999999998,12.0,9.4,90.47999999999999,True,4.4,10.959999999999999,1,Returning
CUST_03337,3,1350.6,14.333333333333334,8.666666666666666,73.94,True,4.666666666666667,12.066666666666666,1,Returning
CUST_03338,3,992.76,13.333333333333334,9.0,13.44,True,3.6666666666666665,11.6,1,Returning
CUST_03339,2,4241.31,18.5,7.5,614.59,True,3.5,14.1,3,Returning
CUST_03340,3,559.97,13.333333333333334,10.333333333333334,0.0,True,4.0,12.133333333333333,1,Returning
CUST_03341,8,11831.15,16.875,7.5,1280.1100000000001,True,3.75,13.125,0,Returning
CUST_03342,4,2079.42,13.75,8.5,136.11,True,4.25,11.65,1,Returning
CUST_03343,2,4830.83,14.0,7.0,21.16,True,4.5,11.200000000000001,3,Returning
CUST_03344,3,798.5799999999999,13.0,6.666666666666667,40.9,True,4.333333333333333,10.466666666666667,1,Returning
CUST_03345,2,2591.6,11.0,7.0,0.0,True,4.0,9.4,1,Returning
CUST_03346,2,3184.87,13.5,8.0,118.25,True,3.5,11.3,2,Returning
CUST_03347,3,6892.13,13.0,9.666666666666666,23.75,True,4.333333333333333,11.666666666666666,1,Returning
CUST_03348,4,7496.860000000001,13.75,8.25,0.0,True,4.0,11.55,4,Returning
CUST_03349,2,1351.06,15.0,9.5,0.0,True,4.0,12.8,3,Returning
CUST_03350,8,6457.410000000001,14.875,8.875,99.91,True,3.625,12.475,4,Returning
CUST_03351,1,5584.26,12.0,11.0,1300.09,True,4.0,11.6,1,Returning
CUST_03352,4,1553.8600000000001,17.5,10.5,0.0,True,3.25,14.7,3,Returning
CUST_03353,6,8597.06,16.333333333333332,10.5,218.04,True,3.5,14.0,4,Returning
CUST_03354,3,4093.2999999999997,14.0,9.0,25.07,True,4.0,12.0,1,Returning
CUST_03355,3,4328.84,11.0,7.666666666666667,0.0,True,4.0,9.666666666666666,1,Returning
CUST_03356,5,3588.66,16.6,9.0,109.8,True,3.4,13.56,4,Returning
CUST_03357,6,4469.58,15.0,9.0,748.62,True,3.8333333333333335,12.6,4,Returning
CUST_03358,8,19184.85,13.125,10.5,126.35,True,3.25,12.075,4,Returning
CUST_03359,3,1181.39,13.333333333333334,7.333333333333333,104.62,True,4.333333333333333,10.933333333333334,1,Returning
CUST_03360,2,4517.26,11.5,12.0,0.0,True,4.5,11.7,1,Returning
CUST_03361,7,6730.88,14.142857142857142,9.714285714285714,460.80999999999995,True,3.857142857142857,12.371428571428572,4,Returning
CUST_03362,7,1989.6599999999999,13.0,9.285714285714286,41.94,True,3.5714285714285716,11.514285714285714,4,Returning
CUST_03363,2,987.21,16.5,8.5,189.15,True,5.0,13.3,3,Returning
CUST_03364,10,11515.98,15.2,8.8,523.8199999999999,True,4.5,12.64,4,Returning
CUST_03365,1,698.72,19.0,5.0,0.0,True,4.0,13.4,3,Returning
CUST_03366,3,2275.9300000000003,16.666666666666668,10.0,29.54,True,4.333333333333333,14.0,3,Returning
CUST_03367,5,5716.26,14.2,9.0,666.34,True,3.4,12.12,4,Returning
CUST_03368,2,249.05,11.0,10.0,43.59,True,3.5,10.6,1,Returning
CUST_03369,1,108.68,17.0,4.0,7.48,True,2.0,11.799999999999999,2,Returning
CUST_03370,3,1293.8100000000002,15.333333333333334,7.333333333333333,304.39,True,4.333333333333333,12.133333333333333,3,Returning
CUST_03371,8,8834.11,13.625,9.125,164.98,True,4.5,11.825,4,Returning
CUST_03372,2,645.12,12.0,10.5,34.14,True,4.5,11.399999999999999,1,Returning
CUST_03373,1,333.8,14.0,5.0,0.0,True,2.0,10.4,2,Returning
CUST_03374,7,3104.21,13.714285714285714,10.142857142857142,242.56,True,4.0,12.285714285714285,4,Returning
CUST_03375,3,10189.64,18.666666666666668,8.333333333333334,0.0,True,3.3333333333333335,14.533333333333335,3,Returning
CUST_03376,2,1010.23,16.0,6.5,158.63,True,4.0,12.2,3,Returning
CUST_03377,2,587.47,18.0,10.0,22.68,True,4.5,14.799999999999999,3,Returning
CUST_03378,4,7422.37,14.5,9.0,135.45,True,3.75,12.299999999999999,4,Returning
CUST_03379,2,2647.77,16.0,12.5,643.21,True,4.5,14.6,1,Returning
CUST_03380,3,2821.46,13.333333333333334,8.666666666666666,236.62,True,3.0,11.466666666666667,2,Returning
CUST_03381,2,610.8199999999999,15.0,10.0,23.58,True,4.5,13.0,1,Returning
CUST_03382,5,3792.7599999999998,14.0,9.0,76.73,True,3.0,12.0,2,Returning
CUST_03383,2,2048.38,17.5,7.0,48.33,True,4.0,13.3,3,Returning
CUST_03384,2,554.05,17.0,11.0,0.0,True,5.0,14.6,3,Returning
CUST_03385,2,459.58,12.5,8.0,0.0,True,3.5,10.7,2,Returning
CUST_03386,6,3068.7400000000002,14.833333333333334,9.5,173.70999999999998,True,4.166666666666667,12.700000000000001,4,Returning
CUST_03387,2,1906.6899999999998,15.5,5.0,179.0,True,3.0,11.299999999999999,2,Returning
CUST_03388,6,10464.48,16.0,10.666666666666666,68.03,True,3.6666666666666665,13.866666666666667,4,Returning
CUST_03389,2,798.63,13.0,9.0,40.65,True,3.5,11.4,1,Returning
CUST_03390,1,937.74,8.0,12.0,60.96,False,5.0,9.600000000000001,1,At Risk
CUST_03391,2,7284.3099999999995,13.5,9.5,1303.52,True,2.5,11.9,2,Returning
CUST_03392,4,3954.89,11.25,8.75,359.15000000000003,True,3.75,10.25,1,Returning
CUST_03393,2,1167.79,15.0,6.0,71.3,True,2.0,11.4,2,Returning
CUST_03394,2,2939.25,17.5,7.5,0.0,True,4.0,13.5,3,Returning
CUST_03395,1,542.76,12.0,6.0,72.2,False,1.0,9.6,2,At Risk
CUST_03396,6,16179.089999999998,14.666666666666666,9.666666666666666,945.04,True,3.5,12.666666666666666,0,Returning
CUST_03397,2,4597.39,17.5,10.0,0.0,True,4.0,14.5,3,Returning
CUST_03398,2,234.10999999999999,14.0,9.0,28.69,True,3.5,12.0,2,Returning
CUST_03399,3,772.22,11.666666666666666,7.333333333333333,25.57,True,4.0,9.933333333333334,1,Returning
CUST_03400,5,6840.0199999999995,14.0,8.6,98.32,True,3.8,11.84,4,Returning
CUST_03401,3,2709.32,14.666666666666666,6.666666666666667,0.0,True,4.0,11.466666666666665,3,Returning
CUST_03402,3,11999.03,13.333333333333334,7.333333333333333,22.45,True,4.0,10.933333333333334,4,Returning
CUST_03403,7,2186.75,14.142857142857142,8.857142857142858,50.38,True,2.857142857142857,12.028571428571428,4,Returning
CUST_03404,3,392.91999999999996,13.666666666666666,7.333333333333333,59.25,True,3.3333333333333335,11.133333333333333,2,Returning
CUST_03405,3,1073.07,16.333333333333332,8.333333333333334,116.93,True,3.6666666666666665,13.133333333333333,3,Returning
CUST_03406,3,4467.04,16.0,8.666666666666666,238.48,True,2.3333333333333335,13.066666666666666,2,Returning
CUST_03407,6,6760.11,14.666666666666666,8.833333333333334,598.1800000000001,True,4.333333333333333,12.333333333333332,4,Returning
CUST_03408,2,945.27,12.5,11.5,0.0,True,4.5,12.100000000000001,1,Returning
CUST_03409,1,87.8,16.0,12.0,0.0,False,4.0,14.4,3,At Risk
CUST_03410,6,2608.22,15.5,8.166666666666666,29.560000000000002,True,3.0,12.566666666666666,4,Returning
CUST_03411,3,2531.79,16.333333333333332,7.666666666666667,262.59,True,3.3333333333333335,12.866666666666665,3,Returning
CUST_03412,3,3573.62,14.666666666666666,9.333333333333334,159.59,True,4.0,12.533333333333333,1,Returning
CUST_03413,8,4586.63,16.125,8.5,202.39,True,4.25,13.075,4,Returning
CUST_03414,2,315.37,13.5,8.0,19.87,True,4.5,11.3,1,Returning
CUST_03415,1,1624.39,16.0,8.0,139.91,False,1.0,12.8,2,At Risk
CUST_03416,2,1491.1599999999999,14.5,10.0,310.1,True,4.0,12.7,1,Returning
CUST_03417,5,3533.33,14.4,7.8,45.15,True,4.0,11.760000000000002,4,Returning
CUST_03418,3,804.1600000000001,13.333333333333334,9.666666666666666,35.89,True,3.6666666666666665,11.866666666666667,1,Returning
CUST_03419,1,212.84,14.0,12.0,0.0,True,4.0,13.200000000000001,1,Returning
CUST_03420,2,146.88,14.0,8.0,12.3,True,4.5,11.600000000000001,1,Returning
CUST_03421,7,4489.05,14.285714285714286,8.714285714285714,27.47,True,4.714285714285714,12.057142857142857,4,Returning
CUST_03422,3,477.67999999999995,17.0,11.0,37.19,True,4.666666666666667,14.6,3,Returning
CUST_03423,3,3107.05,15.333333333333334,10.0,685.12,True,4.0,13.2,3,Returning
CUST_03424,2,2070.16,13.5,8.0,17.96,True,4.0,11.3,1,Returning
CUST_03425,4,11763.65,13.25,8.5,4.57,True,3.25,11.35,4,Returning
CUST_03426,2,484.49,16.0,11.0,39.83,True,5.0,14.0,3,Returning
CUST_03427,3,651.84,15.333333333333334,9.333333333333334,39.239999999999995,True,3.6666666666666665,12.933333333333334,3,Returning
CUST_03428,6,17998.07,13.333333333333334,9.166666666666666,2284.46,True,3.8333333333333335,11.666666666666666,0,Returning
CUST_03429,3,5876.68,14.333333333333334,9.0,142.22,True,4.333333333333333,12.2,1,Returning
CUST_03430,3,4793.34,17.666666666666668,8.0,772.63,True,5.0,13.8,3,Returning
CUST_03431,3,1145.76,15.666666666666666,10.333333333333334,95.15,True,4.333333333333333,13.533333333333331,3,Returning
CUST_03432,3,953.26,15.666666666666666,9.666666666666666,0.0,True,4.666666666666667,13.266666666666666,3,Returning
CUST_03433,1,1023.7,10.0,9.0,0.0,False,1.0,9.6,2,At Risk
CUST_03434,7,2518.31,16.0,9.285714285714286,53.43,True,4.142857142857143,13.314285714285715,4,Returning
CUST_03435,2,787.4,10.5,8.0,59.56,True,4.5,9.5,1,Returning
CUST_03436,4,1464.6399999999999,12.75,11.75,155.38,True,2.5,12.35,2,Returning
CUST_03437,2,17840.550000000003,18.0,10.5,3504.47,True,1.5,15.0,0,Returning
CUST_03438,4,11270.539999999999,14.25,7.75,558.36,True,3.75,11.649999999999999,4,Returning
CUST_03439,2,1540.98,12.5,8.5,44.53,True,3.5,10.9,1,Returning
CUST_03440,4,3111.2799999999997,14.5,7.75,0.0,True,4.0,11.799999999999999,3,Returning
CUST_03441,2,1436.54,17.0,9.5,0.0,True,5.0,14.0,3,Returning
CUST_03442,5,3946.25,17.0,8.6,523.6,True,3.4,13.639999999999999,4,Returning
CUST_03443,8,3905.98,14.625,9.875,364.82,True,4.5,12.725000000000001,4,Returning
CUST_03444,3,878.6700000000001,16.333333333333332,10.0,184.79999999999998,True,4.666666666666667,13.799999999999999,3,Returning
CUST_03445,1,141.42,12.0,15.0,0.0,True,4.0,13.2,1,Returning
CUST_03446,1,296.47,15.0,8.0,17.17,True,4.0,12.2,3,Returning
CUST_03447,5,2190.3199999999997,14.0,7.6,0.0,True,3.8,11.440000000000001,4,Returning
CUST_03448,2,1774.25,13.0,10.0,321.41,True,4.5,11.8,1,Returning
CUST_03449,2,8178.69,15.0,9.0,0.0,True,4.0,12.6,3,Returning
CUST_03450,1,47.16,13.0,10.0,0.0,True,1.0,11.8,2,Returning
CUST_03451,2,269.87,15.0,10.5,20.91,True,4.0,13.2,1,Returning
CUST_03452,3,2418.7299999999996,13.666666666666666,8.333333333333334,71.22,True,4.0,11.533333333333333,1,Returning
CUST_03453,7,3441.08,14.142857142857142,9.0,221.32,True,4.142857142857143,12.085714285714285,4,Returning
CUST_03454,5,9189.64,15.2,8.4,59.65,True,4.0,12.48,4,Returning
CUST_03455,6,7334.71,16.5,10.166666666666666,412.15999999999997,True,4.0,13.966666666666667,4,Returning
CUST_03456,9,9522.18,15.222222222222221,8.444444444444445,567.5899999999999,True,3.888888888888889,12.511111111111111,4,Returning
CUST_03457,1,277.91,16.0,11.0,0.0,True,5.0,14.0,3,Returning
CUST_03458,4,2377.57,14.0,8.0,397.27000000000004,True,3.75,11.600000000000001,4,Returning
CUST_03459,1,892.25,13.0,8.0,0.0,False,4.0,11.0,1,At Risk
CUST_03460,3,4796.43,12.666666666666666,8.0,366.74,True,5.0,10.8,1,Returning
CUST_03461,3,8412.13,14.0,9.333333333333334,99.84,True,3.6666666666666665,12.133333333333335,4,Returning
CUST_03462,3,7525.629999999999,16.333333333333332,8.0,46.28,True,4.666666666666667,13.0,3,Returning
CUST_03463,5,10895.2,13.6,8.6,1632.72,True,4.0,11.6,0,Returning
CUST_03464,9,5473.1,12.666666666666666,8.777777777777779,502.61,True,3.5555555555555554,11.11111111111111,4,Returning
CUST_03465,1,185.98,19.0,9.0,0.0,False,4.0,15.0,3,At Risk
CUST_03466,6,4127.49,14.833333333333334,8.833333333333334,144.5,True,3.1666666666666665,12.433333333333334,4,Returning
CUST_03467,1,84.09,14.0,10.0,0.0,False,4.0,12.4,1,At Risk
CUST_03468,2,1776.26,16.0,10.5,173.11,True,2.5,13.8,2,Returning
CUST_03469,1,102.18,11.0,7.0,0.0,True,4.0,9.4,1,Returning
CUST_03470,5,13388.24,16.6,9.0,175.99,True,4.4,13.56,4,Returning
CUST_03471,1,453.36,12.0,9.0,65.05,True,2.0,10.799999999999999,2,Returning
CUST_03472,1,385.68,19.0,8.0,0.0,True,4.0,14.600000000000001,3,Returning
CUST_03473,2,7208.16,12.0,9.5,0.0,True,3.0,11.0,2,Returning
CUST_03474,2,203.54,16.0,13.0,0.0,True,4.5,14.8,1,Returning
CUST_03475,1,295.32,6.0,5.0,0.0,True,5.0,5.6,1,Returning
CUST_03476,2,414.45,10.5,9.5,0.0,True,4.5,10.1,1,Returning
CUST_03477,10,12365.93,15.3,9.0,103.55,True,4.3,12.78,4,Returning
CUST_03478,2,6808.73,17.0,7.5,0.0,True,4.5,13.2,3,Returning
CUST_03479,5,1731.26,15.2,9.6,216.67000000000002,True,4.0,12.959999999999999,4,Returning
CUST_03480,2,831.3499999999999,13.5,9.5,0.0,True,4.5,11.9,1,Returning
CUST_03481,7,24567.03,12.857142857142858,8.857142857142858,91.87,True,4.571428571428571,11.257142857142858,4,Returning
CUST_03482,4,1215.18,13.5,9.5,128.93,True,3.75,11.9,1,Returning
CUST_03483,2,1263.9,16.0,9.0,172.92000000000002,True,4.0,13.2,3,Returning
CUST_03484,1,259.74,13.0,10.0,0.0,True,5.0,11.8,1,Returning
CUST_03485,1,169.75,9.0,11.0,0.0,False,5.0,9.8,1,At Risk
CUST_03486,3,7499.870000000001,15.333333333333334,11.0,377.93,True,2.6666666666666665,13.6,2,Returning
CUST_03487,8,4478.3099999999995,14.5,9.25,783.24,True,4.125,12.399999999999999,4,Returning
CUST_03488,2,1812.16,14.5,7.5,216.96,True,5.0,11.7,3,Returning
CUST_03489,5,2359.44,16.0,9.0,227.93,True,3.6,13.2,4,Returning
CUST_03490,1,1549.31,15.0,10.0,0.0,True,5.0,13.0,1,Returning
CUST_03491,2,235.35,15.0,10.0,0.0,True,4.0,13.0,1,Returning
CUST_03492,3,3983.57,12.666666666666666,7.333333333333333,320.4,True,4.0,10.533333333333333,1,Returning
CUST_03493,2,2680.73,11.5,8.5,0.0,True,3.0,10.3,2,Returning
CUST_03494,2,3122.16,12.0,9.0,133.4,True,5.0,10.799999999999999,1,Returning
CUST_03495,3,2900.9500000000003,16.0,10.333333333333334,56.300000000000004,True,3.6666666666666665,13.733333333333334,3,Returning
CUST_03496,1,634.4,15.0,4.0,147.22,False,5.0,10.6,3,At Risk
CUST_03497,1,1661.82,13.0,13.0,178.98,False,4.0,13.0,1,At Risk
CUST_03498,1,1727.79,19.0,10.0,104.85,False,4.0,15.4,3,At Risk
CUST_03499,10,9021.66,13.2,8.7,288.42999999999995,True,4.1,11.399999999999999,4,Returning
CUST_03500,1,6584.76,14.0,8.0,0.0,False,5.0,11.600000000000001,1,At Risk
CUST_03501,7,2778.64,15.571428571428571,9.428571428571429,0.0,True,3.7142857142857144,13.114285714285714,4,Returning
CUST_03502,2,329.88,16.5,6.5,15.85,True,3.0,12.5,2,Returning
CUST_03503,3,2280.3,12.0,10.333333333333334,0.0,True,3.6666666666666665,11.333333333333332,1,Returning
CUST_03504,5,2794.7,17.2,10.2,240.53,True,4.2,14.399999999999999,3,Returning
CUST_03505,2,11466.83,14.5,9.0,1669.96,True,3.0,12.299999999999999,0,Returning
CUST_03506,2,1304.63,16.5,8.5,47.25,True,4.5,13.3,3,Returning
CUST_03507,5,6693.02,15.2,8.2,177.9,True,3.8,12.399999999999999,4,Returning
CUST_03508,1,429.75,10.0,12.0,60.81,False,1.0,10.8,2,At Risk
CUST_03509,2,1075.42,16.0,9.0,29.66,True,4.5,13.2,3,Returning
CUST_03510,3,1458.26,15.666666666666666,8.333333333333334,82.57,True,4.0,12.733333333333333,3,Returning
CUST_03511,2,2642.35,16.0,7.5,24.94,True,4.5,12.6,3,Returning
CUST_03512,2,16381.39,14.5,9.5,0.0,True,3.5,12.5,4,Returning
CUST_03513,1,116.26,16.0,11.0,0.0,True,4.0,14.0,3,Returning
CUST_03514,2,309.98,11.0,11.0,0.0,True,4.5,11.0,1,Returning
CUST_03515,5,1786.88,13.6,9.6,62.72,True,4.4,12.0,1,Returning
CUST_03516,2,1567.49,15.0,7.5,74.44,True,3.0,12.0,2,Returning
CUST_03517,3,1955.93,17.0,9.333333333333334,177.01,True,4.0,13.933333333333334,3,Returning
CUST_03518,1,553.06,9.0,8.0,0.0,True,2.0,8.6,2,Returning
CUST_03519,3,1346.79,14.666666666666666,7.666666666666667,79.56,True,4.666666666666667,11.866666666666665,3,Returning
CUST_03520,3,2808.16,14.0,11.0,513.0999999999999,True,5.0,12.8,1,Returning
CUST_03521,2,5188.53,13.5,9.5,394.45,True,5.0,11.9,1,Returning
CUST_03522,1,286.09,16.0,11.0,67.86,True,5.0,14.0,3,Returning
CUST_03523,9,9441.34,15.333333333333334,8.11111111111111,1068.21,True,3.7777777777777777,12.444444444444443,4,Returning
CUST_03524,2,631.99,15.0,10.5,0.0,True,2.0,13.2,2,Returning
CUST_03525,3,759.21,16.0,12.0,119.72,True,4.333333333333333,14.4,1,Returning
CUST_03526,4,6370.42,17.75,7.75,8.71,True,3.75,13.75,3,Returning
CUST_03527,3,1088.65,14.666666666666666,6.666666666666667,7.61,True,4.333333333333333,11.466666666666665,3,Returning
CUST_03528,1,159.81,16.0,5.0,0.0,False,5.0,11.6,3,At Risk
CUST_03529,7,5183.83,11.428571428571429,9.857142857142858,0.0,True,3.857142857142857,10.8,4,Returning
CUST_03530,2,767.39,13.0,8.0,0.0,True,5.0,11.0,1,Returning
CUST_03531,4,3726.4,13.75,8.5,0.0,True,4.0,11.65,1,Returning
CUST_03532,5,2854.0499999999997,16.2,8.6,117.75,True,3.4,13.159999999999998,4,Returning
CUST_03533,2,2048.18,9.5,9.5,0.0,True,4.0,9.5,1,Returning
CUST_03534,4,3537.46,14.25,7.75,165.76999999999998,True,4.0,11.649999999999999,3,Returning
CUST_03535,1,1256.14,11.0,9.0,98.32,True,4.0,10.2,1,Returning
CUST_03536,3,811.72,18.333333333333332,10.666666666666666,0.0,True,5.0,15.266666666666666,3,Returning
CUST_03537,4,4783.51,11.5,9.0,173.37,True,3.25,10.5,2,Returning
CUST_03538,3,1208.36,16.0,10.0,66.38,True,4.333333333333333,13.6,3,Returning
CUST_03539,6,11500.02,15.833333333333334,9.5,242.76,True,4.833333333333333,13.3,4,Returning
CUST_03540,1,1122.08,11.0,9.0,0.0,True,2.0,10.2,2,Returning
CUST_03541,1,115.88,15.0,10.0,0.0,False,5.0,13.0,1,At Risk
CUST_03542,2,347.07,11.0,8.0,54.09,True,4.0,9.8,1,Returning
CUST_03543,4,3755.3500000000004,14.75,8.5,314.71999999999997,True,4.25,12.25,3,Returning
CUST_03544,1,2654.26,13.0,6.0,485.7,True,3.0,10.2,2,Returning
CUST_03545,8,11935.05,16.0,9.0,1195.33,True,4.0,13.2,0,Returning
CUST_03546,1,637.84,15.0,7.0,0.0,False,1.0,11.8,2,At Risk
CUST_03547,2,1023.5,13.0,8.0,91.6,True,3.0,11.0,2,Returning
CUST_03548,10,17166.5,16.0,9.2,284.95,True,4.2,13.28,4,Returning
CUST_03549,3,878.47,15.333333333333334,11.333333333333334,119.97,True,4.333333333333333,13.733333333333334,1,Returning
CUST_03550,2,4038.42,14.0,9.5,350.84,True,2.5,12.200000000000001,2,Returning
CUST_03551,3,13473.76,15.666666666666666,8.0,45.32,True,5.0,12.599999999999998,3,Returning
CUST_03552,4,8551.18,15.0,9.5,0.0,True,4.0,12.8,4,Returning
CUST_03553,5,12834.0,13.8,10.0,35.42,True,4.0,12.28,4,Returning
CUST_03554,4,3492.3199999999997,14.25,8.25,13.6,True,3.75,11.85,3,Returning
CUST_03555,6,5731.31,16.666666666666668,8.833333333333334,105.58,True,4.5,13.533333333333333,4,Returning
CUST_03556,2,634.8299999999999,12.5,13.5,0.0,True,4.5,12.9,1,Returning
CUST_03557,2,13436.78,14.0,8.5,7.46,True,4.0,11.8,4,Returning
CUST_03558,1,482.64,8.0,6.0,115.5,False,4.0,7.2,1,At Risk
CUST_03559,2,736.88,15.5,11.5,14.22,True,1.5,13.899999999999999,2,Returning
CUST_03560,2,3513.0699999999997,14.0,9.5,74.97,True,2.5,12.200000000000001,2,Returning
CUST_03561,1,80.92,16.0,11.0,0.0,True,5.0,14.0,3,Returning
CUST_03562,9,11138.25,15.0,9.555555555555555,176.69,True,3.7777777777777777,12.822222222222223,4,Returning
CUST_03563,1,207.4,6.0,8.0,0.0,True,3.0,6.8,1,Returning
CUST_03564,3,956.12,15.666666666666666,7.333333333333333,40.71,True,3.3333333333333335,12.333333333333332,2,Returning
CUST_03565,1,302.6,15.0,7.0,0.0,False,5.0,11.8,3,At Risk
CUST_03566,4,5587.59,15.0,9.0,600.03,True,3.75,12.6,4,Returning
CUST_03567,4,9059.78,17.5,9.0,1022.0500000000001,True,4.0,14.1,4,Returning
CUST_03568,2,252.07,14.5,9.5,50.63,True,4.0,12.5,1,Returning
CUST_03569,6,6330.7,15.166666666666666,8.5,1011.29,True,4.166666666666667,12.5,4,Returning
CUST_03570,2,4297.88,16.5,11.0,0.0,True,3.5,14.3,3,Returning
CUST_03571,1,118.5,12.0,9.0,0.0,True,3.0,10.799999999999999,2,Returning
CUST_03572,1,140.6,18.0,11.0,0.0,True,5.0,15.2,3,Returning
CUST_03573,6,9452.81,14.833333333333334,7.833333333333333,1918.98,True,4.5,12.033333333333333,0,Returning
CUST_03574,1,67.37,11.0,10.0,0.0,True,3.0,10.6,2,Returning
CUST_03575,2,1394.54,16.5,8.5,286.34000000000003,True,3.5,13.3,3,Returning
CUST_03576,1,403.09,18.0,10.0,103.35,True,5.0,14.799999999999999,3,Returning
CUST_03577,2,794.36,13.0,7.0,0.0,True,5.0,10.6,1,Returning
CUST_03578,3,2815.8199999999997,14.333333333333334,11.666666666666666,303.04,True,4.0,13.266666666666666,1,Returning
CUST_03579,1,14501.2,14.0,7.0,0.0,True,2.0,11.200000000000001,2,Returning
CUST_03580,10,11285.84,14.7,9.9,59.67,True,2.6,12.78,4,Returning
CUST_03581,2,262.96,14.5,6.0,19.82,True,4.0,11.1,3,Returning
CUST_03582,3,1744.82,16.0,10.666666666666666,0.0,True,4.666666666666667,13.866666666666667,3,Returning
CUST_03583,3,1843.54,16.0,10.0,169.45,True,4.333333333333333,13.6,3,Returning
CUST_03584,10,16413.899999999998,13.9,9.9,151.09,True,4.3,12.3,4,Returning
CUST_03585,1,22.68,18.0,11.0,4.39,True,4.0,15.2,3,Returning
CUST_03586,1,71.23,12.0,9.0,12.01,False,1.0,10.799999999999999,2,At Risk
CUST_03587,1,6437.71,16.0,9.0,1555.99,False,4.0,13.2,0,At Risk
CUST_03588,2,4659.39,14.5,8.5,0.0,True,3.0,12.1,2,Returning
CUST_03589,5,2756.47,13.2,9.2,64.92,True,3.0,11.599999999999998,2,Returning
CUST_03590,3,834.99,12.666666666666666,6.0,80.11,True,4.0,10.0,1,Returning
CUST_03591,2,500.82,12.5,9.5,0.0,True,4.5,11.3,1,Returning
CUST_03592,4,6301.47,13.0,8.5,0.0,True,4.25,11.2,1,Returning
CUST_03593,4,8129.589999999999,13.0,9.5,6.2,True,4.75,11.6,1,Returning
CUST_03594,2,4120.47,15.0,9.0,31.79,True,4.0,12.6,3,Returning
CUST_03595,3,376.93,14.333333333333334,8.666666666666666,5.65,True,3.6666666666666665,12.066666666666666,2,Returning
CUST_03596,10,10066.66,15.0,8.3,577.03,True,4.2,12.32,4,Returning
CUST_03597,4,4616.41,15.25,9.75,212.25,True,4.75,13.05,3,Returning
CUST_03598,1,449.54,18.0,5.0,38.32,True,1.0,12.799999999999999,2,Returning
CUST_03599,2,2288.53,16.5,9.5,332.79,True,4.0,13.700000000000001,3,Returning
CUST_03600,4,5837.45,14.75,7.75,243.8,True,3.75,11.95,4,Returning
CUST_03601,3,1081.44,12.0,11.0,24.55,True,3.3333333333333335,11.6,1,Returning
CUST_03602,2,4393.1,16.5,12.5,0.0,True,4.5,14.9,3,Returning
CUST_03603,3,3995.6000000000004,15.666666666666666,9.666666666666666,268.26,True,5.0,13.266666666666666,3,Returning
CUST_03604,2,2851.26,16.5,6.5,0.0,True,4.5,12.5,3,Returning
CUST_03605,5,8350.75,14.6,8.8,1059.96,True,3.8,12.280000000000001,4,Returning
CUST_03606,1,4843.92,18.0,10.0,0.0,False,5.0,14.799999999999999,3,At Risk
CUST_03607,1,186.09,14.0,5.0,0.0,True,3.0,10.4,2,Returning
CUST_03608,6,11575.89,15.0,8.0,352.47,True,3.1666666666666665,12.2,4,Returning
CUST_03609,2,10655.029999999999,18.5,10.0,0.0,True,4.5,15.1,3,Returning
CUST_03610,3,1004.22,14.666666666666666,7.666666666666667,0.0,True,3.3333333333333335,11.866666666666665,2,Returning
CUST_03611,1,476.17,16.0,12.0,42.15,True,3.0,14.4,2,Returning
CUST_03612,3,8544.56,16.0,9.666666666666666,1010.47,True,4.333333333333333,13.466666666666667,4,Returning
CUST_03613,2,4545.75,14.5,7.0,0.0,True,3.5,11.5,2,Returning
CUST_03614,3,7573.450000000001,15.666666666666666,7.666666666666667,25.71,True,5.0,12.466666666666665,3,Returning
CUST_03615,1,421.37,14.0,9.0,0.0,True,5.0,12.0,1,Returning
CUST_03616,8,17013.980000000003,14.875,8.75,1934.06,True,4.25,12.424999999999999,0,Returning
CUST_03617,2,2367.3599999999997,17.5,9.0,324.76,True,4.5,14.1,3,Returning
CUST_03618,6,6528.1,14.666666666666666,8.833333333333334,909.8800000000001,True,3.3333333333333335,12.333333333333332,4,Returning
CUST_03619,1,222.4,15.0,8.0,0.0,False,3.0,12.2,2,At Risk
CUST_03620,2,6536.76,14.0,11.5,186.76,True,4.0,13.0,1,Returning
CUST_03621,3,4651.92,16.333333333333332,8.333333333333334,387.49,True,4.666666666666667,13.133333333333333,3,Returning
CUST_03622,2,1421.57,16.0,8.5,0.0,True,5.0,13.0,3,Returning
CUST_03623,1,1567.94,15.0,7.0,122.92,True,4.0,11.8,3,Returning
CUST_03624,1,393.89,13.0,12.0,108.91,True,5.0,12.600000000000001,1,Returning
CUST_03625,2,1765.65,18.0,9.5,0.0,True,4.0,14.6,3,Returning
CUST_03626,3,3288.3300000000004,14.666666666666666,6.0,474.82,True,2.6666666666666665,11.2,2,Returning
CUST_03627,4,2612.8999999999996,15.5,8.25,349.47,True,3.5,12.6,3,Returning
CUST_03628,3,5714.79,14.0,8.0,14.23,True,4.666666666666667,11.600000000000001,1,Returning
CUST_03629,6,3066.52,12.166666666666666,8.0,358.5,True,4.166666666666667,10.5,4,Returning
CUST_03630,1,96.14,20.0,11.0,18.16,False,1.0,16.4,2,At Risk
CUST_03631,2,1336.9499999999998,18.5,12.0,0.0,True,4.5,15.9,3,Returning
CUST_03632,2,3904.7999999999997,11.5,7.5,641.73,True,5.0,9.899999999999999,1,Returning
CUST_03633,2,881.6400000000001,12.5,7.0,187.89,True,2.5,10.3,2,Returning
CUST_03634,2,579.93,14.5,8.0,61.48,True,3.5,11.899999999999999,2,Returning
CUST_03635,5,2948.26,14.0,12.2,286.27,True,4.2,13.280000000000001,1,Returning
CUST_03636,6,7082.16,13.0,9.333333333333334,315.48,True,4.166666666666667,11.533333333333333,4,Returning
CUST_03637,2,584.96,12.0,10.0,41.67,True,4.5,11.2,1,Returning
CUST_03638,5,6219.5,14.0,7.6,1167.51,True,4.4,11.440000000000001,4,Returning
CUST_03639,4,454.16,15.75,9.0,75.47999999999999,True,3.75,13.049999999999999,3,Returning
CUST_03640,2,886.9699999999999,15.0,9.0,125.25,True,4.5,12.6,3,Returning
CUST_03641,1,193.89,17.0,12.0,0.0,True,3.0,15.0,2,Returning
CUST_03642,6,5595.37,14.5,10.333333333333334,327.73,True,4.333333333333333,12.833333333333332,4,Returning
CUST_03643,1,578.04,9.0,13.0,0.0,True,5.0,10.6,1,Returning
CUST_03644,3,1665.5400000000002,14.333333333333334,10.333333333333334,0.0,True,4.666666666666667,12.733333333333334,1,Returning
CUST_03645,4,1269.85,12.5,9.75,51.63,True,4.25,11.4,1,Returning
CUST_03646,1,6659.88,16.0,7.0,0.0,True,4.0,12.4,3,Returning
CUST_03647,2,1125.75,16.5,7.0,19.45,True,3.5,12.700000000000001,3,Returning
CUST_03648,3,3883.2000000000003,15.666666666666666,6.0,97.94,True,3.3333333333333335,11.799999999999999,3,Returning
CUST_03649,3,6641.92,14.666666666666666,7.666666666666667,0.0,True,2.3333333333333335,11.866666666666665,2,Returning
CUST_03650,1,403.58,13.0,8.0,0.0,True,4.0,11.0,1,Returning
CUST_03651,1,1948.6,14.0,8.0,423.04,True,4.0,11.600000000000001,1,Returning
CUST_03652,7,10693.710000000001,14.0,8.285714285714286,383.66999999999996,True,3.857142857142857,11.714285714285715,4,Returning
CUST_03653,2,11200.8,12.5,10.5,0.0,True,4.0,11.7,1,Returning
CUST_03654,5,1516.79,14.0,8.8,52.94,True,4.4,11.920000000000002,1,Returning
CUST_03655,6,2338.5699999999997,16.166666666666668,9.833333333333334,441.28000000000003,True,4.333333333333333,13.633333333333335,4,Returning
CUST_03656,4,5787.68,14.5,10.5,706.83,True,4.75,12.899999999999999,1,Returning
CUST_03657,3,2928.32,16.0,10.0,279.6,True,4.333333333333333,13.6,3,Returning
CUST_03658,2,358.03,13.5,8.0,80.37,True,1.5,11.3,2,Returning
CUST_03659,3,402.76,12.333333333333334,9.666666666666666,49.2,True,4.0,11.266666666666667,1,Returning
CUST_03660,2,12039.210000000001,20.0,9.5,0.0,True,4.5,15.8,3,Returning
CUST_03661,2,408.93,11.5,12.0,50.74,True,4.0,11.7,1,Returning
CUST_03662,3,1767.74,17.0,9.333333333333334,11.64,True,3.3333333333333335,13.933333333333334,3,Returning
CUST_03663,3,5978.67,16.0,7.333333333333333,11.42,True,3.6666666666666665,12.533333333333333,3,Returning
CUST_03664,6,1901.07,15.333333333333334,8.5,17.7,True,4.0,12.6,4,Returning
CUST_03665,4,2574.94,12.5,8.5,14.42,True,5.0,10.9,1,Returning
CUST_03666,6,4691.75,14.833333333333334,8.5,218.66,True,4.0,12.3,4,Returning
CUST_03667,3,309.37,12.666666666666666,11.333333333333334,0.0,True,4.0,12.133333333333333,1,Returning
CUST_03668,5,11246.77,13.2,11.0,1478.78,True,4.0,12.32,0,Returning
CUST_03669,4,2783.83,16.75,8.75,252.89000000000001,True,3.75,13.549999999999999,3,Returning
CUST_03670,2,858.22,16.0,7.5,0.0,True,5.0,12.6,3,Returning
CUST_03671,3,963.98,13.0,8.0,37.15,True,3.3333333333333335,11.0,2,Returning
CUST_03672,4,6525.85,15.25,7.0,704.07,True,3.0,11.950000000000001,2,Returning
CUST_03673,1,319.66,19.0,11.0,0.0,True,4.0,15.8,3,Returning
CUST_03674,8,10420.99,14.125,8.75,310.75,True,3.375,11.975,4,Returning
CUST_03675,1,326.88,14.0,12.0,79.97,True,5.0,13.200000000000001,1,Returning
CUST_03676,2,6536.219999999999,14.0,6.5,2.63,True,5.0,11.0,3,Returning
CUST_03677,2,3847.65,17.0,9.0,222.52,True,4.0,13.799999999999999,3,Returning
CUST_03678,6,9335.54,13.166666666666666,8.333333333333334,744.0699999999999,True,3.5,11.233333333333334,4,Returning
CUST_03679,5,10893.36,15.8,9.2,1330.1200000000001,True,4.2,13.16,0,Returning
CUST_03680,3,1666.92,10.0,9.333333333333334,66.19,True,4.0,9.733333333333334,1,Returning
CUST_03681,7,3286.15,16.571428571428573,10.285714285714286,193.01,True,4.142857142857143,14.057142857142857,4,Returning
CUST_03682,2,1143.75,15.0,7.5,42.39,True,5.0,12.0,3,Returning
CUST_03683,1,5235.29,15.0,6.0,588.76,True,5.0,11.4,3,Returning
CUST_03684,1,4833.35,18.0,10.0,0.0,False,3.0,14.799999999999999,2,At Risk
CUST_03685,8,28905.899999999998,15.125,7.25,252.74,True,3.125,11.975,4,Returning
CUST_03686,2,800.91,18.0,7.0,0.0,True,4.0,13.6,3,Returning
CUST_03687,3,4236.34,13.0,8.0,494.87,True,4.0,11.0,1,Returning
CUST_03688,2,367.1,18.0,7.5,42.45,True,4.0,13.799999999999999,3,Returning
CUST_03689,2,649.55,15.5,6.5,0.0,True,1.5,11.899999999999999,2,Returning
CUST_03690,5,15506.359999999999,14.2,9.6,34.85,True,3.8,12.36,4,Returning
CUST_03691,4,20931.55,14.0,7.5,381.74,True,4.25,11.4,4,Returning
CUST_03692,4,5260.650000000001,16.25,8.75,41.42,True,3.25,13.25,2,Returning
CUST_03693,9,5520.88,13.777777777777779,11.333333333333334,0.0,True,4.111111111111111,12.8,4,Returning
CUST_03694,6,3418.08,14.666666666666666,9.166666666666666,78.25,True,3.5,12.466666666666665,4,Returning
CUST_03695,6,7253.0,14.333333333333334,8.833333333333334,976.91,True,4.0,12.133333333333333,4,Returning
CUST_03696,2,821.0,14.0,10.5,119.54,True,2.5,12.600000000000001,2,Returning
CUST_03697,1,381.06,16.0,16.0,30.54,True,5.0,16.0,1,Returning
CUST_03698,5,2375.0,15.4,10.6,129.27,True,3.8,13.48,4,Returning
CUST_03699,2,195.07,11.5,11.0,8.41,True,4.5,11.3,1,Returning
CUST_03700,10,8349.4,12.5,8.5,727.94,True,3.7,10.9,4,Returning
CUST_03701,2,100.41,14.0,7.0,0.0,True,3.5,11.200000000000001,2,Returning
CUST_03702,4,2294.48,14.25,7.5,162.79999999999998,True,4.5,11.549999999999999,3,Returning
CUST_03703,2,1855.6000000000001,14.0,7.0,50.94,True,4.5,11.200000000000001,3,Returning
CUST_03704,1,219.32,16.0,9.0,21.16,True,5.0,13.2,3,Returning
CUST_03705,2,259.02,13.0,10.0,15.04,True,3.5,11.8,1,Returning
CUST_03706,4,18191.45,13.5,8.75,357.03,True,4.25,11.6,4,Returning
CUST_03707,1,4224.16,13.0,8.0,940.29,True,3.0,11.0,2,Returning
CUST_03708,1,2326.67,19.0,8.0,229.25,True,4.0,14.600000000000001,3,Returning
CUST_03709,2,1897.56,14.0,10.0,114.31,True,5.0,12.4,1,Returning
CUST_03710,4,2050.3,12.25,9.0,251.5,True,4.75,10.95,1,Returning
CUST_03711,1,1121.28,13.0,6.0,0.0,False,2.0,10.2,2,At Risk
CUST_03712,5,5871.12,15.4,10.0,86.35,True,4.8,13.24,4,Returning
CUST_03713,3,3429.56,16.0,9.0,328.87,True,4.666666666666667,13.2,3,Returning
CUST_03714,2,1596.9099999999999,17.0,12.5,117.73,True,4.0,15.2,3,Returning
CUST_03715,3,3332.41,16.333333333333332,9.666666666666666,19.34,True,4.333333333333333,13.666666666666666,3,Returning
CUST_03716,3,1245.58,16.666666666666668,9.0,98.25999999999999,True,3.6666666666666665,13.6,3,Returning
CUST_03717,1,1099.6,12.0,9.0,0.0,True,5.0,10.799999999999999,1,Returning
CUST_03718,7,5892.37,13.571428571428571,9.428571428571429,383.4,True,4.714285714285714,11.914285714285715,4,Returning
CUST_03719,5,2492.58,15.8,9.2,56.87,True,4.4,13.16,3,Returning
CUST_03720,1,31.96,13.0,10.0,0.0,True,4.0,11.8,1,Returning
CUST_03721,2,1949.45,17.0,13.0,334.65999999999997,True,4.0,15.399999999999999,3,Returning
CUST_03722,1,389.94,13.0,9.0,88.94,True,3.0,11.4,2,Returning
CUST_03723,3,4308.76,13.0,9.0,86.9,True,3.3333333333333335,11.4,2,Returning
CUST_03724,3,6637.56,13.666666666666666,10.0,0.0,True,4.0,12.2,1,Returning
CUST_03725,3,3171.06,13.0,5.666666666666667,45.47,True,3.3333333333333335,10.066666666666666,2,Returning
CUST_03726,7,5197.18,14.857142857142858,8.285714285714286,23.87,True,4.571428571428571,12.22857142857143,4,Returning
CUST_03727,3,1633.35,11.666666666666666,7.0,270.84,True,4.333333333333333,9.799999999999999,1,Returning
CUST_03728,8,5895.18,15.25,7.5,283.91,True,3.75,12.15,4,Returning
CUST_03729,2,12392.279999999999,12.0,10.5,0.0,True,4.5,11.399999999999999,1,Returning
CUST_03730,6,3355.2299999999996,15.333333333333334,8.166666666666666,501.06,True,2.8333333333333335,12.466666666666665,4,Returning
CUST_03731,2,4399.82,12.5,6.0,998.94,True,3.5,9.9,2,Returning
CUST_03732,2,1122.19,13.0,8.0,203.13,True,4.0,11.0,1,Returning
CUST_03733,2,494.87,13.0,9.0,0.0,True,4.0,11.4,1,Returning
CUST_03734,1,969.35,14.0,10.0,0.0,True,4.0,12.4,1,Returning
CUST_03735,2,18202.43,14.5,9.0,2924.02,True,5.0,12.299999999999999,0,Returning
CUST_03736,4,4043.37,13.75,10.0,194.06,True,4.25,12.25,1,Returning
CUST_03737,8,14441.019999999999,13.75,8.5,615.23,True,4.0,11.65,4,Returning
CUST_03738,1,1049.75,12.0,10.0,133.6,True,1.0,11.2,2,Returning
CUST_03739,5,5880.26,14.4,9.8,181.04,True,4.6,12.56,4,Returning
CUST_03740,3,8285.48,14.333333333333334,12.0,11.88,True,3.0,13.4,2,Returning
CUST_03741,2,1158.78,15.5,10.5,63.89,True,4.5,13.5,3,Returning
CUST_03742,5,3771.21,14.4,10.4,468.4,True,4.4,12.8,4,Returning
CUST_03743,1,112.35,10.0,11.0,23.05,True,5.0,10.4,1,Returning
CUST_03744,3,930.51,13.333333333333334,10.333333333333334,136.14,True,3.6666666666666665,12.133333333333333,1,Returning
CUST_03745,2,375.65,12.5,10.0,0.0,True,4.0,11.5,1,Returning
CUST_03746,3,4860.3,16.0,8.0,30.62,True,4.666666666666667,12.8,3,Returning
CUST_03747,4,1101.62,13.5,10.75,169.67000000000002,True,3.25,12.399999999999999,2,Returning
CUST_03748,2,1041.8899999999999,14.0,6.5,155.41,True,4.5,11.0,3,Returning
CUST_03749,1,73.2,12.0,10.0,5.28,False,4.0,11.2,1,At Risk
CUST_03750,9,11453.210000000001,14.222222222222221,8.777777777777779,893.8299999999999,True,3.7777777777777777,12.044444444444444,4,Returning
CUST_03751,1,474.37,14.0,9.0,0.0,True,3.0,12.0,2,Returning
CUST_03752,1,1154.9,19.0,7.0,0.0,True,2.0,14.200000000000001,2,Returning
CUST_03753,3,5755.57,14.333333333333334,9.333333333333334,0.0,True,4.0,12.333333333333334,1,Returning
CUST_03754,1,82.46,13.0,9.0,0.0,False,4.0,11.4,1,At Risk
CUST_03755,6,8141.92,14.333333333333334,9.166666666666666,550.29,True,4.0,12.266666666666666,4,Returning
CUST_03756,2,2899.75,13.0,10.5,352.43,True,5.0,12.0,1,Returning
CUST_03757,5,1613.94,14.6,8.0,133.92,True,3.6,11.96,4,Returning
CUST_03758,7,10921.41,14.428571428571429,9.714285714285714,807.17,True,3.7142857142857144,12.542857142857143,4,Returning
CUST_03759,4,4538.94,15.0,9.75,290.09999999999997,True,3.75,12.9,4,Returning
CUST_03760,4,5543.43,15.75,10.0,420.70000000000005,True,4.0,13.45,4,Returning
CUST_03761,7,5956.93,13.142857142857142,9.0,265.21999999999997,True,3.7142857142857144,11.485714285714286,4,Returning
CUST_03762,3,2400.92,12.0,9.666666666666666,80.49,True,4.666666666666667,11.066666666666666,1,Returning
CUST_03763,1,10095.45,15.0,12.0,0.0,True,5.0,13.8,1,Returning
CUST_03764,1,44.22,12.0,6.0,0.0,False,4.0,9.6,1,At Risk
CUST_03765,2,283.68,12.5,14.0,0.0,True,4.5,13.100000000000001,1,Returning
CUST_03766,6,7362.24,15.833333333333334,7.333333333333333,0.0,True,4.166666666666667,12.433333333333334,4,Returning
CUST_03767,1,844.2,11.0,7.0,0.0,True,5.0,9.4,1,Returning
CUST_03768,6,3785.09,13.833333333333334,8.333333333333334,518.87,True,3.6666666666666665,11.633333333333335,4,Returning
CUST_03769,2,2557.33,15.0,9.5,0.0,True,3.0,12.8,2,Returning
CUST_03770,2,507.38,12.0,5.0,0.0,True,3.5,9.2,2,Returning
CUST_03771,5,10839.68,14.2,8.4,1623.62,True,3.8,11.879999999999999,0,Returning
CUST_03772,2,2390.22,12.0,7.5,0.0,True,2.5,10.2,2,Returning
CUST_03773,8,11588.03,14.875,8.125,1334.86,True,4.375,12.174999999999999,0,Returning
CUST_03774,7,3862.4500000000003,12.857142857142858,9.142857142857142,65.42,True,4.0,11.371428571428572,4,Returning
CUST_03775,2,4521.33,10.5,11.0,484.87,True,4.0,10.7,1,Returning
CUST_03776,3,539.3199999999999,14.666666666666666,10.0,13.97,True,5.0,12.799999999999999,1,Returning
CUST_03777,2,2555.26,17.0,11.0,60.58,True,5.0,14.6,3,Returning
CUST_03778,2,5556.17,15.5,8.0,0.0,True,3.0,12.5,2,Returning
CUST_03779,2,240.62,15.0,7.0,30.45,True,3.5,11.8,3,Returning
CUST_03780,2,1371.78,17.0,8.0,197.74,True,4.0,13.399999999999999,3,Returning
CUST_03781,3,2300.28,14.666666666666666,7.666666666666667,61.29,True,4.0,11.866666666666665,3,Returning
CUST_03782,3,2306.16,12.666666666666666,10.0,0.0,True,4.666666666666667,11.6,1,Returning
CUST_03783,5,6075.54,13.8,8.4,1093.56,True,3.6,11.64,4,Returning
CUST_03784,1,28.87,13.0,4.0,5.87,True,5.0,9.4,3,Returning
CUST_03785,10,14282.49,13.3,9.0,1776.8500000000001,True,4.2,11.58,0,Returning
CUST_03786,2,4428.29,8.5,8.0,559.27,True,3.5,8.3,1,Returning
CUST_03787,3,1346.5900000000001,12.0,7.666666666666667,167.1,True,5.0,10.266666666666666,1,Returning
CUST_03788,3,960.7,14.0,10.0,16.21,True,5.0,12.4,1,Returning
CUST_03789,2,4402.95,15.5,10.5,0.0,True,5.0,13.5,3,Returning
CUST_03790,1,497.96,12.0,7.0,28.8,False,1.0,10.0,2,At Risk
CUST_03791,1,86.94,11.0,9.0,0.0,False,5.0,10.2,1,At Risk
CUST_03792,3,2937.2400000000002,15.333333333333334,8.333333333333334,107.56,True,4.333333333333333,12.533333333333333,3,Returning
CUST_03793,1,547.65,15.0,10.0,0.0,True,5.0,13.0,1,Returning
CUST_03794,1,619.61,13.0,9.0,0.0,False,5.0,11.4,1,At Risk
CUST_03795,3,42480.020000000004,12.333333333333334,9.333333333333334,1013.03,True,4.0,11.133333333333335,0,Returning
CUST_03796,8,3151.0,13.25,8.375,11.14,True,4.0,11.299999999999999,4,Returning
CUST_03797,4,3004.2000000000003,15.5,8.75,504.64,True,3.25,12.799999999999999,2,Returning
CUST_03798,10,7382.13,14.0,7.1,1211.14,True,3.9,11.24,4,Returning
CUST_03799,2,756.4200000000001,16.0,10.0,106.92,True,4.0,13.6,3,Returning
CUST_03800,3,3719.83,16.333333333333332,10.333333333333334,25.26,True,4.333333333333333,13.933333333333334,3,Returning
CUST_03801,2,513.5799999999999,16.0,9.0,93.1,True,3.5,13.2,3,Returning
CUST_03802,1,393.48,14.0,8.0,99.84,True,4.0,11.600000000000001,1,Returning
CUST_03803,7,3589.02,13.428571428571429,8.714285714285714,132.5,True,3.7142857142857144,11.542857142857143,4,Returning
CUST_03804,2,788.6,16.0,6.5,0.0,True,3.0,12.2,2,Returning
CUST_03805,5,3118.3799999999997,14.6,8.4,51.98,True,3.4,12.120000000000001,4,Returning
CUST_03806,4,5364.28,14.0,9.5,579.67,True,4.5,12.200000000000001,1,Returning
CUST_03807,4,12627.28,11.25,9.75,0.0,True,3.75,10.65,4,Returning
CUST_03808,2,1839.1999999999998,20.0,9.0,0.0,True,3.0,15.6,3,Returning
CUST_03809,3,17086.18,11.333333333333334,11.0,1032.58,True,2.3333333333333335,11.2,0,Returning
CUST_03810,4,5747.08,13.25,9.5,572.5600000000001,True,3.75,11.75,4,Returning
CUST_03811,4,10386.58,14.5,8.5,819.54,True,4.0,12.1,4,Returning
CUST_03812,6,7025.41,14.666666666666666,9.166666666666666,135.47,True,3.5,12.466666666666665,4,Returning
CUST_03813,6,1608.73,14.666666666666666,9.333333333333334,3.57,True,4.166666666666667,12.533333333333333,4,Returning
CUST_03814,1,230.62,19.0,9.0,0.0,True,5.0,15.0,3,Returning
CUST_03815,10,21335.440000000002,14.6,8.4,180.1,True,4.1,12.120000000000001,4,Returning
CUST_03816,1,563.26,10.0,6.0,58.2,True,3.0,8.4,2,Returning
CUST_03817,2,5214.469999999999,14.5,7.5,0.0,True,4.5,11.7,3,Returning
CUST_03818,1,434.74,17.0,8.0,0.0,True,3.0,13.399999999999999,2,Returning
CUST_03819,4,1289.96,14.75,9.5,50.370000000000005,True,4.0,12.65,1,Returning
CUST_03820,3,1561.3799999999999,17.0,9.666666666666666,0.0,True,4.0,14.066666666666666,3,Returning
CUST_03821,2,190.54999999999998,12.0,10.5,0.0,True,1.5,11.399999999999999,2,Returning
CUST_03822,5,8137.25,12.8,8.0,101.37,True,3.8,10.879999999999999,4,Returning
CUST_03823,3,1394.31,12.666666666666666,10.333333333333334,110.2,True,5.0,11.733333333333334,1,Returning
CUST_03824,4,10223.92,12.5,11.0,1403.45,True,3.75,11.9,0,Returning
CUST_03825,7,4277.1900000000005,14.0,7.142857142857143,356.68,True,3.857142857142857,11.257142857142858,4,Returning
CUST_03826,4,6337.28,14.0,10.0,97.25,True,3.5,12.4,4,Returning
CUST_03827,3,488.38,15.666666666666666,9.0,7.65,True,4.333333333333333,12.999999999999998,3,Returning
CUST_03828,1,2610.15,10.0,8.0,0.0,True,4.0,9.2,1,Returning
CUST_03829,1,11453.2,22.0,10.0,0.0,False,3.0,17.2,3,At Risk
CUST_03830,2,1155.4499999999998,10.5,10.5,16.47,True,4.5,10.5,1,Returning
CUST_03831,2,2904.37,15.5,8.5,0.0,True,4.5,12.7,3,Returning
CUST_03832,10,11888.11,14.2,8.3,204.34,True,4.2,11.84,4,Returning
CUST_03833,10,7493.01,15.0,9.0,625.78,True,3.9,12.6,4,Returning
CUST_03834,1,556.83,13.0,10.0,96.93,False,3.0,11.8,2,At Risk
CUST_03835,6,6548.93,16.166666666666668,7.666666666666667,180.35,True,3.8333333333333335,12.766666666666667,4,Returning
CUST_03836,2,1325.99,16.5,10.5,27.13,True,3.5,14.100000000000001,3,Returning
CUST_03837,2,276.33,15.5,8.0,18.84,True,2.0,12.5,2,Returning
CUST_03838,2,1599.72,15.0,11.5,13.66,True,4.0,13.600000000000001,1,Returning
CUST_03839,7,5678.38,14.571428571428571,9.571428571428571,25.18,True,4.0,12.571428571428571,4,Returning
CUST_03840,4,4342.07,12.5,9.5,97.89,True,3.0,11.3,2,Returning
CUST_03841,5,3551.48,15.2,9.8,182.25,True,3.6,13.04,4,Returning
CUST_03842,1,200.06,15.0,10.0,0.0,True,1.0,13.0,2,Returning
CUST_03843,5,2646.2599999999998,14.2,8.8,511.19,True,3.0,12.04,2,Returning
CUST_03844,7,3450.17,14.0,7.714285714285714,315.06,True,4.285714285714286,11.485714285714286,4,Returning
CUST_03845,3,255.3,16.333333333333332,8.0,41.44,True,3.0,13.0,2,Returning
CUST_03846,4,3683.42,14.25,9.5,105.65,True,2.75,12.35,2,Returning
CUST_03847,1,339.96,18.0,10.0,0.0,True,5.0,14.799999999999999,3,Returning
CUST_03848,3,1755.4,12.666666666666666,8.0,207.67000000000002,True,3.3333333333333335,10.8,2,Returning
CUST_03849,3,14346.31,12.666666666666666,10.333333333333334,0.0,True,3.6666666666666665,11.733333333333334,4,Returning
CUST_03850,1,1060.75,10.0,11.0,0.0,True,3.0,10.4,1,Returning
CUST_03851,3,4176.38,13.0,9.0,927.9499999999999,True,5.0,11.4,1,Returning
CUST_03852,2,631.51,16.0,6.0,106.83,True,4.0,12.0,3,Returning
CUST_03853,4,2119.59,13.0,8.5,222.57,True,4.5,11.2,1,Returning
CUST_03854,1,1740.6,16.0,9.0,0.0,False,4.0,13.2,3,At Risk
CUST_03855,6,5221.79,13.833333333333334,8.5,346.71,True,4.5,11.700000000000001,4,Returning
CUST_03856,1,14532.72,16.0,12.0,789.08,False,5.0,14.4,1,At Risk
CUST_03857,3,1235.66,12.333333333333334,8.666666666666666,79.73,True,4.333333333333333,10.866666666666667,1,Returning
CUST_03858,6,2235.87,14.0,9.833333333333334,200.65,True,4.0,12.333333333333334,4,Returning
CUST_03859,2,661.69,15.0,11.0,97.47,True,3.5,13.4,2,Returning
CUST_03860,1,28.49,11.0,6.0,7.65,False,4.0,9.0,1,At Risk
CUST_03861,5,4140.01,14.8,9.4,98.35,True,3.6,12.64,4,Returning
CUST_03862,2,666.6800000000001,15.0,8.5,0.0,True,4.5,12.4,3,Returning
CUST_03863,3,10588.44,12.666666666666666,8.333333333333334,2341.58,True,3.3333333333333335,10.933333333333334,0,Returning
CUST_03864,4,3455.34,14.75,8.5,154.82999999999998,True,4.25,12.25,3,Returning
CUST_03865,4,7491.44,13.5,9.75,158.92,True,3.25,12.0,4,Returning
CUST_03866,3,3416.2400000000002,13.333333333333334,9.666666666666666,95.1,True,2.6666666666666665,11.866666666666667,2,Returning
CUST_03867,6,12555.600000000002,15.666666666666666,10.166666666666666,41.7,True,4.166666666666667,13.466666666666665,4,Returning
CUST_03868,3,3531.8,16.666666666666668,8.333333333333334,319.71,True,3.6666666666666665,13.333333333333334,3,Returning
CUST_03869,2,386.72,15.0,9.0,79.65,True,3.5,12.6,2,Returning
CUST_03870,1,276.5,14.0,11.0,0.0,False,4.0,12.8,1,At Risk
CUST_03871,7,10488.98,15.428571428571429,7.571428571428571,5.11,True,4.0,12.285714285714285,4,Returning
CUST_03872,2,1684.85,14.0,9.5,180.92,True,3.5,12.200000000000001,2,Returning
CUST_03873,3,2030.44,18.0,10.0,343.95,True,3.6666666666666665,14.799999999999999,3,Returning
CUST_03874,4,5569.45,15.0,6.75,39.86,True,3.75,11.7,3,Returning
CUST_03875,4,2192.93,15.5,8.5,43.9,True,3.75,12.7,3,Returning
CUST_03876,5,3676.0499999999997,15.4,9.6,0.0,True,4.8,13.08,3,Returning
CUST_03877,1,63.41,18.0,9.0,6.76,False,5.0,14.399999999999999,3,At Risk
CUST_03878,2,356.91,18.0,8.5,80.09,True,4.5,14.2,3,Returning
CUST_03879,1,262.02,13.0,8.0,0.0,False,4.0,11.0,1,At Risk
CUST_03880,2,3361.3500000000004,14.5,9.5,0.0,True,4.5,12.5,1,Returning
CUST_03881,6,8704.27,13.333333333333334,9.0,158.37,True,4.0,11.6,4,Returning
CUST_03882,9,9636.88,14.444444444444445,9.11111111111111,603.35,True,4.222222222222222,12.31111111111111,4,Returning
CUST_03883,4,7046.400000000001,17.0,8.25,7.88,True,4.0,13.5,3,Returning
CUST_03884,6,1582.05,15.5,8.5,0.0,True,3.8333333333333335,12.7,4,Returning
CUST_03885,2,4401.61,16.5,6.0,0.0,True,3.5,12.3,3,Returning
CUST_03886,2,261.01,12.0,10.0,26.01,True,4.0,11.2,1,Returning
CUST_03887,2,711.5899999999999,15.0,10.0,0.0,True,4.5,13.0,1,Returning
CUST_03888,2,6044.89,14.5,9.0,5.9,True,4.0,12.299999999999999,1,Returning
CUST_03889,2,17508.63,18.0,10.0,0.0,True,4.0,14.799999999999999,3,Returning
CUST_03890,5,2651.6600000000003,13.2,10.4,178.88,True,4.2,12.079999999999998,1,Returning
CUST_03891,2,683.5,14.5,9.0,0.0,True,4.0,12.299999999999999,1,Returning
CUST_03892,4,3480.94,15.0,8.75,447.34,True,3.25,12.5,2,Returning
CUST_03893,1,1022.08,12.0,12.0,179.18,True,5.0,12.0,1,Returning
CUST_03894,3,1781.68,15.666666666666666,7.333333333333333,0.0,True,3.3333333333333335,12.333333333333332,2,Returning
CUST_03895,2,460.22999999999996,12.0,6.5,7.86,True,4.5,9.799999999999999,1,Returning
CUST_03896,1,177.28,12.0,8.0,47.93,True,5.0,10.399999999999999,1,Returning
CUST_03897,1,26.04,12.0,4.0,5.28,True,4.0,8.799999999999999,1,Returning
CUST_03898,4,4237.95,13.0,8.5,234.17000000000002,True,4.25,11.2,1,Returning
CUST_03899,1,181.64,15.0,11.0,36.92,True,2.0,13.4,2,Returning
CUST_03900,2,3543.65,11.5,8.5,265.39,True,4.0,10.3,1,Returning
CUST_03901,1,1192.35,19.0,7.0,0.0,False,5.0,14.200000000000001,3,At Risk
CUST_03902,2,263.69,15.5,8.5,34.95,True,3.0,12.7,2,Returning
CUST_03903,2,1168.14,17.0,8.5,133.73,True,4.5,13.6,3,Returning
CUST_03904,7,4854.34,14.285714285714286,9.285714285714286,210.15,True,4.285714285714286,12.285714285714286,4,Returning
CUST_03905,2,927.13,16.5,8.0,104.17,True,3.5,13.100000000000001,3,Returning
CUST_03906,6,34773.380000000005,12.833333333333334,9.5,4461.75,True,5.0,11.5,0,Returning
CUST_03907,1,686.07,14.0,12.0,0.0,True,5.0,13.200000000000001,1,Returning
CUST_03908,5,1150.4,13.2,8.0,20.12,True,4.0,11.12,1,Returning
CUST_03909,2,110.77,15.0,8.0,8.39,True,3.5,12.2,2,Returning
CUST_03910,5,4300.07,12.8,9.2,44.589999999999996,True,3.8,11.36,4,Returning
CUST_03911,4,4259.85,13.75,8.0,1.76,True,3.75,11.45,1,Returning
CUST_03912,1,480.93,20.0,13.0,0.0,False,5.0,17.2,3,At Risk
CUST_03913,4,7957.1,16.5,8.75,889.0999999999999,True,3.0,13.4,4,Returning
CUST_03914,2,362.56,15.5,8.5,16.66,True,2.0,12.7,2,Returning
CUST_03915,5,2496.43,14.0,9.8,468.72,True,3.6,12.32,4,Returning
CUST_03916,5,1813.63,13.4,8.4,268.28,True,2.8,11.399999999999999,2,Returning
CUST_03917,4,1502.76,16.25,8.0,22.69,True,4.25,12.95,3,Returning
CUST_03918,4,6322.41,13.0,8.5,12.14,True,4.25,11.2,1,Returning
CUST_03919,2,1143.6,10.0,7.0,0.0,True,4.0,8.8,1,Returning
CUST_03920,2,1394.74,14.0,8.0,67.9,True,4.5,11.600000000000001,1,Returning
CUST_03921,5,3298.2999999999997,14.2,8.8,152.0,True,3.6,12.04,4,Returning
CUST_03922,1,411.1,11.0,7.0,0.0,False,3.0,9.4,2,At Risk
CUST_03923,10,38610.82,14.0,10.4,764.4300000000001,True,4.4,12.56,0,Returning
CUST_03924,5,7055.68,15.0,8.6,206.21,True,4.2,12.44,4,Returning
CUST_03925,2,1561.86,14.5,8.5,145.06,True,3.5,12.1,2,Returning
CUST_03926,2,8239.92,15.0,10.0,601.42,True,2.5,13.0,2,Returning
CUST_03927,3,5144.5,12.333333333333334,8.333333333333334,0.0,True,3.6666666666666665,10.733333333333334,1,Returning
CUST_03928,6,4100.45,16.0,9.0,81.41,True,4.166666666666667,13.2,4,Returning
CUST_03929,3,8505.43,17.333333333333332,10.0,311.02,True,1.6666666666666667,14.399999999999999,2,Returning
CUST_03930,1,54.26,14.0,7.0,0.0,False,3.0,11.200000000000001,2,At Risk
CUST_03931,3,5294.42,15.666666666666666,8.333333333333334,200.44,True,3.0,12.733333333333333,2,Returning
CUST_03932,1,16.98,17.0,7.0,0.0,True,4.0,13.0,3,Returning
CUST_03933,7,20956.870000000003,13.857142857142858,7.428571428571429,1605.33,True,4.285714285714286,11.285714285714286,0,Returning
CUST_03934,1,629.22,13.0,5.0,69.15,True,4.0,9.8,3,Returning
CUST_03935,5,3321.59,13.6,9.8,0.0,True,4.2,12.08,1,Returning
CUST_03936,2,896.6,17.5,7.0,51.6,True,4.5,13.3,3,Returning
CUST_03937,1,1490.19,12.0,7.0,0.0,False,4.0,10.0,1,At Risk
CUST_03938,1,3436.95,15.0,6.0,0.0,True,4.0,11.4,3,Returning
CUST_03939,6,1837.3500000000001,12.333333333333334,10.333333333333334,0.0,True,3.8333333333333335,11.533333333333335,1,Returning
CUST_03940,3,471.65,12.0,10.333333333333334,93.45,True,4.666666666666667,11.333333333333332,1,Returning
CUST_03941,1,444.39,16.0,3.0,0.0,False,4.0,10.8,3,At Risk
CUST_03942,3,2690.55,15.0,8.0,260.73,True,4.333333333333333,12.2,3,Returning
CUST_03943,7,15024.33,16.142857142857142,9.0,2110.07,True,3.142857142857143,13.285714285714285,0,Returning
CUST_03944,1,858.02,13.0,11.0,0.0,False,2.0,12.2,2,At Risk
CUST_03945,2,2051.23,17.5,7.0,156.76999999999998,True,3.5,13.3,3,Returning
CUST_03946,2,638.1,12.0,8.0,0.0,True,4.0,10.399999999999999,1,Returning
CUST_03947,5,13112.24,13.6,8.6,730.6,True,3.6,11.6,4,Returning
CUST_03948,2,220.83999999999997,17.0,10.0,49.519999999999996,True,4.5,14.2,3,Returning
CUST_03949,9,11759.1,16.333333333333332,9.555555555555555,316.82,True,3.4444444444444446,13.622222222222222,4,Returning
CUST_03950,8,14596.29,15.625,9.375,556.25,True,3.0,13.125,4,Returning
CUST_03951,2,1475.69,15.5,9.5,172.96,True,1.5,13.1,2,Returning
CUST_03952,2,2823.56,16.5,7.5,451.03,True,4.0,12.9,3,Returning
CUST_03953,5,2671.5099999999998,16.2,9.2,83.16,True,4.2,13.399999999999999,3,Returning
CUST_03954,2,810.0,15.5,8.0,27.87,True,4.5,12.5,3,Returning
CUST_03955,4,1038.87,15.5,8.5,0.0,True,3.75,12.7,3,Returning
CUST_03956,1,86.94,16.0,6.0,5.22,False,5.0,12.0,3,At Risk
CUST_03957,5,5309.59,15.8,9.4,0.0,True,4.2,13.24,4,Returning
CUST_03958,4,30300.57,15.75,10.75,2233.26,True,4.0,13.75,0,Returning
CUST_03959,1,1925.52,13.0,8.0,0.0,False,2.0,11.0,2,At Risk
CUST_03960,5,1840.78,14.8,8.6,13.23,True,4.6,12.32,3,Returning
CUST_03961,4,20508.8,12.0,10.0,0.0,True,4.0,11.2,4,Returning
CUST_03962,2,6463.97,12.5,7.5,0.0,True,3.5,10.5,2,Returning
CUST_03963,6,2948.45,14.833333333333334,10.333333333333334,29.77,True,3.8333333333333335,13.033333333333335,4,Returning
CUST_03964,2,453.24,12.5,9.0,10.02,True,3.0,11.1,2,Returning
CUST_03965,4,1578.06,16.0,9.5,35.66,True,4.75,13.4,3,Returning
CUST_03966,2,1305.17,14.5,8.0,17.17,True,5.0,11.899999999999999,3,Returning
CUST_03967,2,12033.3,14.5,7.5,26.18,True,3.0,11.7,2,Returning
CUST_03968,10,5806.76,16.3,9.3,970.8199999999999,True,3.8,13.5,4,Returning
CUST_03969,4,5850.85,14.0,9.75,181.58,True,4.25,12.3,1,Returning
CUST_03970,4,4018.77,12.5,7.75,64.04,True,4.25,10.6,1,Returning
CUST_03971,8,19936.29,13.0,9.125,1739.22,True,3.75,11.45,0,Returning
CUST_03972,2,3678.15,12.0,6.0,0.0,True,3.5,9.6,2,Returning
CUST_03973,3,1237.73,15.0,9.333333333333334,43.5,True,4.0,12.733333333333334,3,Returning
CUST_03974,3,3274.91,15.0,11.0,428.09,True,3.6666666666666665,13.4,1,Returning
CUST_03975,1,188.8,12.0,6.0,0.0,True,4.0,9.6,1,Returning
CUST_03976,2,1428.78,14.0,8.5,0.0,True,5.0,11.8,1,Returning
CUST_03977,5,3459.35,13.8,8.2,92.95,True,3.4,11.559999999999999,4,Returning
CUST_03978,2,725.75,14.0,8.5,48.56,True,4.0,11.8,1,Returning
CUST_03979,3,6252.879999999999,14.333333333333334,9.0,2.23,True,5.0,12.2,1,Returning
CUST_03980,7,6077.04,12.428571428571429,8.285714285714286,1088.62,True,4.428571428571429,10.771428571428572,4,Returning
CUST_03981,4,4091.27,14.25,9.75,851.2,True,4.5,12.45,1,Returning
CUST_03982,5,1211.01,13.0,10.2,7.73,True,3.8,11.879999999999999,1,Returning
CUST_03983,5,14373.13,12.8,9.0,81.69,True,3.6,11.28,4,Returning
CUST_03984,3,20991.989999999998,14.0,11.0,0.0,True,2.6666666666666665,12.8,4,Returning
CUST_03985,7,13566.25,13.571428571428571,11.0,1166.13,True,4.285714285714286,12.542857142857143,0,Returning
CUST_03986,2,4617.31,11.5,11.5,0.0,True,3.0,11.5,2,Returning
CUST_03987,2,6625.3,16.5,8.0,0.0,True,4.0,13.100000000000001,3,Returning
CUST_03988,1,1387.13,17.0,9.0,84.46,True,5.0,13.799999999999999,3,Returning
CUST_03989,3,2185.0,13.333333333333334,9.333333333333334,0.0,True,5.0,11.733333333333334,1,Returning
CUST_03990,4,3553.9500000000003,14.25,10.0,50.11,True,4.0,12.549999999999999,1,Returning
CUST_03991,6,4438.93,13.5,8.666666666666666,141.39,True,3.6666666666666665,11.566666666666666,4,Returning
CUST_03992,3,26811.38,15.0,9.0,0.0,True,4.666666666666667,12.6,4,Returning
CUST_03993,2,752.4,17.0,8.5,0.0,True,4.0,13.6,3,Returning
CUST_03994,2,3064.6600000000003,13.0,9.5,0.0,True,5.0,11.6,1,Returning
CUST_03995,3,1794.95,16.0,8.333333333333334,27.69,True,4.666666666666667,12.933333333333334,3,Returning
CUST_03996,2,2186.91,14.5,11.5,498.90000000000003,True,4.0,13.3,1,Returning
CUST_03997,2,2085.03,12.0,9.0,205.97,True,4.0,10.799999999999999,1,Returning
CUST_03998,1,229.75,12.0,12.0,0.0,False,5.0,12.0,1,At Risk
CUST_03999,2,247.1,17.0,9.0,4.99,True,2.0,13.799999999999999,2,Returning
CUST_04000,4,3229.39,16.5,11.0,186.45999999999998,True,4.0,14.3,3,Returning
CUST_04001,6,13422.28,14.166666666666666,8.166666666666666,605.4699999999999,True,4.333333333333333,11.766666666666666,4,Returning
CUST_04002,2,1042.14,12.5,8.0,0.0,True,4.0,10.7,1,Returning
CUST_04003,5,3042.2200000000003,13.8,8.8,0.0,True,4.4,11.8,1,Returning
CUST_04004,6,12819.39,14.333333333333334,6.666666666666667,2131.2000000000003,True,4.5,11.266666666666666,0,Returning
CUST_04005,2,3350.61,22.0,9.0,0.0,True,4.5,16.8,3,Returning
CUST_04006,2,673.12,19.5,10.0,37.13,True,4.5,15.7,3,Returning
CUST_04007,3,509.71000000000004,14.333333333333334,10.666666666666666,23.42,True,3.3333333333333335,12.866666666666667,2,Returning
CUST_04008,4,5781.68,15.0,9.25,822.01,True,3.25,12.7,4,Returning
CUST_04009,3,1571.28,12.333333333333334,12.333333333333334,58.64,True,2.3333333333333335,12.333333333333334,2,Returning
CUST_04010,3,8016.76,13.666666666666666,9.666666666666666,0.0,True,4.666666666666667,12.066666666666666,1,Returning
CUST_04011,9,23138.92,14.222222222222221,9.444444444444445,703.1,True,4.0,12.311111111111112,0,Returning
CUST_04012,1,1763.67,16.0,6.0,229.35,True,4.0,12.0,3,Returning
CUST_04013,1,1424.01,13.0,10.0,247.14,False,5.0,11.8,1,At Risk
CUST_04014,3,15985.390000000001,13.333333333333334,9.666666666666666,0.0,True,2.6666666666666665,11.866666666666667,2,Returning
CUST_04015,3,1275.8899999999999,15.666666666666666,9.0,12.83,True,4.666666666666667,12.999999999999998,3,Returning
CUST_04016,3,2174.96,13.666666666666666,10.333333333333334,250.33999999999997,True,4.666666666666667,12.333333333333332,1,Returning
CUST_04017,3,1272.65,15.0,7.333333333333333,101.89,True,3.3333333333333335,11.933333333333334,2,Returning
CUST_04018,6,28383.62,12.833333333333334,9.833333333333334,604.5,True,3.8333333333333335,11.633333333333333,0,Returning
CUST_04019,3,4326.26,15.666666666666666,8.666666666666666,481.32000000000005,True,4.666666666666667,12.866666666666665,3,Returning
CUST_04020,6,8071.02,12.833333333333334,9.333333333333334,152.54000000000002,True,3.6666666666666665,11.433333333333334,4,Returning
CUST_04021,5,6341.1,15.4,9.2,101.32,True,4.4,12.92,4,Returning
CUST_04022,4,2217.73,14.75,9.5,195.75,True,3.25,12.65,2,Returning
CUST_04023,2,394.79,12.5,7.5,0.0,True,3.0,10.5,2,Returning
CUST_04024,5,2224.5299999999997,15.0,10.8,295.64,True,4.4,13.32,1,Returning
CUST_04025,3,1009.29,15.0,8.0,119.3,True,4.0,12.2,3,Returning
CUST_04026,2,690.35,20.5,8.5,91.19,True,4.0,15.7,3,Returning
CUST_04027,3,3332.9900000000002,16.333333333333332,8.0,0.0,True,2.6666666666666665,13.0,2,Returning
CUST_04028,2,238.31,15.5,10.5,24.33,True,5.0,13.5,3,Returning
CUST_04029,5,1803.44,13.6,10.0,265.43,True,3.0,12.16,2,Returning
CUST_04030,1,982.21,16.0,9.0,0.0,False,4.0,13.2,3,At Risk
CUST_04031,2,805.88,11.5,10.5,0.0,True,4.5,11.1,1,Returning
CUST_04032,1,198.13,18.0,11.0,40.39,True,5.0,15.2,3,Returning
CUST_04033,8,4759.37,14.375,9.875,27.28,True,3.25,12.575,4,Returning
CUST_04034,2,1356.21,16.0,11.0,23.43,True,3.5,14.0,2,Returning
CUST_04035,7,8004.79,12.428571428571429,9.857142857142858,11.43,True,3.5714285714285716,11.4,4,Returning
CUST_04036,2,228.77999999999997,17.0,9.5,17.29,True,5.0,14.0,3,Returning
CUST_04037,4,7742.650000000001,13.75,9.25,231.34,True,4.0,11.95,4,Returning
CUST_04038,1,133.44,14.0,9.0,25.81,True,4.0,12.0,1,Returning
CUST_04039,3,2800.88,18.0,9.333333333333334,13.2,True,3.6666666666666665,14.533333333333333,3,Returning
CUST_04040,4,1036.0700000000002,13.25,7.75,27.29,True,4.0,11.049999999999999,1,Returning
CUST_04041,3,1516.25,13.666666666666666,10.0,161.55,True,4.333333333333333,12.2,1,Returning
CUST_04042,4,4653.95,13.0,9.25,65.71000000000001,True,4.75,11.5,1,Returning
CUST_04043,1,910.76,11.0,9.0,0.0,True,5.0,10.2,1,Returning
CUST_04044,4,983.2900000000001,14.5,9.75,72.12,True,3.5,12.6,2,Returning
CUST_04045,6,2709.62,15.5,9.333333333333334,144.63,True,4.0,13.033333333333333,4,Returning
CUST_04046,5,5807.839999999999,15.2,10.0,301.53999999999996,True,4.0,13.12,4,Returning
CUST_04047,4,8121.07,16.0,9.75,84.51,True,4.0,13.5,4,Returning
CUST_04048,2,4770.27,11.0,7.5,3.32,True,4.0,9.6,1,Returning
CUST_04049,4,8262.32,16.75,8.75,193.65,True,2.75,13.549999999999999,2,Returning
CUST_04050,1,139.9,11.0,8.0,0.0,False,1.0,9.8,2,At Risk
CUST_04051,1,2059.11,14.0,15.0,132.0,True,5.0,14.4,1,Returning
CUST_04052,1,683.7,13.0,6.0,0.0,False,1.0,10.2,2,At Risk
CUST_04053,1,637.17,19.0,10.0,116.52,True,4.0,15.4,3,Returning
CUST_04054,6,5510.15,14.333333333333334,7.666666666666667,0.0,True,4.666666666666667,11.666666666666666,4,Returning
CUST_04055,2,168.67000000000002,13.0,10.0,0.0,True,5.0,11.8,1,Returning
CUST_04056,5,8171.07,14.2,9.4,0.0,True,3.4,12.28,4,Returning
CUST_04057,2,2312.5499999999997,20.0,9.0,10.94,True,3.0,15.6,3,Returning
CUST_04058,3,1491.7500000000002,15.0,9.0,0.0,True,4.0,12.6,3,Returning
CUST_04059,1,2028.03,16.0,10.0,0.0,True,5.0,13.6,3,Returning
CUST_04060,5,4940.08,15.4,9.6,509.71,True,4.2,13.08,4,Returning
CUST_04061,3,1996.5299999999997,14.666666666666666,8.333333333333334,143.68,True,2.6666666666666665,12.133333333333333,2,Returning
CUST_04062,6,1113.8799999999999,12.666666666666666,9.333333333333334,78.55,True,4.0,11.333333333333334,1,Returning
CUST_04063,2,163.45,15.0,9.5,0.0,True,4.0,12.8,3,Returning
CUST_04064,6,3736.7000000000003,14.5,10.0,419.72,True,4.333333333333333,12.7,4,Returning
CUST_04065,2,3395.13,16.0,10.0,0.0,True,3.0,13.6,2,Returning
CUST_04066,1,1334.47,8.0,7.0,74.0,True,5.0,7.6,1,Returning
CUST_04067,4,3825.0,14.0,9.25,0.0,True,3.75,12.100000000000001,1,Returning
CUST_04068,1,1584.9,15.0,7.0,291.9,False,4.0,11.8,3,At Risk
CUST_04069,2,2430.65,16.0,7.0,0.0,True,3.0,12.4,2,Returning
CUST_04070,4,1527.27,14.5,9.0,16.36,True,3.75,12.299999999999999,1,Returning
CUST_04071,8,20538.33,15.125,9.5,1216.5500000000002,True,3.5,12.875,0,Returning
CUST_04072,1,1539.25,17.0,11.0,0.0,False,5.0,14.6,3,At Risk
CUST_04073,3,6070.8099999999995,16.333333333333332,9.333333333333334,0.0,True,4.333333333333333,13.533333333333333,3,Returning
CUST_04074,3,7300.219999999999,14.666666666666666,10.0,0.0,True,3.3333333333333335,12.799999999999999,2,Returning
CUST_04075,5,15105.94,15.6,7.6,276.5,True,4.0,12.399999999999999,4,Returning
CUST_04076,1,148.13,11.0,8.0,12.43,False,4.0,9.8,1,At Risk
CUST_04077,3,2998.2000000000003,13.666666666666666,9.333333333333334,27.05,True,4.666666666666667,11.933333333333334,1,Returning
CUST_04078,5,9799.13,14.4,10.0,857.72,True,4.4,12.64,4,Returning
CUST_04079,1,318.18,14.0,5.0,0.0,False,5.0,10.4,3,At Risk
CUST_04080,3,1635.81,16.0,7.333333333333333,157.76,True,4.0,12.533333333333333,3,Returning
CUST_04081,3,1091.76,14.666666666666666,9.666666666666666,46.15,True,3.0,12.666666666666666,2,Returning
CUST_04082,2,2277.92,13.0,8.0,340.8,True,3.5,11.0,2,Returning
CUST_04083,10,10975.529999999999,14.9,9.8,615.3699999999999,True,4.2,12.86,4,Returning
CUST_04084,6,5710.92,15.5,8.666666666666666,0.0,True,2.5,12.766666666666666,2,Returning
CUST_04085,3,5118.64,14.333333333333334,10.666666666666666,908.0799999999999,True,4.333333333333333,12.866666666666667,1,Returning
CUST_04086,3,2575.46,14.666666666666666,6.666666666666667,0.0,True,3.6666666666666665,11.466666666666665,3,Returning
CUST_04087,4,1789.79,15.0,9.0,102.68,True,3.25,12.6,2,Returning
CUST_04088,4,2964.08,14.75,10.0,495.96000000000004,True,3.5,12.85,2,Returning
CUST_04089,2,3290.93,10.5,10.5,428.82000000000005,True,5.0,10.5,1,Returning
CUST_04090,2,3306.9,13.5,9.5,0.0,True,3.0,11.9,2,Returning
CUST_04091,8,13713.31,16.25,9.5,72.9,True,4.125,13.55,4,Returning
CUST_04092,9,13121.23,14.11111111111111,9.666666666666666,1873.56,True,4.111111111111111,12.333333333333334,0,Returning
CUST_04093,2,4999.84,15.5,6.0,0.0,True,3.5,11.7,3,Returning
CUST_04094,10,5378.02,15.1,10.1,74.96,True,3.2,13.099999999999998,4,Returning
CUST_04095,4,20750.14,17.0,11.0,51.97,True,4.0,14.6,4,Returning
CUST_04096,2,3373.0299999999997,17.0,9.0,479.45000000000005,True,4.0,13.799999999999999,3,Returning
CUST_04097,6,10228.289999999999,14.166666666666666,7.333333333333333,925.88,True,4.0,11.433333333333334,4,Returning
CUST_04098,2,1804.58,11.5,8.0,0.0,True,3.5,10.1,1,Returning
CUST_04099,2,6005.280000000001,13.0,10.5,28.55,True,4.0,12.0,1,Returning
CUST_04100,2,317.35,11.5,9.5,0.0,True,3.5,10.7,1,Returning
CUST_04101,2,4852.09,12.5,9.0,125.06,True,3.5,11.1,1,Returning
CUST_04102,2,10796.61,15.0,11.0,0.0,True,3.0,13.4,2,Returning
CUST_04103,1,76.44,19.0,9.0,0.0,False,5.0,15.0,3,At Risk
CUST_04104,2,595.25,14.0,9.5,96.28999999999999,True,4.0,12.200000000000001,1,Returning
CUST_04105,3,1362.54,14.333333333333334,8.666666666666666,0.0,True,3.0,12.066666666666666,2,Returning
CUST_04106,4,9471.73,16.75,7.0,597.46,True,3.75,12.85,4,Returning
CUST_04107,3,1132.13,15.0,8.333333333333334,40.7,True,3.0,12.333333333333334,2,Returning
CUST_04108,5,15652.09,14.0,9.4,0.0,True,4.4,12.16,4,Returning
CUST_04109,3,25473.559999999998,12.666666666666666,10.0,3738.19,True,3.6666666666666665,11.6,0,Returning
CUST_04110,2,3708.51,9.5,10.0,0.0,True,3.5,9.7,1,Returning
CUST_04111,2,633.49,19.0,8.0,0.0,True,3.5,14.600000000000001,3,Returning
CUST_04112,2,1166.02,15.0,6.5,0.0,True,4.0,11.6,3,Returning
CUST_04113,2,825.26,16.0,6.0,0.0,True,3.0,12.0,2,Returning
CUST_04114,4,4945.83,15.75,9.25,44.16,True,4.25,13.149999999999999,3,Returning
CUST_04115,2,763.4200000000001,14.5,10.5,0.0,True,4.0,12.899999999999999,1,Returning
CUST_04116,8,7159.929999999999,14.25,9.375,233.39000000000001,True,3.75,12.299999999999999,4,Returning
CUST_04117,1,1340.98,15.0,8.0,106.5,False,5.0,12.2,3,At Risk
CUST_04118,2,6853.7,17.5,7.5,35.21,True,3.0,13.5,3,Returning
CUST_04119,2,3560.04,14.0,9.0,0.0,True,4.0,12.0,1,Returning
CUST_04120,2,4702.389999999999,15.5,7.5,0.0,True,4.0,12.299999999999999,3,Returning
CUST_04121,2,653.24,12.0,8.5,108.32,True,5.0,10.6,1,Returning
CUST_04122,2,930.26,15.0,12.0,0.0,True,3.0,13.8,2,Returning
CUST_04123,5,8697.89,13.8,8.0,111.11,True,4.2,11.48,4,Returning
CUST_04124,5,4142.89,15.2,9.8,85.6,True,4.4,13.04,4,Returning
CUST_04125,1,593.82,14.0,11.0,128.58,True,2.0,12.8,2,Returning
CUST_04126,3,292.25,14.333333333333334,11.666666666666666,32.39,True,4.666666666666667,13.266666666666666,1,Returning
CUST_04127,5,3084.68,14.6,9.2,194.32,True,4.4,12.44,4,Returning
CUST_04128,2,1715.33,12.0,8.0,335.26,True,2.0,10.399999999999999,2,Returning
CUST_04129,6,4614.65,15.166666666666666,11.333333333333334,119.99000000000001,True,4.166666666666667,13.633333333333333,4,Returning
CUST_04130,5,2051.44,14.8,9.4,348.12,True,3.6,12.64,4,Returning
CUST_04131,6,2752.58,13.0,8.166666666666666,154.47,True,3.6666666666666665,11.066666666666666,4,Returning
CUST_04132,4,4460.26,12.5,8.0,63.71,True,4.0,10.7,1,Returning
CUST_04133,5,4014.91,14.6,8.8,52.58,True,4.2,12.280000000000001,4,Returning
CUST_04134,2,445.67,14.5,6.5,0.0,True,4.5,11.299999999999999,3,Returning
CUST_04135,8,11493.21,14.875,8.75,909.01,True,4.5,12.424999999999999,4,Returning
CUST_04136,3,671.85,17.0,10.666666666666666,80.67,True,4.666666666666667,14.466666666666665,3,Returning
CUST_04137,1,894.76,15.0,7.0,137.39,True,4.0,11.8,3,Returning
CUST_04138,2,643.1700000000001,12.5,8.0,0.0,True,4.5,10.7,1,Returning
CUST_04139,3,8630.800000000001,13.0,5.0,1190.87,True,4.333333333333333,9.8,4,Returning
CUST_04140,2,5493.2,11.5,8.5,1218.3,True,3.0,10.3,2,Returning
CUST_04141,8,4800.66,16.5,8.5,328.28999999999996,True,4.5,13.3,4,Returning
CUST_04142,1,351.2,16.0,8.0,66.82,True,5.0,12.8,3,Returning
CUST_04143,5,9443.52,11.8,9.6,1648.39,True,4.6,10.92,0,Returning
CUST_04144,4,8567.560000000001,17.5,8.25,574.91,True,4.75,13.8,3,Returning
CUST_04145,5,2815.8,13.0,10.6,235.38,True,4.8,12.04,1,Returning
CUST_04146,1,84.75,7.0,7.0,13.5,True,2.0,7.0,2,Returning
CUST_04147,3,7268.53,15.333333333333334,8.666666666666666,125.01,True,3.3333333333333335,12.666666666666666,2,Returning
CUST_04148,7,5365.5,15.0,8.714285714285714,39.18,True,4.285714285714286,12.485714285714286,4,Returning
CUST_04149,3,1055.1399999999999,13.333333333333334,8.333333333333334,0.0,True,4.0,11.333333333333334,1,Returning
CUST_04150,5,4230.07,12.8,9.8,26.76,True,4.4,11.6,1,Returning
CUST_04151,3,1858.54,14.333333333333334,5.666666666666667,251.87,True,3.0,10.866666666666667,2,Returning
CUST_04152,5,2776.43,11.8,7.2,35.24,True,4.6,9.96,1,Returning
CUST_04153,2,723.4000000000001,17.5,11.0,103.44,True,3.5,14.9,3,Returning
CUST_04154,4,20438.07,14.0,9.0,0.0,True,3.5,12.0,4,Returning
CUST_04155,5,3261.53,15.0,9.2,379.84000000000003,True,3.2,12.68,4,Returning
CUST_04156,4,6134.259999999999,14.25,8.25,10.37,True,3.75,11.85,4,Returning
CUST_04157,3,7458.45,15.0,11.333333333333334,485.31,True,4.666666666666667,13.533333333333335,1,Returning
CUST_04158,3,5546.07,17.333333333333332,10.333333333333334,0.0,True,4.0,14.533333333333331,3,Returning
CUST_04159,6,5428.58,13.333333333333334,9.0,230.95,True,4.0,11.6,4,Returning
CUST_04160,6,7546.7,13.333333333333334,8.166666666666666,521.41,True,4.0,11.266666666666666,4,Returning
CUST_04161,3,6369.969999999999,12.333333333333334,8.666666666666666,17.93,True,4.666666666666667,10.866666666666667,1,Returning
CUST_04162,2,3393.31,14.0,8.0,16.58,True,4.5,11.600000000000001,1,Returning
CUST_04163,1,437.35,13.0,11.0,0.0,True,4.0,12.2,1,Returning
CUST_04164,2,966.31,15.5,10.0,0.0,True,2.5,13.299999999999999,2,Returning
CUST_04165,2,525.73,13.5,9.0,103.63,True,4.5,11.7,1,Returning
CUST_04166,2,740.76,16.0,8.5,76.53,True,4.0,13.0,3,Returning
CUST_04167,5,3666.07,15.0,7.4,63.56,True,3.6,11.96,4,Returning
CUST_04168,1,213.98,15.0,8.0,51.89,False,5.0,12.2,3,At Risk
CUST_04169,5,2385.54,14.0,8.2,79.84,True,4.2,11.68,4,Returning
CUST_04170,5,799.36,15.8,9.4,0.0,True,3.2,13.24,2,Returning
CUST_04171,6,13249.19,14.666666666666666,8.0,141.15,True,3.8333333333333335,12.0,4,Returning
CUST_04172,3,24033.46,14.333333333333334,11.333333333333334,2757.93,True,3.3333333333333335,13.133333333333333,0,Returning
CUST_04173,4,1727.39,16.75,7.25,37.08,True,4.0,12.95,3,Returning
CUST_04174,5,8482.630000000001,12.4,11.2,5.34,True,3.2,11.919999999999998,4,Returning
CUST_04175,1,1579.76,17.0,10.0,159.39,True,5.0,14.2,3,Returning
CUST_04176,4,5465.0199999999995,13.0,8.25,682.1600000000001,True,3.0,11.1,2,Returning
CUST_04177,5,1315.1100000000001,12.4,9.0,186.57000000000002,True,4.0,11.04,1,Returning
CUST_04178,4,4897.88,14.0,7.75,1015.89,True,3.25,11.5,4,Returning
CUST_04179,10,18262.79,14.9,9.3,1564.44,True,3.5,12.66,0,Returning
CUST_04180,3,5374.32,15.333333333333334,9.0,108.79,True,4.333333333333333,12.799999999999999,3,Returning
CUST_04181,1,407.53,18.0,9.0,0.0,False,5.0,14.399999999999999,3,At Risk
CUST_04182,1,125.89,14.0,8.0,10.96,False,3.0,11.600000000000001,2,At Risk
CUST_04183,2,2891.79,13.0,11.0,137.94,True,3.0,12.2,2,Returning
CUST_04184,6,7370.65,14.333333333333334,8.166666666666666,628.03,True,4.5,11.866666666666667,4,Returning
CUST_04185,6,7391.16,14.833333333333334,7.666666666666667,635.15,True,4.5,11.966666666666667,4,Returning
CUST_04186,4,1855.13,14.25,8.5,238.92,True,3.5,11.95,2,Returning
CUST_04187,1,1874.14,13.0,5.0,0.0,False,5.0,9.8,3,At Risk
CUST_04188,2,1127.6299999999999,16.5,9.5,0.0,True,3.0,13.700000000000001,2,Returning
CUST_04189,2,1644.82,15.5,9.5,162.05,True,3.0,13.1,2,Returning
CUST_04190,1,1093.05,16.0,7.0,0.0,False,3.0,12.4,2,At Risk
CUST_04191,2,716.0799999999999,11.5,12.0,55.32,True,4.0,11.7,1,Returning
CUST_04192,4,10470.18,14.0,9.0,2242.86,True,3.5,12.0,0,Returning
CUST_04193,6,7086.91,15.333333333333334,8.666666666666666,848.73,True,3.5,12.666666666666666,4,Returning
CUST_04194,1,3968.2,22.0,10.0,0.0,True,3.0,17.2,3,Returning
CUST_04195,2,961.35,13.0,9.5,0.0,True,4.0,11.6,1,Returning
CUST_04196,1,81.95,15.0,11.0,5.56,True,1.0,13.4,2,Returning
CUST_04197,1,335.73,12.0,12.0,90.65,False,4.0,12.0,1,At Risk
CUST_04198,4,1767.59,15.5,9.5,0.0,True,4.5,13.1,3,Returning
CUST_04199,6,15388.869999999999,12.333333333333334,8.5,316.53000000000003,True,4.166666666666667,10.8,4,Returning
CUST_04200,7,4954.610000000001,14.857142857142858,9.142857142857142,53.48,True,4.142857142857143,12.571428571428571,4,Returning
CUST_04201,2,217.18,16.5,6.5,24.9,True,4.5,12.5,3,Returning
CUST_04202,1,1727.84,20.0,12.0,0.0,False,4.0,16.8,3,At Risk
CUST_04203,2,229.23000000000002,13.5,7.5,35.92,True,4.5,11.1,1,Returning
CUST_04204,2,3343.78,17.0,9.5,112.98,True,3.5,14.0,3,Returning
CUST_04205,5,10104.4,15.8,8.0,0.0,True,3.6,12.68,4,Returning
CUST_04206,2,1561.72,13.5,8.0,327.46,True,3.5,11.3,2,Returning
CUST_04207,3,745.36,12.666666666666666,9.0,118.28,True,3.3333333333333335,11.2,2,Returning
CUST_04208,4,4658.54,12.5,9.25,503.65999999999997,True,4.25,11.2,1,Returning
CUST_04209,4,3606.1,14.5,9.5,5.91,True,4.5,12.5,1,Returning
CUST_04210,2,2402.1099999999997,17.0,11.5,374.58,True,3.0,14.8,2,Returning
CUST_04211,5,2482.27,16.4,8.4,92.34,True,4.4,13.2,3,Returning
CUST_04212,2,2071.77,15.0,9.0,0.0,True,5.0,12.6,3,Returning
CUST_04213,7,4390.85,13.142857142857142,8.714285714285714,639.82,True,3.142857142857143,11.37142857142857,4,Returning
CUST_04214,6,13007.43,14.666666666666666,10.0,25.21,True,3.6666666666666665,12.799999999999999,4,Returning
CUST_04215,3,1637.35,10.0,8.666666666666666,0.0,True,4.666666666666667,9.466666666666667,1,Returning
CUST_04216,1,209.97,12.0,8.0,17.07,True,5.0,10.399999999999999,1,Returning
CUST_04217,3,5177.71,18.0,5.666666666666667,76.33,True,4.333333333333333,13.066666666666666,3,Returning
CUST_04218,3,1232.51,14.666666666666666,10.0,16.92,True,4.666666666666667,12.799999999999999,1,Returning
CUST_04219,8,40608.39,14.625,9.625,106.84,True,3.375,12.625,0,Returning
CUST_04220,2,3758.33,18.0,10.0,331.05,True,3.5,14.799999999999999,3,Returning
CUST_04221,6,6360.46,14.833333333333334,9.333333333333334,132.98,True,3.8333333333333335,12.633333333333335,4,Returning
CUST_04222,4,1703.8700000000001,12.0,10.5,284.23,True,4.5,11.399999999999999,1,Returning
CUST_04223,6,3450.2,14.333333333333334,9.166666666666666,19.41,True,4.0,12.266666666666666,4,Returning
CUST_04224,10,6773.679999999999,13.2,8.1,389.96999999999997,True,4.4,11.16,4,Returning
CUST_04225,8,15157.51,15.25,8.25,385.83000000000004,True,4.625,12.450000000000001,4,Returning
CUST_04226,2,4693.63,14.0,10.0,0.0,True,3.0,12.4,2,Returning
CUST_04227,6,15359.789999999999,15.333333333333334,8.333333333333334,11.72,True,4.5,12.533333333333333,4,Returning
CUST_04228,1,303.05,13.0,12.0,0.0,True,5.0,12.600000000000001,1,Returning
CUST_04229,7,21412.44,16.857142857142858,8.0,222.59,True,4.142857142857143,13.314285714285713,4,Returning
CUST_04230,3,5791.179999999999,12.0,9.333333333333334,584.7,True,4.666666666666667,10.933333333333334,1,Returning
CUST_04231,3,6720.880000000001,15.666666666666666,10.666666666666666,0.0,True,3.0,13.666666666666664,2,Returning
CUST_04232,4,7632.11,14.75,10.5,33.67,True,4.0,13.05,4,Returning
CUST_04233,8,7263.37,16.875,8.625,370.62,True,3.875,13.575,4,Returning
CUST_04234,1,318.3,11.0,7.0,21.15,True,5.0,9.4,1,Returning
CUST_04235,5,6633.58,15.0,8.4,567.2,True,3.8,12.36,4,Returning
CUST_04236,3,3613.0499999999997,15.0,7.666666666666667,638.69,True,5.0,12.066666666666666,3,Returning
CUST_04237,4,5741.3,13.5,8.25,46.01,True,5.0,11.4,1,Returning
CUST_04238,4,2077.5,15.75,7.25,21.93,True,2.5,12.35,2,Returning
CUST_04239,2,4702.58,15.5,10.5,788.42,True,3.0,13.5,2,Returning
CUST_04240,7,5192.81,15.714285714285714,9.428571428571429,1121.71,True,4.285714285714286,13.2,4,Returning
CUST_04241,2,2954.83,15.0,8.5,10.6,True,4.0,12.4,3,Returning
CUST_04242,2,760.47,16.5,10.0,64.33,True,3.5,13.9,3,Returning
CUST_04243,3,24563.62,14.666666666666666,8.666666666666666,0.0,True,3.6666666666666665,12.266666666666666,4,Returning
CUST_04244,2,617.6899999999999,14.0,9.0,111.53,True,5.0,12.0,1,Returning
CUST_04245,6,6624.26,14.833333333333334,11.0,312.34,True,3.8333333333333335,13.3,4,Returning
CUST_04246,9,36295.299999999996,13.88888888888889,9.88888888888889,1476.51,True,4.333333333333333,12.28888888888889,0,Returning
CUST_04247,5,2557.2400000000002,14.0,8.8,77.36,True,4.2,11.920000000000002,4,Returning
CUST_04248,2,1117.12,15.0,8.0,0.0,True,3.0,12.2,2,Returning
CUST_04249,2,3198.7200000000003,14.0,10.5,309.68,True,4.5,12.600000000000001,1,Returning
CUST_04250,4,3501.28,13.75,11.0,624.81,True,3.5,12.65,1,Returning
CUST_04251,3,1694.66,14.0,8.0,0.0,True,3.6666666666666665,11.600000000000001,2,Returning
CUST_04252,2,960.26,12.5,12.5,116.19,True,4.0,12.5,1,Returning
CUST_04253,4,2696.41,14.0,8.0,0.0,True,3.75,11.600000000000001,1,Returning
CUST_04254,7,4020.41,13.285714285714286,8.571428571428571,93.57000000000001,True,3.5714285714285716,11.4,4,Returning
CUST_04255,10,16546.68,15.4,7.7,1007.39,True,4.0,12.32,0,Returning
CUST_04256,1,1528.63,12.0,7.0,98.99,True,4.0,10.0,1,Returning
CUST_04257,2,813.9300000000001,13.5,7.0,0.0,True,3.5,10.9,2,Returning
CUST_04258,4,2835.25,15.5,9.75,468.44,True,3.5,13.2,2,Returning
CUST_04259,1,5905.25,10.0,4.0,0.0,False,4.0,7.6,1,At Risk
CUST_04260,2,183.34,17.5,5.5,0.0,True,4.5,12.7,3,Returning
CUST_04261,3,1559.0700000000002,14.666666666666666,7.666666666666667,244.71,True,3.6666666666666665,11.866666666666665,3,Returning
CUST_04262,1,156.03,17.0,9.0,22.71,True,4.0,13.799999999999999,3,Returning
CUST_04263,2,911.37,16.5,9.0,0.0,True,2.5,13.5,2,Returning
CUST_04264,3,2031.54,14.333333333333334,8.666666666666666,52.76,True,4.0,12.066666666666666,1,Returning
CUST_04265,2,2265.3199999999997,11.0,9.0,542.6,True,3.5,10.2,1,Returning
CUST_04266,2,1967.51,17.0,8.5,359.19,True,4.5,13.6,3,Returning
CUST_04267,5,3824.6499999999996,14.6,10.0,121.77,True,4.2,12.76,4,Returning
CUST_04268,8,11688.49,13.375,9.125,2251.65,True,3.375,11.675,0,Returning
CUST_04269,6,12145.26,15.0,9.5,148.99,True,3.3333333333333335,12.8,4,Returning
CUST_04270,3,3622.25,12.666666666666666,8.0,448.78,True,4.0,10.8,1,Returning
CUST_04271,3,3356.16,12.666666666666666,9.666666666666666,456.8,True,4.333333333333333,11.466666666666667,1,Returning
CUST_04272,1,2186.41,13.0,5.0,0.0,True,4.0,9.8,3,Returning
CUST_04273,1,54.12,11.0,7.0,12.72,False,2.0,9.4,2,At Risk
CUST_04274,2,349.47,12.5,9.0,68.25,True,4.5,11.1,1,Returning
CUST_04275,8,17741.39,13.25,8.625,1247.21,True,4.5,11.399999999999999,0,Returning
CUST_04276,2,479.08,16.0,12.0,0.0,True,3.0,14.4,2,Returning
CUST_04277,7,1836.8500000000001,12.428571428571429,9.0,152.37,True,3.4285714285714284,11.057142857142857,4,Returning
CUST_04278,2,4536.63,12.5,11.5,579.26,True,3.0,12.100000000000001,2,Returning
CUST_04279,4,1796.6399999999999,17.25,8.0,0.0,True,4.0,13.55,3,Returning
CUST_04280,2,299.31,17.0,7.5,40.75,True,4.5,13.2,3,Returning
CUST_04281,9,6366.19,15.777777777777779,9.555555555555555,462.47,True,4.555555555555555,13.28888888888889,4,Returning
CUST_04282,4,2021.6,14.5,11.5,38.26,True,3.75,13.3,1,Returning
CUST_04283,1,1517.86,12.0,12.0,205.0,False,1.0,12.0,2,At Risk
CUST_04284,4,5006.42,14.0,11.25,574.52,True,3.5,12.9,4,Returning
CUST_04285,1,899.86,11.0,12.0,203.99,False,4.0,11.4,1,At Risk
CUST_04286,6,3798.2200000000003,13.833333333333334,8.5,433.42,True,3.6666666666666665,11.700000000000001,4,Returning
CUST_04287,2,2646.82,16.5,10.0,0.0,True,4.0,13.9,3,Returning
CUST_04288,5,9783.02,14.6,9.4,758.45,True,2.4,12.52,4,Returning
CUST_04289,3,4222.700000000001,14.666666666666666,8.0,0.0,True,3.3333333333333335,12.0,2,Returning
CUST_04290,6,13604.39,13.666666666666666,6.5,1742.8500000000001,True,3.8333333333333335,10.799999999999999,0,Returning
CUST_04291,2,3818.02,15.0,6.0,408.17,True,4.0,11.4,3,Returning
CUST_04292,8,9413.08,16.0,7.625,112.52,True,3.5,12.65,4,Returning
CUST_04293,1,1327.45,16.0,8.0,0.0,True,3.0,12.8,2,Returning
CUST_04294,4,10786.88,17.5,9.5,0.0,True,4.5,14.3,3,Returning
CUST_04295,2,2004.1399999999999,12.5,10.0,0.0,True,3.5,11.5,1,Returning
CUST_04296,3,1752.48,13.0,10.0,312.20000000000005,True,4.333333333333333,11.8,1,Returning
CUST_04297,2,2797.27,14.0,8.5,0.0,True,5.0,11.8,1,Returning
CUST_04298,1,84.16,11.0,12.0,0.0,False,5.0,11.4,1,At Risk
CUST_04299,2,3664.3500000000004,15.0,7.0,668.27,True,4.5,11.8,3,Returning
CUST_04300,1,122.83,15.0,10.0,27.54,False,5.0,13.0,1,At Risk
CUST_04301,4,7280.4,13.5,8.75,381.26,True,3.0,11.6,2,Returning
CUST_04302,1,3082.52,10.0,8.0,0.0,False,4.0,9.2,1,At Risk
CUST_04303,3,2012.8899999999999,15.333333333333334,8.666666666666666,144.61,True,3.3333333333333335,12.666666666666666,2,Returning
CUST_04304,1,2743.44,12.0,10.0,0.0,False,3.0,11.2,2,At Risk
CUST_04305,5,12580.9,13.0,7.8,397.95,True,4.6,10.92,4,Returning
CUST_04306,5,9150.18,14.6,8.0,1517.25,True,3.6,11.96,0,Returning
CUST_04307,8,23625.04,14.375,8.75,2185.27,True,3.625,12.125,0,Returning
CUST_04308,3,2020.1200000000001,13.333333333333334,10.0,0.0,True,3.3333333333333335,12.0,2,Returning
CUST_04309,4,1135.94,16.75,6.75,0.0,True,3.75,12.75,3,Returning
CUST_04310,2,1431.73,10.5,7.5,0.0,True,3.5,9.3,1,Returning
CUST_04311,5,6249.63,14.2,9.0,643.15,True,3.8,12.12,4,Returning
CUST_04312,4,1449.8899999999999,13.75,8.75,328.75,True,4.0,11.75,1,Returning
CUST_04313,2,3187.79,15.5,9.5,0.0,True,2.0,13.1,2,Returning
CUST_04314,3,1264.85,15.666666666666666,10.333333333333334,31.7,True,4.0,13.533333333333331,3,Returning
CUST_04315,7,2751.15,15.142857142857142,9.571428571428571,116.96,True,3.857142857142857,12.914285714285715,4,Returning
CUST_04316,2,1480.28,16.5,9.0,0.0,True,4.0,13.5,3,Returning
CUST_04317,5,3712.67,14.2,9.4,103.07,True,4.2,12.28,4,Returning
CUST_04318,1,55.66,15.0,9.0,6.46,False,5.0,12.6,3,At Risk
CUST_04319,3,1644.1,16.666666666666668,7.333333333333333,40.52,True,3.6666666666666665,12.933333333333334,3,Returning
CUST_04320,1,544.42,17.0,8.0,0.0,True,4.0,13.399999999999999,3,Returning
CUST_04321,3,1663.03,17.0,7.333333333333333,209.78,True,4.0,13.133333333333333,3,Returning
CUST_04322,1,342.96,14.0,7.0,0.0,False,5.0,11.200000000000001,3,At Risk
CUST_04323,1,338.35,14.0,9.0,0.0,False,5.0,12.0,1,At Risk
CUST_04324,3,7631.95,17.666666666666668,7.666666666666667,679.4300000000001,True,3.6666666666666665,13.666666666666666,3,Returning
CUST_04325,2,590.27,15.5,8.0,39.53,True,3.5,12.5,3,Returning
CUST_04326,5,5469.29,14.0,8.0,826.0999999999999,True,3.8,11.600000000000001,4,Returning
CUST_04327,3,16027.039999999999,13.333333333333334,10.333333333333334,0.0,True,4.333333333333333,12.133333333333333,4,Returning
CUST_04328,1,1324.78,14.0,10.0,126.68,False,5.0,12.4,1,At Risk
CUST_04329,1,176.77,12.0,8.0,27.58,True,4.0,10.399999999999999,1,Returning
CUST_04330,2,424.78,14.0,13.0,31.16,True,3.0,13.600000000000001,2,Returning
CUST_04331,3,1052.58,16.333333333333332,11.333333333333334,0.0,True,2.6666666666666665,14.333333333333332,2,Returning
CUST_04332,3,7883.56,16.0,11.0,2.81,True,4.333333333333333,14.0,3,Returning
CUST_04333,1,251.77,14.0,11.0,62.87,True,1.0,12.8,2,Returning
CUST_04334,3,2753.5099999999998,16.0,10.0,25.24,True,4.666666666666667,13.6,3,Returning
CUST_04335,1,461.77,13.0,12.0,40.33,True,4.0,12.600000000000001,1,Returning
CUST_04336,3,3213.57,14.333333333333334,10.0,0.0,True,4.333333333333333,12.6,1,Returning
CUST_04337,1,1541.2,19.0,8.0,0.0,True,3.0,14.600000000000001,3,Returning
CUST_04338,2,807.0999999999999,11.5,7.5,0.0,True,4.5,9.899999999999999,1,Returning
CUST_04339,5,5980.65,16.4,8.4,1156.97,True,4.0,13.2,4,Returning
CUST_04340,2,2268.54,14.5,7.5,0.0,True,5.0,11.7,3,Returning
CUST_04341,3,1572.52,16.0,9.333333333333334,0.0,True,4.666666666666667,13.333333333333334,3,Returning
CUST_04342,3,22740.09,13.0,9.666666666666666,1231.23,True,3.6666666666666665,11.666666666666666,0,Returning
CUST_04343,2,468.19,18.0,9.0,12.05,True,3.5,14.399999999999999,3,Returning
CUST_04344,2,8209.64,15.5,9.0,15.26,True,2.5,12.899999999999999,2,Returning
CUST_04345,8,2401.6,15.0,10.5,43.41,True,4.0,13.2,4,Returning
CUST_04346,3,2086.24,17.666666666666668,8.0,128.57999999999998,True,3.6666666666666665,13.8,3,Returning
CUST_04347,2,11015.89,17.0,9.0,2456.62,True,3.0,13.799999999999999,0,Returning
CUST_04348,2,2762.25,16.0,12.5,49.11,True,4.5,14.6,1,Returning
CUST_04349,4,1135.0700000000002,16.5,9.5,173.26,True,4.5,13.700000000000001,3,Returning
CUST_04350,3,1541.24,15.666666666666666,8.0,0.0,True,3.0,12.599999999999998,2,Returning
CUST_04351,5,5073.25,14.2,9.8,155.62,True,3.2,12.44,4,Returning
CUST_04352,3,996.6700000000001,11.333333333333334,9.666666666666666,9.77,True,4.333333333333333,10.666666666666666,1,Returning
CUST_04353,6,3721.75,12.333333333333334,10.333333333333334,439.15,True,4.666666666666667,11.533333333333335,1,Returning
CUST_04354,6,1414.06,16.0,10.5,87.07,True,3.6666666666666665,13.8,4,Returning
CUST_04355,1,335.6,17.0,7.0,0.0,True,4.0,13.0,3,Returning
CUST_04356,8,2149.34,14.125,9.875,81.92,True,4.5,12.425,4,Returning
CUST_04357,2,1529.18,13.5,7.0,0.0,True,3.5,10.9,2,Returning
CUST_04358,2,185.48000000000002,15.0,9.5,0.0,True,2.5,12.8,2,Returning
CUST_04359,1,3489.09,14.0,10.0,0.0,True,2.0,12.4,2,Returning
CUST_04360,3,449.52000000000004,18.0,9.666666666666666,19.459999999999997,True,3.6666666666666665,14.666666666666666,3,Returning
CUST_04361,2,2778.11,11.0,11.0,387.49,True,2.0,11.0,2,Returning
CUST_04362,2,3576.14,13.0,8.0,451.46,True,4.5,11.0,1,Returning
CUST_04363,1,160.4,14.0,6.0,0.0,False,4.0,10.8,3,At Risk
CUST_04364,3,1408.3600000000001,14.0,8.666666666666666,68.97,True,5.0,11.866666666666667,1,Returning
CUST_04365,9,5361.06,15.222222222222221,9.88888888888889,565.15,True,3.4444444444444446,13.088888888888889,4,Returning
CUST_04366,3,587.46,13.666666666666666,8.666666666666666,43.68,True,4.333333333333333,11.666666666666666,1,Returning
CUST_04367,3,8627.83,17.333333333333332,11.666666666666666,142.38,True,5.0,15.066666666666666,3,Returning
CUST_04368,5,5496.48,14.8,10.0,316.27,True,4.2,12.88,4,Returning
CUST_04369,7,7052.94,12.571428571428571,7.428571428571429,378.2,True,4.285714285714286,10.514285714285714,4,Returning
CUST_04370,1,4611.52,11.0,10.0,0.0,False,5.0,10.6,1,At Risk
CUST_04371,2,2613.77,17.5,7.5,150.29000000000002,True,4.5,13.5,3,Returning
CUST_04372,2,526.94,13.5,10.0,0.0,True,5.0,12.1,1,Returning
CUST_04373,2,8240.43,15.5,8.5,0.0,True,3.5,12.7,3,Returning
CUST_04374,3,9796.58,13.0,10.333333333333334,103.3,True,3.3333333333333335,11.933333333333334,2,Returning
CUST_04375,3,2956.5,14.666666666666666,8.333333333333334,618.71,True,4.666666666666667,12.133333333333333,3,Returning
CUST_04376,7,12118.02,13.428571428571429,9.714285714285714,229.07999999999998,True,4.285714285714286,11.942857142857143,4,Returning
CUST_04377,4,18106.11,13.75,8.75,496.09000000000003,True,4.5,11.75,4,Returning
CUST_04378,10,9663.82,15.3,9.2,89.86,True,3.3,12.86,4,Returning
CUST_04379,5,15943.88,12.8,8.2,2139.06,True,4.6,10.959999999999999,0,Returning
CUST_04380,5,2879.43,15.8,9.2,447.21000000000004,True,4.0,13.16,4,Returning
CUST_04381,2,286.46999999999997,16.5,9.5,0.0,True,3.5,13.700000000000001,3,Returning
CUST_04382,1,177.08,17.0,9.0,0.0,True,4.0,13.799999999999999,3,Returning
CUST_04383,5,12760.02,13.8,9.4,31.17,True,4.2,12.04,4,Returning
CUST_04384,4,3104.33,14.75,9.0,227.76999999999998,True,3.75,12.45,3,Returning
CUST_04385,6,8213.789999999999,14.0,8.166666666666666,0.0,True,4.333333333333333,11.666666666666668,4,Returning
CUST_04386,4,10199.68,11.5,9.0,97.75999999999999,True,4.25,10.5,1,Returning
CUST_04387,9,20277.3,15.11111111111111,9.555555555555555,139.33,True,4.0,12.88888888888889,4,Returning
CUST_04388,2,3873.52,14.5,8.0,244.21,True,3.0,11.899999999999999,2,Returning
CUST_04389,8,3575.02,14.875,8.875,217.04,True,3.75,12.475,4,Returning
CUST_04390,2,9623.2,11.0,8.0,0.0,True,5.0,9.8,1,Returning
CUST_04391,7,3550.4399999999996,13.571428571428571,9.0,24.130000000000003,True,4.285714285714286,11.742857142857142,4,Returning
CUST_04392,1,331.13,14.0,11.0,66.99,False,5.0,12.8,1,At Risk
CUST_04393,3,1733.51,15.666666666666666,8.0,0.0,True,3.0,12.599999999999998,2,Returning
CUST_04394,4,2364.2799999999997,13.75,9.5,132.56,True,3.75,12.05,1,Returning
CUST_04395,5,4716.81,14.0,9.2,568.67,True,4.0,12.08,4,Returning
CUST_04396,10,13444.630000000001,14.9,10.4,322.88,True,3.7,13.1,4,Returning
CUST_04397,1,54.56,17.0,10.0,0.0,True,5.0,14.2,3,Returning
CUST_04398,3,3935.8599999999997,15.0,7.333333333333333,343.78999999999996,True,4.0,11.933333333333334,3,Returning
CUST_04399,5,3633.21,14.4,10.8,427.17,True,3.8,12.96,4,Returning
CUST_04400,5,5269.95,13.4,9.0,530.0899999999999,True,4.2,11.639999999999999,4,Returning
CUST_04401,3,3315.16,17.0,8.0,59.9,True,4.333333333333333,13.399999999999999,3,Returning
CUST_04402,1,246.12,14.0,9.0,0.0,True,4.0,12.0,1,Returning
CUST_04403,3,1221.73,14.666666666666666,9.333333333333334,22.28,True,4.333333333333333,12.533333333333333,1,Returning
CUST_04404,4,5134.639999999999,14.25,10.0,0.0,True,3.0,12.549999999999999,2,Returning
CUST_04405,3,3208.5299999999997,14.0,10.0,426.21000000000004,True,5.0,12.4,1,Returning
CUST_04406,3,4491.83,13.333333333333334,7.333333333333333,20.32,True,5.0,10.933333333333334,1,Returning
CUST_04407,5,17760.71,15.2,9.8,157.61,True,4.4,13.04,4,Returning
CUST_04408,2,252.49,16.0,8.5,0.0,True,3.5,13.0,3,Returning
CUST_04409,5,11411.01,14.8,8.0,125.08,True,3.8,12.080000000000002,4,Returning
CUST_04410,8,1039.79,13.375,8.125,17.439999999999998,True,4.0,11.275,4,Returning
CUST_04411,3,206.31,13.666666666666666,9.333333333333334,14.940000000000001,True,4.666666666666667,11.933333333333334,1,Returning
CUST_04412,2,3728.2,15.5,7.5,0.0,True,4.5,12.299999999999999,3,Returning
CUST_04413,1,2017.9,18.0,11.0,0.0,True,4.0,15.2,3,Returning
CUST_04414,5,8098.530000000001,14.8,7.6,88.41,True,4.4,11.920000000000002,4,Returning
CUST_04415,3,1275.3899999999999,14.333333333333334,11.0,0.0,True,3.3333333333333335,13.0,2,Returning
CUST_04416,1,621.73,15.0,6.0,144.57,True,5.0,11.4,3,Returning
CUST_04417,4,2377.77,16.0,8.75,23.73,True,4.75,13.1,3,Returning
CUST_04418,2,1495.4099999999999,13.0,9.0,132.28,True,4.5,11.4,1,Returning
CUST_04419,6,13601.52,15.166666666666666,8.5,588.08,True,4.5,12.5,4,Returning
CUST_04420,1,50.28,14.0,6.0,9.28,True,4.0,10.8,3,Returning
CUST_04421,3,15718.400000000001,15.0,8.0,0.0,True,3.6666666666666665,12.2,4,Returning
CUST_04422,2,2165.6,16.0,8.0,0.0,True,3.0,12.8,2,Returning
CUST_04423,6,10133.25,13.166666666666666,10.333333333333334,866.1700000000001,True,3.8333333333333335,12.033333333333333,4,Returning
CUST_04424,3,7855.46,12.0,12.0,0.0,True,4.666666666666667,12.0,1,Returning
CUST_04425,5,8435.03,12.6,8.4,182.89,True,3.4,10.92,4,Returning
CUST_04426,2,5785.64,15.5,9.5,0.0,True,4.0,13.1,3,Returning
CUST_04427,2,816.24,17.5,10.5,0.0,True,3.5,14.7,3,Returning
CUST_04428,5,5428.400000000001,13.8,8.6,738.22,True,4.6,11.719999999999999,4,Returning
CUST_04429,2,358.02,17.0,8.0,20.79,True,4.0,13.399999999999999,3,Returning
CUST_04430,6,19309.51,13.833333333333334,10.333333333333334,969.46,True,3.5,12.433333333333334,0,Returning
CUST_04431,2,843.79,15.0,7.5,84.37,True,3.0,12.0,2,Returning
CUST_04432,7,16205.99,14.857142857142858,8.0,35.34,True,4.0,12.114285714285714,4,Returning
CUST_04433,3,4251.59,15.666666666666666,11.333333333333334,223.87,True,2.6666666666666665,13.933333333333334,2,Returning
CUST_04434,3,906.32,15.666666666666666,9.333333333333334,48.379999999999995,True,4.666666666666667,13.133333333333333,3,Returning
CUST_04435,6,2689.98,13.833333333333334,8.0,8.29,True,4.0,11.5,4,Returning
CUST_04436,4,3608.52,13.25,10.25,0.0,True,3.5,12.05,1,Returning
CUST_04437,6,3209.2200000000003,13.5,9.166666666666666,11.16,True,4.5,11.766666666666666,4,Returning
CUST_04438,8,7529.49,15.5,8.75,847.87,True,3.375,12.799999999999999,4,Returning
CUST_04439,3,2781.41,15.333333333333334,9.666666666666666,201.69,True,4.0,13.066666666666666,3,Returning
CUST_04440,9,10993.42,13.666666666666666,9.222222222222221,61.489999999999995,True,3.888888888888889,11.888888888888888,4,Returning
CUST_04441,1,118.2,16.0,8.0,10.8,True,3.0,12.8,2,Returning
CUST_04442,1,78.32,8.0,8.0,13.29,False,4.0,8.0,1,At Risk
CUST_04443,4,8574.3,17.0,8.5,120.63,True,4.0,13.6,3,Returning
CUST_04444,2,673.25,14.0,10.0,106.42,True,5.0,12.4,1,Returning
CUST_04445,3,988.46,15.666666666666666,12.333333333333334,88.16999999999999,True,4.666666666666667,14.333333333333332,1,Returning
CUST_04446,1,241.38,12.0,13.0,0.0,True,4.0,12.399999999999999,1,Returning
CUST_04447,4,946.0699999999999,15.25,6.75,41.09,True,4.0,11.850000000000001,3,Returning
CUST_04448,1,107.68,12.0,9.0,17.48,False,2.0,10.799999999999999,2,At Risk
CUST_04449,5,5612.34,14.0,8.2,91.09,True,4.4,11.68,4,Returning
CUST_04450,4,7266.95,14.75,10.75,22.41,True,3.5,13.149999999999999,4,Returning
CUST_04451,1,630.87,14.0,7.0,103.13,True,5.0,11.200000000000001,3,Returning
CUST_04452,5,5624.11,14.2,9.4,0.0,True,3.8,12.28,4,Returning
CUST_04453,4,3288.16,15.25,7.75,53.99,True,4.0,12.25,3,Returning
CUST_04454,7,4278.85,15.0,10.0,0.0,True,4.0,13.0,4,Returning
CUST_04455,3,7885.6,15.666666666666666,9.0,837.37,True,4.0,12.999999999999998,4,Returning
CUST_04456,6,2110.59,15.666666666666666,8.0,5.94,True,3.6666666666666665,12.599999999999998,4,Returning
CUST_04457,2,1665.81,14.0,9.0,310.24,True,5.0,12.0,1,Returning
CUST_04458,1,229.36,11.0,6.0,33.29,True,3.0,9.0,2,Returning
CUST_04459,9,7157.639999999999,14.222222222222221,7.777777777777778,0.0,True,3.888888888888889,11.644444444444444,4,Returning
CUST_04460,4,1812.04,13.0,9.75,80.63,True,3.25,11.7,2,Returning
CUST_04461,3,4777.84,16.666666666666668,11.0,0.0,True,2.6666666666666665,14.4,2,Returning
CUST_04462,2,4367.15,15.0,10.0,0.0,True,4.0,13.0,1,Returning
CUST_04463,2,925.9,14.5,8.5,0.0,True,3.0,12.1,2,Returning
CUST_04464,3,5656.639999999999,18.666666666666668,9.666666666666666,413.48,True,3.0,15.066666666666668,3,Returning
CUST_04465,3,14243.57,16.0,6.333333333333333,1072.28,True,4.666666666666667,12.133333333333333,0,Returning
CUST_04466,1,68.06,19.0,9.0,0.0,False,4.0,15.0,3,At Risk
CUST_04467,6,17233.780000000002,17.5,8.833333333333334,1106.85,True,4.166666666666667,14.033333333333333,0,Returning
CUST_04468,3,2952.52,16.0,7.333333333333333,104.08,True,4.0,12.533333333333333,3,Returning
CUST_04469,2,4546.7300000000005,15.5,8.0,0.0,True,5.0,12.5,3,Returning
CUST_04470,2,79.11,21.0,9.0,2.02,True,4.5,16.2,3,Returning
CUST_04471,1,532.5,14.0,8.0,0.0,True,4.0,11.600000000000001,1,Returning
CUST_04472,2,628.68,13.0,8.0,45.35,True,4.0,11.0,1,Returning
CUST_04473,2,4338.21,14.5,11.0,0.0,True,3.5,13.1,2,Returning
CUST_04474,2,2877.2200000000003,13.5,11.0,0.0,True,4.5,12.5,1,Returning
CUST_04475,4,5771.55,15.25,9.0,1286.78,True,4.0,12.75,4,Returning
CUST_04476,2,17264.68,11.5,9.0,4252.42,True,4.5,10.5,0,Returning
CUST_04477,2,2838.6,17.0,8.5,0.0,True,4.5,13.6,3,Returning
CUST_04478,10,14219.869999999999,14.7,8.9,444.53,True,3.8,12.379999999999999,4,Returning
CUST_04479,5,4394.07,16.8,9.2,211.69,True,3.8,13.76,4,Returning
CUST_04480,2,254.96,14.0,9.5,0.0,True,4.5,12.200000000000001,1,Returning
CUST_04481,1,710.13,14.0,9.0,0.0,True,5.0,12.0,1,Returning
CUST_04482,2,1235.61,13.0,8.5,176.67000000000002,True,5.0,11.2,1,Returning
CUST_04483,2,784.4699999999999,9.5,12.0,11.36,True,4.5,10.5,1,Returning
CUST_04484,3,12860.76,13.666666666666666,10.0,129.12,True,4.333333333333333,12.2,4,Returning
CUST_04485,2,3217.1000000000004,14.0,10.0,0.0,True,3.5,12.4,2,Returning
CUST_04486,1,1491.62,15.0,13.0,88.56,True,5.0,14.2,1,Returning
CUST_04487,2,2096.41,15.0,10.0,190.24,True,4.0,13.0,1,Returning
CUST_04488,9,20731.030000000002,13.777777777777779,8.777777777777779,160.93,True,4.444444444444445,11.777777777777779,4,Returning
CUST_04489,1,169.1,11.0,10.0,44.14,False,5.0,10.6,1,At Risk
CUST_04490,8,19406.32,13.5,8.0,135.63,True,4.125,11.3,4,Returning
CUST_04491,6,4622.06,16.666666666666668,9.833333333333334,545.68,True,4.666666666666667,13.933333333333334,4,Returning
CUST_04492,4,1735.54,14.25,10.75,148.23000000000002,True,4.0,12.849999999999998,1,Returning
CUST_04493,1,828.88,19.0,8.0,0.0,True,4.0,14.600000000000001,3,Returning
CUST_04494,3,1281.71,12.333333333333334,9.0,147.55,True,3.3333333333333335,11.0,2,Returning
CUST_04495,2,234.5,14.5,10.5,0.0,True,4.0,12.899999999999999,1,Returning
CUST_04496,5,4529.839999999999,16.2,7.4,560.37,True,4.2,12.68,4,Returning
CUST_04497,7,4168.58,14.571428571428571,8.571428571428571,354.65,True,3.0,12.17142857142857,4,Returning
CUST_04498,2,263.96,14.5,9.0,0.0,True,4.5,12.299999999999999,1,Returning
CUST_04499,7,10182.67,13.571428571428571,9.0,195.92999999999998,True,3.857142857142857,11.742857142857142,4,Returning
CUST_04500,5,5809.88,14.4,9.2,493.21,True,5.0,12.32,4,Returning
CUST_04501,5,23380.149999999998,13.2,8.6,57.67,True,4.4,11.36,4,Returning
CUST_04502,2,10073.75,17.5,9.5,1439.17,True,3.5,14.3,0,Returning
CUST_04503,7,2901.39,14.571428571428571,9.714285714285714,33.08,True,3.5714285714285716,12.628571428571428,4,Returning
CUST_04504,3,12928.51,15.666666666666666,8.0,0.0,True,3.6666666666666665,12.599999999999998,4,Returning
CUST_04505,2,1082.37,12.5,8.0,0.0,True,3.0,10.7,2,Returning
CUST_04506,3,2846.7,15.333333333333334,8.333333333333334,177.7,True,3.0,12.533333333333333,2,Returning
CUST_04507,5,1727.81,18.0,8.2,50.17,True,3.8,14.079999999999998,3,Returning
CUST_04508,3,2106.96,17.666666666666668,8.0,259.05,True,4.0,13.8,3,Returning
CUST_04509,5,4524.77,14.2,7.8,338.95,True,3.4,11.64,4,Returning
CUST_04510,6,4869.3099999999995,17.333333333333332,9.333333333333334,296.26,True,4.5,14.133333333333333,4,Returning
CUST_04511,1,716.2,12.0,12.0,0.0,True,3.0,12.0,2,Returning
CUST_04512,3,1503.76,14.0,7.333333333333333,18.96,True,4.0,11.333333333333334,3,Returning
CUST_04513,10,13927.47,15.5,8.7,1489.87,True,4.0,12.78,0,Returning
CUST_04514,1,123.52,16.0,10.0,6.96,False,5.0,13.6,3,At Risk
CUST_04515,2,837.8199999999999,11.0,11.0,0.0,True,3.5,11.0,1,Returning
CUST_04516,1,1956.35,14.0,10.0,0.0,False,2.0,12.4,2,At Risk
CUST_04517,3,6225.969999999999,13.333333333333334,10.666666666666666,818.5999999999999,True,4.666666666666667,12.266666666666666,1,Returning
CUST_04518,7,26498.18,13.0,7.142857142857143,576.4700000000001,True,3.2857142857142856,10.657142857142858,0,Returning
CUST_04519,3,8207.95,16.333333333333332,8.666666666666666,170.47,True,4.0,13.266666666666666,3,Returning
CUST_04520,2,1776.98,14.5,8.5,445.27,True,4.5,12.1,3,Returning
CUST_04521,2,2621.27,16.5,8.5,0.0,True,3.0,13.3,2,Returning
CUST_04522,4,5535.42,15.25,8.75,0.0,True,3.75,12.65,3,Returning
CUST_04523,5,27332.02,13.0,10.2,0.0,True,4.0,11.879999999999999,4,Returning
CUST_04524,6,2733.08,13.666666666666666,7.5,37.44,True,3.3333333333333335,11.2,4,Returning
CUST_04525,3,8179.08,16.0,10.0,321.5,True,4.0,13.6,3,Returning
CUST_04526,1,167.58,18.0,9.0,14.37,True,5.0,14.399999999999999,3,Returning
CUST_04527,1,284.37,10.0,6.0,0.0,True,5.0,8.4,1,Returning
CUST_04528,2,346.11,16.0,11.5,39.06,True,3.5,14.2,2,Returning
CUST_04529,4,1939.38,13.5,6.5,310.88,True,4.5,10.7,3,Returning
CUST_04530,2,162.88,16.0,7.0,0.0,True,4.5,12.4,3,Returning
CUST_04531,3,964.4100000000001,16.666666666666668,8.0,0.0,True,3.6666666666666665,13.2,3,Returning
CUST_04532,1,2854.32,19.0,8.0,0.0,True,4.0,14.600000000000001,3,Returning
CUST_04533,6,8250.25,15.166666666666666,8.5,219.44,True,4.166666666666667,12.5,4,Returning
CUST_04534,3,1045.11,16.0,10.0,0.0,True,4.666666666666667,13.6,3,Returning
CUST_04535,6,5913.889999999999,14.166666666666666,10.166666666666666,332.03,True,4.166666666666667,12.566666666666666,4,Returning
CUST_04536,5,6520.21,14.0,7.0,312.05,True,3.8,11.200000000000001,4,Returning
CUST_04537,10,5331.25,13.2,8.0,234.14,True,3.3,11.12,4,Returning
CUST_04538,1,327.35,11.0,10.0,50.35,True,5.0,10.6,1,Returning
CUST_04539,1,142.77,13.0,10.0,0.0,True,4.0,11.8,1,Returning
CUST_04540,2,2515.3599999999997,12.5,7.0,0.0,True,4.0,10.3,1,Returning
CUST_04541,1,1308.99,12.0,6.0,123.73,True,2.0,9.6,2,Returning
CUST_04542,2,7476.3099999999995,14.0,9.5,423.09,True,3.0,12.200000000000001,2,Returning
CUST_04543,5,3849.79,13.2,8.2,199.74,True,3.8,11.2,4,Returning
CUST_04544,4,4787.09,14.0,8.5,143.45,True,3.5,11.8,2,Returning
CUST_04545,7,14811.830000000002,16.285714285714285,9.428571428571429,988.0699999999999,True,4.142857142857143,13.542857142857143,0,Returning
CUST_04546,5,3806.0200000000004,15.2,7.2,0.0,True,3.6,12.0,4,Returning
CUST_04547,2,813.9,12.5,8.5,87.7,True,4.0,10.9,1,Returning
CUST_04548,2,6180.1900000000005,15.0,7.5,116.65,True,4.0,12.0,3,Returning
CUST_04549,5,7941.23,16.8,9.0,533.0,True,3.8,13.68,4,Returning
CUST_04550,2,1004.47,14.0,7.0,181.97,True,4.5,11.200000000000001,3,Returning
CUST_04551,3,2508.1800000000003,13.666666666666666,10.666666666666666,630.87,True,4.0,12.466666666666665,1,Returning
CUST_04552,2,1290.94,12.5,9.5,119.9,True,5.0,11.3,1,Returning
CUST_04553,2,296.71,13.5,7.0,0.0,True,4.0,10.9,1,Returning
CUST_04554,4,2400.69,17.0,9.0,258.91,True,3.25,13.799999999999999,3,Returning
CUST_04555,2,1363.62,19.0,9.5,0.0,True,3.5,15.200000000000001,3,Returning
CUST_04556,2,659.92,15.5,8.0,0.0,True,4.0,12.5,3,Returning
CUST_04557,1,991.51,13.0,6.0,174.9,False,4.0,10.2,1,At Risk
CUST_04558,6,2919.6299999999997,14.333333333333334,8.333333333333334,135.62,True,3.5,11.933333333333334,4,Returning
CUST_04559,4,2182.08,13.0,10.75,503.58,True,4.5,12.1,1,Returning
CUST_04560,1,6980.05,16.0,15.0,0.0,True,5.0,15.6,1,Returning
CUST_04561,1,64.02,17.0,5.0,0.0,False,5.0,12.2,3,At Risk
CUST_04562,5,579.64,15.4,9.2,0.0,True,3.8,12.92,3,Returning
CUST_04563,4,15219.269999999999,15.0,9.75,41.24,True,3.5,12.9,4,Returning
CUST_04564,3,8300.56,9.666666666666666,10.666666666666666,330.37,True,3.6666666666666665,10.066666666666666,1,Returning
CUST_04565,3,3414.81,13.666666666666666,6.333333333333333,17.88,True,4.666666666666667,10.733333333333333,3,Returning
CUST_04566,1,456.77,11.0,11.0,82.47,True,4.0,11.0,1,Returning
CUST_04567,5,6246.51,15.0,11.8,0.0,True,4.2,13.72,4,Returning
CUST_04568,3,2747.97,18.0,6.333333333333333,145.63,True,4.666666666666667,13.333333333333332,3,Returning
CUST_04569,10,12803.720000000001,16.3,8.0,179.07999999999998,True,4.2,12.98,4,Returning
CUST_04570,2,9356.01,15.0,8.5,0.0,True,3.5,12.4,2,Returning
CUST_04571,3,2423.48,17.0,8.333333333333334,56.64,True,4.666666666666667,13.533333333333333,3,Returning
CUST_04572,3,3850.9,14.333333333333334,9.333333333333334,635.4,True,4.0,12.333333333333334,1,Returning
CUST_04573,1,146.72,14.0,7.0,0.0,False,4.0,11.200000000000001,3,At Risk
CUST_04574,2,6622.179999999999,18.0,9.0,0.0,True,3.5,14.399999999999999,3,Returning
CUST_04575,7,2661.63,15.857142857142858,9.142857142857142,90.86,True,3.7142857142857144,13.17142857142857,4,Returning
CUST_04576,2,312.94,11.0,10.0,0.0,True,3.5,10.6,1,Returning
CUST_04577,2,1776.18,13.0,11.0,340.08000000000004,True,2.5,12.2,2,Returning
CUST_04578,1,376.71,16.0,10.0,0.0,False,4.0,13.6,3,At Risk
CUST_04579,2,359.04,13.5,8.0,0.0,True,3.0,11.3,2,Returning
CUST_04580,3,9559.7,15.666666666666666,10.0,0.0,True,4.666666666666667,13.399999999999999,3,Returning
CUST_04581,2,1174.47,14.5,10.0,209.03,True,5.0,12.7,1,Returning
CUST_04582,2,8556.539999999999,13.0,8.5,35.26,True,4.0,11.2,1,Returning
CUST_04583,2,3225.81,13.0,10.5,350.69,True,4.0,12.0,1,Returning
CUST_04584,2,192.15,13.5,8.0,0.0,True,1.5,11.3,2,Returning
CUST_04585,2,2324.58,15.5,9.0,0.0,True,3.0,12.899999999999999,2,Returning
CUST_04586,7,9015.859999999999,13.428571428571429,8.571428571428571,469.82,True,4.0,11.485714285714286,4,Returning
CUST_04587,6,2076.2,15.666666666666666,8.0,358.95,True,4.0,12.599999999999998,4,Returning
CUST_04588,4,4434.28,13.0,10.0,265.28,True,3.75,11.8,1,Returning
CUST_04589,2,4955.29,15.0,9.5,0.0,True,4.0,12.8,3,Returning
CUST_04590,2,1028.8799999999999,13.5,8.5,0.0,True,5.0,11.5,1,Returning
CUST_04591,6,4498.47,13.5,9.333333333333334,347.15999999999997,True,4.5,11.833333333333334,4,Returning
CUST_04592,3,5837.43,15.333333333333334,10.333333333333334,611.73,True,3.6666666666666665,13.333333333333332,4,Returning
CUST_04593,2,1358.12,16.0,10.0,122.84,True,3.0,13.6,2,Returning
CUST_04594,6,8709.119999999999,14.0,9.0,155.05,True,4.0,12.0,4,Returning
CUST_04595,3,3930.97,14.0,10.0,571.61,True,3.6666666666666665,12.4,1,Returning
CUST_04596,2,1747.6599999999999,18.5,9.0,166.52,True,3.5,14.7,3,Returning
CUST_04597,3,3880.8199999999997,15.0,6.0,0.0,True,4.0,11.4,3,Returning
CUST_04598,4,4943.55,15.5,9.5,811.6600000000001,True,4.0,13.1,4,Returning
CUST_04599,5,3239.4700000000003,13.2,8.8,387.45,True,4.0,11.44,4,Returning
CUST_04600,1,176.0,14.0,9.0,0.0,True,5.0,12.0,1,Returning
CUST_04601,3,4936.29,13.666666666666666,10.666666666666666,0.0,True,4.666666666666667,12.466666666666665,1,Returning
CUST_04602,2,1209.34,14.5,10.0,27.5,True,5.0,12.7,1,Returning
CUST_04603,2,449.24,12.0,9.0,0.0,True,3.5,10.799999999999999,1,Returning
CUST_04604,2,1085.79,13.5,8.5,217.14,True,3.5,11.5,2,Returning
CUST_04605,1,107.1,15.0,8.0,0.0,True,5.0,12.2,3,Returning
CUST_04606,4,4350.4,13.75,9.75,401.61,True,4.25,12.15,1,Returning
CUST_04607,3,11555.130000000001,16.0,9.666666666666666,0.0,True,4.333333333333333,13.466666666666667,3,Returning
CUST_04608,2,1098.3100000000002,12.5,8.0,0.0,True,4.0,10.7,1,Returning
CUST_04609,6,18310.88,13.5,8.833333333333334,127.68,True,4.5,11.633333333333333,4,Returning
CUST_04610,2,4137.32,18.0,9.5,936.44,True,5.0,14.6,3,Returning
CUST_04611,3,3292.7,14.666666666666666,5.666666666666667,0.0,True,4.333333333333333,11.066666666666666,3,Returning
CUST_04612,3,1462.85,9.333333333333334,10.333333333333334,18.22,True,4.666666666666667,9.733333333333334,1,Returning
CUST_04613,4,5464.5,15.25,8.25,24.05,True,3.5,12.450000000000001,4,Returning
CUST_04614,3,11385.11,12.666666666666666,9.333333333333334,1345.2699999999998,True,4.333333333333333,11.333333333333334,0,Returning
CUST_04615,1,734.5,15.0,11.0,137.86,True,5.0,13.4,1,Returning
CUST_04616,7,4319.64,14.571428571428571,8.857142857142858,103.52000000000001,True,3.7142857142857144,12.285714285714285,4,Returning
CUST_04617,4,10123.11,15.5,5.75,357.47,True,4.5,11.6,4,Returning
CUST_04618,4,3237.4100000000003,13.5,9.0,398.17,True,4.25,11.7,1,Returning
CUST_04619,3,5181.66,15.333333333333334,9.666666666666666,924.8,True,3.3333333333333335,13.066666666666666,2,Returning
CUST_04620,3,440.01,16.333333333333332,10.0,50.370000000000005,True,4.0,13.799999999999999,3,Returning
CUST_04621,3,3194.38,12.333333333333334,8.666666666666666,49.71,True,4.666666666666667,10.866666666666667,1,Returning
CUST_04622,2,905.24,13.0,11.0,149.32,True,4.5,12.2,1,Returning
CUST_04623,4,18374.63,14.75,10.0,2833.62,True,4.25,12.85,0,Returning
CUST_04624,3,3500.35,16.333333333333332,9.0,514.1700000000001,True,4.0,13.399999999999999,3,Returning
CUST_04625,3,1208.04,12.333333333333334,9.333333333333334,41.21,True,3.3333333333333335,11.133333333333335,2,Returning
CUST_04626,3,4899.16,15.666666666666666,9.333333333333334,22.01,True,4.0,13.133333333333333,3,Returning
CUST_04627,5,3818.86,13.4,9.8,376.79,True,3.2,11.959999999999999,4,Returning
CUST_04628,1,1802.8,16.0,8.0,0.0,False,4.0,12.8,3,At Risk
CUST_04629,3,2215.24,17.0,9.0,0.0,True,3.0,13.799999999999999,2,Returning
CUST_04630,1,993.21,16.0,10.0,0.0,False,5.0,13.6,3,At Risk
CUST_04631,3,1158.1200000000001,16.333333333333332,7.666666666666667,0.0,True,2.6666666666666665,12.866666666666665,2,Returning
CUST_04632,4,2912.74,14.75,9.75,31.48,True,4.0,12.75,1,Returning
CUST_04633,2,186.28,15.0,9.0,10.51,True,4.0,12.6,3,Returning
CUST_04634,4,1414.77,17.25,9.5,167.07,True,4.25,14.15,3,Returning
CUST_04635,3,1758.21,11.0,6.666666666666667,77.42,True,4.333333333333333,9.266666666666666,1,Returning
CUST_04636,1,383.67,10.0,7.0,0.0,False,4.0,8.8,1,At Risk
CUST_04637,1,528.58,16.0,8.0,0.0,True,4.0,12.8,3,Returning
CUST_04638,3,841.2299999999999,18.0,6.0,111.44,True,3.6666666666666665,13.2,3,Returning
CUST_04639,7,4841.77,14.571428571428571,7.428571428571429,412.64,True,3.7142857142857144,11.714285714285714,4,Returning
CUST_04640,4,1685.9,15.0,8.25,0.0,True,4.25,12.3,3,Returning
CUST_04641,4,1641.5,13.0,9.0,45.0,True,4.5,11.4,1,Returning
CUST_04642,3,4796.29,12.333333333333334,8.333333333333334,0.0,True,4.0,10.733333333333334,1,Returning
CUST_04643,6,30547.130000000005,14.166666666666666,10.166666666666666,0.0,True,4.666666666666667,12.566666666666666,4,Returning
CUST_04644,1,592.85,12.0,8.0,0.0,True,5.0,10.399999999999999,1,Returning
CUST_04645,2,1421.22,18.0,9.0,71.46,True,2.5,14.399999999999999,2,Returning
CUST_04646,2,549.3299999999999,11.5,9.5,49.63,True,5.0,10.7,1,Returning
CUST_04647,7,3515.9,14.0,9.142857142857142,233.42,True,4.428571428571429,12.057142857142857,4,Returning
CUST_04648,5,6512.94,15.4,7.6,57.45,True,3.2,12.280000000000001,4,Returning
CUST_04649,1,2130.57,15.0,8.0,230.58,False,4.0,12.2,3,At Risk
CUST_04650,1,2322.71,14.0,10.0,301.27,False,5.0,12.4,1,At Risk
CUST_04651,3,3174.49,15.0,12.0,55.22,True,3.0,13.8,2,Returning
CUST_04652,4,8951.16,15.0,9.25,852.4000000000001,True,4.75,12.7,4,Returning
CUST_04653,4,13578.259999999998,11.75,8.0,562.75,True,4.75,10.25,4,Returning
CUST_04654,3,356.46999999999997,18.333333333333332,10.666666666666666,0.0,True,4.0,15.266666666666666,3,Returning
CUST_04655,5,9476.06,13.2,9.2,535.51,True,4.4,11.599999999999998,4,Returning
CUST_04656,3,1656.9899999999998,13.0,10.0,15.27,True,4.0,11.8,1,Returning
CUST_04657,7,5179.64,16.142857142857142,7.571428571428571,789.21,True,3.2857142857142856,12.714285714285714,4,Returning
CUST_04658,6,6773.34,14.833333333333334,10.0,857.58,True,4.5,12.9,4,Returning
CUST_04659,2,538.77,14.5,8.0,37.51,True,3.0,11.899999999999999,2,Returning
CUST_04660,2,2081.35,11.5,10.5,1.66,True,4.5,11.1,1,Returning
CUST_04661,3,6316.32,14.666666666666666,8.666666666666666,715.25,True,2.6666666666666665,12.266666666666666,2,Returning
CUST_04662,3,6202.67,12.666666666666666,9.666666666666666,0.0,True,4.0,11.466666666666667,1,Returning
CUST_04663,2,753.4599999999999,17.0,11.0,15.29,True,2.5,14.6,2,Returning
CUST_04664,1,547.07,15.0,10.0,0.0,True,4.0,13.0,1,Returning
CUST_04665,4,3754.7599999999998,14.25,10.25,321.09,True,4.25,12.649999999999999,1,Returning
CUST_04666,5,6770.8,15.8,10.0,266.31,True,4.0,13.48,4,Returning
CUST_04667,8,5481.21,15.875,9.875,46.519999999999996,True,4.0,13.475000000000001,4,Returning
CUST_04668,2,841.81,15.5,9.0,0.0,True,5.0,12.899999999999999,3,Returning
CUST_04669,5,6215.86,13.2,8.6,925.21,True,4.4,11.36,4,Returning
CUST_04670,2,1821.4299999999998,18.5,10.0,376.69,True,3.5,15.1,3,Returning
CUST_04671,5,3858.44,13.4,9.4,84.64,True,3.2,11.799999999999999,2,Returning
CUST_04672,5,22660.829999999998,16.4,9.2,0.0,True,3.8,13.519999999999998,4,Returning
CUST_04673,3,4323.61,16.333333333333332,8.0,0.0,True,3.3333333333333335,13.0,3,Returning
CUST_04674,2,4632.179999999999,12.5,9.0,1213.6399999999999,True,4.5,11.1,1,Returning
CUST_04675,5,1254.05,14.4,9.2,22.13,True,4.0,12.32,1,Returning
CUST_04676,2,351.87,14.5,12.0,0.0,True,5.0,13.5,1,Returning
CUST_04677,4,2090.32,13.5,7.75,340.51,True,3.5,11.2,2,Returning
CUST_04678,5,5420.44,13.8,11.8,140.93,True,2.4,13.0,2,Returning
CUST_04679,1,120.24,17.0,7.0,0.0,True,5.0,13.0,3,Returning
CUST_04680,4,1930.77,15.25,7.75,215.9,True,4.5,12.25,3,Returning
CUST_04681,4,492.01,15.0,8.5,27.66,True,3.75,12.4,3,Returning
CUST_04682,7,4015.8900000000003,14.142857142857142,7.428571428571429,230.16,True,3.4285714285714284,11.457142857142857,4,Returning
CUST_04683,2,1910.63,16.5,8.0,122.65,True,3.5,13.100000000000001,3,Returning
CUST_04684,1,324.92,15.0,9.0,17.71,True,5.0,12.6,3,Returning
CUST_04685,5,7256.05,14.2,9.4,155.58,True,4.4,12.28,4,Returning
CUST_04686,1,79.66,17.0,5.0,7.16,False,3.0,12.2,3,At Risk
CUST_04687,3,1924.9199999999998,14.0,7.333333333333333,448.83000000000004,True,4.333333333333333,11.333333333333334,3,Returning
CUST_04688,8,5191.77,14.5,9.0,322.92999999999995,True,3.875,12.299999999999999,4,Returning
CUST_04689,2,1186.18,14.5,9.5,216.1,True,4.0,12.5,1,Returning
CUST_04690,8,14634.87,13.25,10.0,1253.45,True,3.625,11.95,0,Returning
CUST_04691,3,4090.21,15.0,7.0,0.0,True,4.0,11.8,3,Returning
CUST_04692,4,2520.44,17.5,10.0,33.26,True,4.5,14.5,3,Returning
CUST_04693,1,1838.82,14.0,7.0,0.0,True,2.0,11.200000000000001,2,Returning
CUST_04694,1,502.89,11.0,8.0,0.0,False,3.0,9.8,2,At Risk
CUST_04695,7,3370.75,14.571428571428571,10.285714285714286,0.0,True,3.4285714285714284,12.857142857142858,4,Returning
CUST_04696,4,6636.93,15.25,11.0,1014.76,True,4.5,13.55,4,Returning
CUST_04697,4,7818.25,14.25,7.0,106.33,True,2.75,11.35,2,Returning
CUST_04698,1,330.3,16.0,10.0,0.0,False,4.0,13.6,3,At Risk
CUST_04699,6,11268.390000000001,15.0,8.333333333333334,1420.53,True,3.5,12.333333333333334,0,Returning
CUST_04700,2,323.61,16.5,8.5,51.05,True,5.0,13.3,3,Returning
CUST_04701,7,32325.67,13.857142857142858,10.857142857142858,1101.35,True,3.7142857142857144,12.657142857142858,0,Returning
CUST_04702,2,292.46,15.5,7.0,59.92,True,3.0,12.1,2,Returning
CUST_04703,2,24215.56,16.5,10.5,239.94,True,2.5,14.100000000000001,4,Returning
CUST_04704,7,12288.13,15.142857142857142,9.285714285714286,1062.83,True,3.5714285714285716,12.8,4,Returning
CUST_04705,2,3675.4300000000003,14.5,10.0,102.95,True,4.5,12.7,1,Returning
CUST_04706,5,10478.150000000001,15.0,8.8,161.28,True,4.6,12.52,4,Returning
CUST_04707,3,1183.1799999999998,11.666666666666666,9.666666666666666,226.20000000000002,True,5.0,10.866666666666665,1,Returning
CUST_04708,3,1356.19,14.333333333333334,10.0,119.71000000000001,True,4.666666666666667,12.6,1,Returning
CUST_04709,4,2225.3599999999997,17.25,9.25,34.93,True,2.25,14.05,2,Returning
CUST_04710,7,12359.970000000001,14.857142857142858,8.0,1350.92,True,4.0,12.114285714285714,0,Returning
CUST_04711,2,809.26,15.5,9.0,40.42,True,4.0,12.899999999999999,3,Returning
CUST_04712,7,13592.089999999998,14.714285714285714,8.571428571428571,38.43,True,4.0,12.257142857142856,4,Returning
CUST_04713,2,1568.7,14.5,8.0,154.76,True,3.5,11.899999999999999,2,Returning
CUST_04714,2,1451.19,17.5,9.5,23.71,True,4.5,14.3,3,Returning
CUST_04715,5,4495.349999999999,13.0,7.4,392.73,True,4.8,10.76,4,Returning
CUST_04716,5,1323.44,14.8,10.8,174.13,True,4.0,13.200000000000001,1,Returning
CUST_04717,10,10076.79,14.4,9.7,196.06,True,3.9,12.52,4,Returning
CUST_04718,3,1254.82,14.0,11.333333333333334,3.72,True,4.333333333333333,12.933333333333334,1,Returning
CUST_04719,3,7533.99,12.666666666666666,9.666666666666666,757.14,True,3.3333333333333335,11.466666666666667,2,Returning
CUST_04720,2,866.8199999999999,15.0,10.5,0.0,True,3.0,13.2,2,Returning
CUST_04721,8,4701.76,14.375,10.375,26.1,True,4.125,12.775,4,Returning
CUST_04722,4,3717.74,14.25,9.0,182.57000000000002,True,3.0,12.149999999999999,2,Returning
CUST_04723,3,5868.56,14.333333333333334,7.333333333333333,1388.0,True,3.6666666666666665,11.533333333333333,4,Returning
CUST_04724,8,8232.1,14.125,6.5,326.21,True,3.5,11.075,4,Returning
CUST_04725,7,8435.47,14.571428571428571,8.142857142857142,885.29,True,2.7142857142857144,12.0,4,Returning
CUST_04726,2,10223.26,18.0,11.5,0.0,True,4.0,15.399999999999999,3,Returning
CUST_04727,2,2682.92,12.5,9.5,298.5,True,5.0,11.3,1,Returning
CUST_04728,3,10462.119999999999,16.333333333333332,8.0,0.0,True,4.333333333333333,13.0,3,Returning
CUST_04729,1,1991.83,12.0,8.0,489.29,False,4.0,10.399999999999999,1,At Risk
CUST_04730,3,1801.6100000000001,13.666666666666666,8.666666666666666,37.97,True,3.3333333333333335,11.666666666666666,2,Returning
CUST_04731,2,3356.3300000000004,13.0,8.5,94.42,True,4.5,11.2,1,Returning
CUST_04732,9,9337.74,13.88888888888889,9.333333333333334,427.55,True,4.111111111111111,12.066666666666668,4,Returning
CUST_04733,1,1901.65,16.0,9.0,0.0,True,4.0,13.2,3,Returning
CUST_04734,4,3818.6499999999996,16.5,8.0,133.88,True,3.0,13.100000000000001,2,Returning
CUST_04735,1,828.99,12.0,11.0,85.32,False,5.0,11.6,1,At Risk
CUST_04736,4,2132.74,13.75,8.5,0.0,True,3.75,11.65,1,Returning
CUST_04737,5,7911.54,12.0,8.6,1239.25,True,4.4,10.639999999999999,4,Returning
CUST_04738,2,2316.13,16.0,8.0,169.95,True,2.5,12.8,2,Returning
CUST_04739,3,759.69,16.666666666666668,11.333333333333334,3.09,True,3.3333333333333335,14.533333333333335,2,Returning
CUST_04740,3,1176.3400000000001,14.666666666666666,12.0,3.37,True,3.6666666666666665,13.6,1,Returning
CUST_04741,5,1522.25,13.0,9.2,48.14,True,3.8,11.48,1,Returning
CUST_04742,2,449.63,12.0,11.5,93.74,True,5.0,11.8,1,Returning
CUST_04743,4,3052.2400000000002,15.25,9.25,391.4,True,3.75,12.850000000000001,3,Returning
CUST_04744,1,32.55,18.0,13.0,8.79,True,4.0,16.0,3,Returning
CUST_04745,1,118.65,17.0,8.0,0.0,True,5.0,13.399999999999999,3,Returning
CUST_04746,6,5034.09,13.666666666666666,8.166666666666666,67.79,True,4.333333333333333,11.466666666666665,4,Returning
CUST_04747,2,2909.14,18.0,7.0,222.89,True,3.0,13.6,3,Returning
CUST_04748,4,5139.24,14.25,9.5,4.44,True,4.0,12.35,1,Returning
CUST_04749,5,2746.2000000000003,15.0,9.2,467.06,True,3.4,12.68,4,Returning
CUST_04750,3,6146.4400000000005,15.666666666666666,11.0,0.0,True,4.333333333333333,13.799999999999999,3,Returning
CUST_04751,3,2808.48,13.0,11.333333333333334,90.71,True,3.0,12.333333333333334,2,Returning
CUST_04752,7,1627.8,15.714285714285714,9.285714285714286,149.68,True,3.7142857142857144,13.142857142857142,4,Returning
CUST_04753,4,4818.43,14.25,9.5,24.53,True,3.0,12.35,2,Returning
CUST_04754,4,2336.17,13.75,11.0,78.21,True,4.0,12.65,1,Returning
CUST_04755,6,18128.78,12.5,9.833333333333334,1552.33,True,3.8333333333333335,11.433333333333334,0,Returning
CUST_04756,2,12276.42,12.0,8.5,3277.67,True,4.0,10.6,0,Returning
CUST_04757,2,1063.56,16.0,9.0,0.0,True,4.0,13.2,3,Returning
CUST_04758,3,2911.6800000000003,16.666666666666668,9.333333333333334,0.0,True,3.6666666666666665,13.733333333333334,3,Returning
CUST_04759,5,3146.3100000000004,12.0,9.8,438.35,True,4.2,11.12,1,Returning
CUST_04760,6,7775.339999999999,14.5,9.0,1672.53,True,4.666666666666667,12.299999999999999,0,Returning
CUST_04761,6,16620.190000000002,16.0,8.833333333333334,183.36,True,4.0,13.133333333333333,4,Returning
CUST_04762,3,3901.6,16.666666666666668,10.0,175.99,True,3.6666666666666665,14.0,3,Returning
CUST_04763,3,6204.28,16.0,10.0,213.1,True,3.6666666666666665,13.6,3,Returning
CUST_04764,6,1948.31,13.5,8.833333333333334,107.96000000000001,True,3.6666666666666665,11.633333333333333,4,Returning
CUST_04765,5,11068.41,14.2,8.6,1353.17,True,4.6,11.959999999999999,0,Returning
CUST_04766,6,20127.100000000002,14.5,9.0,543.11,True,4.0,12.299999999999999,4,Returning
CUST_04767,8,13430.669999999998,15.625,8.75,1994.02,True,4.625,12.875,0,Returning
CUST_04768,3,685.36,14.666666666666666,8.666666666666666,33.6,True,4.0,12.266666666666666,3,Returning
CUST_04769,2,2698.85,16.5,6.0,0.0,True,4.0,12.3,3,Returning
CUST_04770,3,1993.0800000000002,16.666666666666668,9.666666666666666,48.78,True,4.333333333333333,13.866666666666667,3,Returning
CUST_04771,3,670.4,13.0,10.333333333333334,7.77,True,3.6666666666666665,11.933333333333334,1,Returning
CUST_04772,5,764.39,14.0,8.6,126.49000000000001,True,4.4,11.84,1,Returning
CUST_04773,1,230.95,11.0,11.0,0.0,True,5.0,11.0,1,Returning
CUST_04774,5,3580.55,14.2,9.0,257.56,True,3.0,12.12,2,Returning
CUST_04775,3,3178.3399999999997,15.0,9.333333333333334,0.0,True,3.6666666666666665,12.733333333333334,3,Returning
CUST_04776,5,3370.0,14.2,9.2,191.56,True,5.0,12.2,1,Returning
CUST_04777,9,1455.44,15.666666666666666,8.222222222222221,107.07,True,3.5555555555555554,12.688888888888886,4,Returning
CUST_04778,3,12584.08,15.333333333333334,10.666666666666666,2737.62,True,4.333333333333333,13.466666666666665,0,Returning
CUST_04779,3,6306.54,13.666666666666666,7.666666666666667,561.98,True,4.333333333333333,11.266666666666666,1,Returning
CUST_04780,1,482.02,16.0,11.0,37.76,False,4.0,14.0,3,At Risk
CUST_04781,1,1803.9,14.0,13.0,0.0,False,3.0,13.600000000000001,2,At Risk
CUST_04782,4,4053.8199999999997,14.75,9.5,0.0,True,3.0,12.65,2,Returning
CUST_04783,5,2617.42,13.6,8.6,21.17,True,4.2,11.6,1,Returning
CUST_04784,1,1131.33,21.0,8.0,210.55,True,4.0,15.8,3,Returning
CUST_04785,3,3819.78,14.666666666666666,11.0,145.87,True,2.3333333333333335,13.2,2,Returning
CUST_04786,1,2882.32,14.0,8.0,0.0,True,4.0,11.600000000000001,1,Returning
CUST_04787,7,11360.0,16.0,8.142857142857142,924.48,True,3.5714285714285716,12.857142857142858,4,Returning
CUST_04788,2,1252.31,14.0,11.0,57.39,True,4.0,12.8,1,Returning
CUST_04789,4,2047.5,14.75,8.0,361.05,True,3.75,12.05,3,Returning
CUST_04790,1,609.09,18.0,8.0,0.0,True,4.0,14.0,3,Returning
CUST_04791,2,2918.45,12.5,8.0,0.0,True,4.5,10.7,1,Returning
CUST_04792,4,4745.14,15.0,8.75,0.0,True,3.5,12.5,2,Returning
CUST_04793,6,2443.74,13.0,10.333333333333334,179.44,True,3.5,11.933333333333334,4,Returning
CUST_04794,10,23646.45,13.3,9.4,1410.94,True,4.3,11.74,0,Returning
CUST_04795,3,4857.259999999999,15.0,8.0,0.0,True,4.333333333333333,12.2,3,Returning
CUST_04796,1,47.44,17.0,7.0,0.0,False,4.0,13.0,3,At Risk
CUST_04797,8,5167.39,14.125,9.375,495.49,True,4.125,12.225,4,Returning
CUST_04798,10,25990.4,14.6,8.7,1380.81,True,4.2,12.24,0,Returning
CUST_04799,10,4297.73,14.1,8.5,72.00999999999999,True,3.8,11.86,4,Returning
CUST_04800,6,23133.71,15.333333333333334,9.833333333333334,0.0,True,3.3333333333333335,13.133333333333333,4,Returning
CUST_04801,1,1028.61,16.0,9.0,87.51,True,4.0,13.2,3,Returning
CUST_04802,3,934.93,16.0,9.666666666666666,105.11,True,3.3333333333333335,13.466666666666667,2,Returning
CUST_04803,4,2812.1,14.75,8.5,498.54,True,4.0,12.25,3,Returning
CUST_04804,1,99.12,15.0,12.0,8.13,True,3.0,13.8,2,Returning
CUST_04805,3,2498.07,17.0,8.333333333333334,301.87,True,4.666666666666667,13.533333333333333,3,Returning
CUST_04806,3,2005.23,13.666666666666666,9.666666666666666,37.050000000000004,True,3.6666666666666665,12.066666666666666,1,Returning
CUST_04807,2,2185.4900000000002,13.0,10.0,0.0,True,4.5,11.8,1,Returning
CUST_04808,1,483.95,15.0,11.0,0.0,False,5.0,13.4,1,At Risk
CUST_04809,2,355.45,14.5,13.0,12.01,True,4.0,13.899999999999999,1,Returning
CUST_04810,3,1700.46,14.333333333333334,9.333333333333334,55.03,True,4.333333333333333,12.333333333333334,1,Returning
CUST_04811,3,1421.84,15.333333333333334,9.666666666666666,285.51,True,3.3333333333333335,13.066666666666666,2,Returning
CUST_04812,5,1350.61,14.4,9.8,62.21,True,4.0,12.56,1,Returning
CUST_04813,2,1801.0700000000002,12.0,9.0,174.31,True,5.0,10.799999999999999,1,Returning
CUST_04814,1,996.3,13.0,7.0,0.0,True,5.0,10.6,1,Returning
CUST_04815,3,559.3,15.333333333333334,8.0,27.310000000000002,True,3.3333333333333335,12.399999999999999,2,Returning
CUST_04816,2,2023.84,16.5,9.5,0.0,True,3.5,13.700000000000001,3,Returning
CUST_04817,6,16344.759999999998,12.833333333333334,9.833333333333334,3094.3,True,3.6666666666666665,11.633333333333333,0,Returning
CUST_04818,4,1317.78,11.75,9.25,16.37,True,3.75,10.75,1,Returning
CUST_04819,3,5724.0599999999995,12.333333333333334,9.333333333333334,526.1,True,4.0,11.133333333333335,1,Returning
CUST_04820,2,358.64,14.0,7.0,0.0,True,3.0,11.200000000000001,2,Returning
CUST_04821,3,8411.92,16.666666666666668,9.0,9.36,True,4.0,13.6,3,Returning
CUST_04822,2,2890.25,14.0,8.0,740.02,True,4.0,11.600000000000001,1,Returning
CUST_04823,2,1126.1,16.0,9.5,21.93,True,4.5,13.4,3,Returning
CUST_04824,7,4916.96,13.571428571428571,8.857142857142858,486.14,True,4.142857142857143,11.685714285714285,4,Returning
CUST_04825,3,530.91,10.666666666666666,11.333333333333334,70.98,True,3.6666666666666665,10.933333333333334,1,Returning
CUST_04826,2,1593.19,17.0,9.0,168.46,True,5.0,13.799999999999999,3,Returning
CUST_04827,3,5202.43,12.666666666666666,11.0,165.39,True,3.0,12.0,2,Returning
CUST_04828,6,1962.84,14.333333333333334,8.833333333333334,67.26,True,3.5,12.133333333333333,4,Returning
CUST_04829,2,672.6,13.0,4.5,29.39,True,4.5,9.6,3,Returning
CUST_04830,4,3215.69,12.5,8.0,0.0,True,4.0,10.7,1,Returning
CUST_04831,2,533.53,17.5,9.0,0.0,True,4.5,14.1,3,Returning
CUST_04832,5,1514.76,14.2,7.6,151.38,True,4.0,11.559999999999999,4,Returning
CUST_04833,10,7063.599999999999,15.5,8.4,534.96,True,4.0,12.66,4,Returning
CUST_04834,2,775.98,12.5,10.0,117.96,True,2.5,11.5,2,Returning
CUST_04835,4,989.42,14.75,9.0,143.81,True,4.75,12.45,3,Returning
CUST_04836,9,10928.220000000001,14.222222222222221,8.333333333333334,453.58,True,3.888888888888889,11.866666666666667,4,Returning
CUST_04837,5,1292.41,14.6,7.2,44.949999999999996,True,3.0,11.64,2,Returning
CUST_04838,5,3546.3300000000004,11.8,9.4,663.58,True,3.6,10.84,4,Returning
CUST_04839,5,6724.43,14.0,8.8,0.0,True,3.6,11.920000000000002,4,Returning
CUST_04840,3,5032.629999999999,14.333333333333334,8.666666666666666,761.33,True,3.0,12.066666666666666,2,Returning
CUST_04841,2,3134.91,13.0,5.0,0.0,True,5.0,9.8,3,Returning
CUST_04842,2,417.55,17.0,9.0,0.0,True,4.0,13.799999999999999,3,Returning
CUST_04843,5,2032.23,15.0,8.6,265.11,True,4.6,12.44,3,Returning
CUST_04844,1,389.01,14.0,8.0,0.0,True,4.0,11.600000000000001,1,Returning
CUST_04845,4,5758.73,18.25,8.25,756.85,True,3.75,14.25,3,Returning
CUST_04846,4,1599.19,15.25,7.5,77.48,True,4.25,12.15,3,Returning
CUST_04847,7,6244.95,12.714285714285714,10.571428571428571,145.78,True,4.428571428571429,11.857142857142858,4,Returning
CUST_04848,2,701.5500000000001,13.5,11.0,2.91,True,2.5,12.5,2,Returning
CUST_04849,2,2422.78,13.0,8.0,158.58,True,4.5,11.0,1,Returning
CUST_04850,4,1343.29,15.25,8.75,71.39,True,4.25,12.65,3,Returning
CUST_04851,1,551.05,15.0,12.0,0.0,False,5.0,13.8,1,At Risk
CUST_04852,9,15397.42,12.444444444444445,8.555555555555555,2458.03,True,3.7777777777777777,10.88888888888889,0,Returning
CUST_04853,2,13202.7,14.0,9.5,806.8699999999999,True,5.0,12.200000000000001,1,Returning
CUST_04854,2,1117.89,18.0,9.0,237.75,True,4.5,14.399999999999999,3,Returning
CUST_04855,7,5724.8099999999995,12.714285714285714,8.0,789.0799999999999,True,4.285714285714286,10.82857142857143,4,Returning
CUST_04856,4,1493.0600000000002,13.0,8.5,135.3,True,3.5,11.2,2,Returning
CUST_04857,2,4071.69,14.5,9.5,163.29,True,2.0,12.5,2,Returning
CUST_04858,5,3360.85,14.0,8.4,181.20999999999998,True,3.8,11.760000000000002,4,Returning
CUST_04859,3,5778.07,16.666666666666668,8.333333333333334,251.85,True,4.0,13.333333333333334,3,Returning
CUST_04860,8,2614.9300000000003,14.375,9.75,8.1,True,4.25,12.525,4,Returning
CUST_04861,5,3317.8,13.8,8.2,245.54,True,4.6,11.559999999999999,4,Returning
CUST_04862,4,4511.78,13.0,8.5,8.19,True,4.25,11.2,1,Returning
CUST_04863,4,1888.2399999999998,15.5,7.5,0.0,True,4.75,12.299999999999999,3,Returning
CUST_04864,2,12452.09,14.5,12.5,0.0,True,5.0,13.7,1,Returning
CUST_04865,1,5599.85,13.0,5.0,857.53,True,5.0,9.8,3,Returning
CUST_04866,3,9874.82,14.0,10.666666666666666,1102.1599999999999,True,3.0,12.666666666666668,4,Returning
CUST_04867,3,5575.08,12.333333333333334,9.0,87.28,True,4.333333333333333,11.0,1,Returning
CUST_04868,1,85.97,17.0,10.0,11.87,False,4.0,14.2,3,At Risk
CUST_04869,3,4077.0600000000004,13.0,8.0,30.82,True,3.3333333333333335,11.0,2,Returning
CUST_04870,4,8649.67,14.75,8.75,38.48,True,4.5,12.35,4,Returning
CUST_04871,5,6682.19,13.2,6.2,250.51999999999998,True,4.6,10.399999999999999,4,Returning
CUST_04872,3,5247.1,14.0,11.333333333333334,0.0,True,4.0,12.933333333333334,1,Returning
CUST_04873,8,11587.92,17.25,8.5,418.69,True,3.625,13.75,4,Returning
CUST_04874,3,965.2,17.0,7.666666666666667,22.549999999999997,True,2.6666666666666665,13.266666666666666,2,Returning
CUST_04875,5,4277.6,14.8,10.6,103.13,True,4.2,13.120000000000001,4,Returning
CUST_04876,3,3583.51,14.333333333333334,11.333333333333334,0.0,True,4.333333333333333,13.133333333333333,1,Returning
CUST_04877,6,8379.69,15.166666666666666,7.666666666666667,522.9200000000001,True,4.5,12.166666666666666,4,Returning
CUST_04878,1,4545.6,10.0,9.0,0.0,True,5.0,9.6,1,Returning
CUST_04879,3,1722.1999999999998,16.333333333333332,8.333333333333334,0.0,True,3.6666666666666665,13.133333333333333,3,Returning
CUST_04880,5,11367.67,16.8,9.6,144.82,True,4.2,13.92,4,Returning
CUST_04881,3,1348.73,15.333333333333334,11.0,0.0,True,4.333333333333333,13.6,1,Returning
CUST_04882,2,1844.12,18.0,10.5,0.0,True,2.5,15.0,2,Returning
CUST_04883,1,213.21,14.0,9.0,0.0,True,5.0,12.0,1,Returning
CUST_04884,2,2231.79,15.0,8.5,521.78,True,3.5,12.4,2,Returning
CUST_04885,2,6484.5,19.0,7.5,1103.75,True,4.5,14.4,3,Returning
CUST_04886,1,92.24,17.0,11.0,15.7,True,3.0,14.6,2,Returning
CUST_04887,4,3734.8,15.75,8.25,646.22,True,4.0,12.75,3,Returning
CUST_04888,1,561.61,13.0,8.0,40.79,True,4.0,11.0,1,Returning
CUST_04889,1,626.64,16.0,9.0,0.0,False,5.0,13.2,3,At Risk
CUST_04890,1,82.41,13.0,7.0,0.0,False,3.0,10.6,2,At Risk
CUST_04891,2,1520.06,8.5,8.0,119.54,True,4.5,8.3,1,Returning
CUST_04892,2,1291.9099999999999,14.5,8.0,65.46,True,3.5,11.899999999999999,2,Returning
CUST_04893,3,5325.37,17.666666666666668,7.666666666666667,98.17,True,4.666666666666667,13.666666666666666,3,Returning
CUST_04894,6,6094.74,15.666666666666666,8.833333333333334,589.23,True,3.8333333333333335,12.933333333333332,4,Returning
CUST_04895,3,3187.87,16.666666666666668,9.0,573.86,True,4.0,13.6,3,Returning
CUST_04896,2,2897.56,15.5,11.0,415.72,True,4.0,13.7,1,Returning
CUST_04897,7,17290.579999999998,15.285714285714286,9.142857142857142,2750.01,True,3.5714285714285716,12.828571428571427,0,Returning
CUST_04898,2,1440.53,11.0,9.0,38.02,True,4.5,10.2,1,Returning
CUST_04899,1,2225.7,14.0,12.0,0.0,False,4.0,13.200000000000001,1,At Risk
CUST_04900,5,7554.800000000001,15.8,9.6,0.0,True,4.6,13.32,4,Returning
CUST_04901,1,33.73,16.0,4.0,0.0,False,4.0,11.2,3,At Risk
CUST_04902,5,17810.16,13.6,8.6,1225.01,True,2.8,11.6,0,Returning
CUST_04903,2,2136.36,14.0,8.5,0.0,True,4.5,11.8,1,Returning
CUST_04904,3,2066.34,13.666666666666666,9.0,185.88,True,3.0,11.799999999999999,2,Returning
CUST_04905,3,8488.34,16.666666666666668,7.666666666666667,259.34000000000003,True,4.0,13.066666666666666,3,Returning
CUST_04906,1,84.42,17.0,8.0,0.0,False,4.0,13.399999999999999,3,At Risk
CUST_04907,2,2450.63,11.5,9.5,17.97,True,4.5,10.7,1,Returning
CUST_04908,1,3697.64,15.0,11.0,0.0,True,3.0,13.4,2,Returning
CUST_04909,1,1550.15,16.0,12.0,0.0,True,3.0,14.4,2,Returning
CUST_04910,1,608.57,22.0,8.0,76.21,True,5.0,16.4,3,Returning
CUST_04911,2,481.75,15.5,9.0,86.11,True,3.0,12.899999999999999,2,Returning
CUST_04912,1,52.76,20.0,7.0,7.7,True,4.0,14.8,3,Returning
CUST_04913,1,259.28,14.0,5.0,25.44,False,4.0,10.4,3,At Risk
CUST_04914,4,2103.19,11.75,9.0,111.98,True,2.75,10.65,2,Returning
CUST_04915,2,4801.76,16.0,7.5,0.0,True,5.0,12.6,3,Returning
CUST_04916,2,99.41,17.0,10.0,3.57,True,4.5,14.2,3,Returning
CUST_04917,2,2470.9100000000003,11.5,8.0,127.84,True,4.5,10.1,1,Returning
CUST_04918,7,4258.53,15.714285714285714,9.857142857142858,0.0,True,3.5714285714285716,13.37142857142857,4,Returning
CUST_04919,1,23.37,14.0,10.0,0.0,True,4.0,12.4,1,Returning
CUST_04920,1,131.67,13.0,10.0,0.0,True,3.0,11.8,2,Returning
CUST_04921,3,7574.349999999999,14.666666666666666,7.666666666666667,10.22,True,3.3333333333333335,11.866666666666665,2,Returning
CUST_04922,1,82.68,19.0,8.0,0.0,True,3.0,14.600000000000001,3,Returning
CUST_04923,3,547.74,15.333333333333334,9.666666666666666,0.0,True,4.666666666666667,13.066666666666666,3,Returning
CUST_04924,2,589.96,21.5,8.0,111.78,True,4.0,16.1,3,Returning
CUST_04925,10,11588.460000000001,14.7,8.4,69.31,True,3.5,12.18,4,Returning
CUST_04926,3,6774.09,13.0,6.333333333333333,1180.0,True,4.333333333333333,10.333333333333332,4,Returning
CUST_04927,1,750.84,16.0,8.0,0.0,True,3.0,12.8,2,Returning
CUST_04928,3,1266.78,14.0,10.333333333333334,93.24,True,3.6666666666666665,12.533333333333335,1,Returning
CUST_04929,3,801.86,15.0,10.666666666666666,61.7,True,4.333333333333333,13.266666666666666,1,Returning
CUST_04930,4,4142.5,15.75,9.25,611.74,True,4.75,13.149999999999999,3,Returning
CUST_04931,3,727.8299999999999,16.0,8.333333333333334,91.18,True,4.0,12.933333333333334,3,Returning
CUST_04932,4,7770.1,15.5,9.75,13.79,True,4.0,13.2,4,Returning
CUST_04933,2,938.53,15.5,9.0,28.0,True,5.0,12.899999999999999,3,Returning
CUST_04934,1,276.98,12.0,6.0,0.0,True,5.0,9.6,1,Returning
CUST_04935,3,3318.0,15.0,9.666666666666666,16.17,True,4.333333333333333,12.866666666666667,3,Returning
CUST_04936,3,3413.2599999999998,11.333333333333334,10.666666666666666,22.79,True,4.666666666666667,11.066666666666666,1,Returning
CUST_04937,2,726.63,13.5,10.5,0.0,True,4.5,12.3,1,Returning
CUST_04938,10,22313.82,15.5,9.3,431.16,True,4.0,13.02,4,Returning
CUST_04939,2,1409.08,17.5,13.5,65.75,True,3.0,15.9,2,Returning
CUST_04940,2,19852.050000000003,12.0,6.0,0.0,True,4.5,9.6,4,Returning
CUST_04941,3,3719.34,16.333333333333332,8.333333333333334,299.52,True,4.333333333333333,13.133333333333333,3,Returning
CUST_04942,3,1980.74,15.666666666666666,7.333333333333333,34.05,True,2.3333333333333335,12.333333333333332,2,Returning
CUST_04943,8,11925.28,14.625,10.125,17.19,True,3.75,12.825,4,Returning
CUST_04944,3,5710.46,13.333333333333334,12.333333333333334,216.06,True,3.0,12.933333333333334,2,Returning
CUST_04945,3,1542.44,14.0,11.0,0.0,True,4.666666666666667,12.8,1,Returning
CUST_04946,2,271.4,17.0,8.0,45.93,True,3.5,13.399999999999999,3,Returning
CUST_04947,1,575.93,17.0,9.0,147.48,True,2.0,13.799999999999999,2,Returning
CUST_04948,5,13361.13,14.6,10.2,936.59,True,3.6,12.84,4,Returning
CUST_04949,5,4413.16,14.4,8.8,416.56,True,4.0,12.16,4,Returning
CUST_04950,2,879.01,18.0,8.0,0.0,True,5.0,14.0,3,Returning
CUST_04951,2,4486.28,16.0,7.5,0.0,True,5.0,12.6,3,Returning
CUST_04952,2,987.8000000000001,12.5,9.5,172.71,True,4.0,11.3,1,Returning
CUST_04953,3,725.1,13.0,7.666666666666667,5.49,True,3.6666666666666665,10.866666666666667,1,Returning
CUST_04954,2,2571.1,18.0,9.0,107.72,True,4.0,14.399999999999999,3,Returning
CUST_04955,2,1233.46,13.5,10.5,42.68,True,4.5,12.3,1,Returning
CUST_04956,4,1434.4,14.5,9.5,0.0,True,2.25,12.5,2,Returning
CUST_04957,1,219.21,10.0,6.0,36.06,False,4.0,8.4,1,At Risk
CUST_04958,2,1000.33,12.5,8.0,0.0,True,3.0,10.7,2,Returning
CUST_04959,5,2123.24,13.6,10.2,289.85999999999996,True,3.6,12.24,4,Returning
CUST_04960,2,8958.099999999999,15.0,9.0,9.34,True,4.5,12.6,3,Returning
CUST_04961,5,3340.59,15.6,11.0,43.84,True,4.0,13.76,4,Returning
CUST_04962,6,3916.22,13.5,9.333333333333334,158.93,True,4.166666666666667,11.833333333333334,4,Returning
CUST_04963,4,1702.81,14.75,10.5,58.120000000000005,True,4.5,13.05,1,Returning
CUST_04964,3,1655.87,16.0,8.0,0.0,True,4.333333333333333,12.8,3,Returning
CUST_04965,6,4115.38,16.333333333333332,11.666666666666666,301.72,True,3.5,14.466666666666665,4,Returning
CUST_04966,1,1510.24,12.0,9.0,321.68,False,4.0,10.799999999999999,1,At Risk
CUST_04967,3,1237.03,15.333333333333334,7.666666666666667,158.01999999999998,True,3.3333333333333335,12.266666666666666,2,Returning
CUST_04968,2,570.77,16.0,8.5,71.22,True,4.0,13.0,3,Returning
CUST_04969,2,289.14,13.0,8.0,75.38,True,3.5,11.0,2,Returning
CUST_04970,1,428.24,15.0,6.0,27.2,True,5.0,11.4,3,Returning
CUST_04971,6,24482.13,14.166666666666666,10.5,113.75,True,4.166666666666667,12.7,4,Returning
CUST_04972,1,118.71,13.0,8.0,0.0,True,4.0,11.0,1,Returning
CUST_04973,4,5501.85,16.0,10.0,0.0,True,3.75,13.6,3,Returning
CUST_04974,5,21501.28,11.0,10.8,2944.39,True,2.6,10.92,0,Returning
CUST_04975,3,26381.210000000003,15.666666666666666,10.0,0.0,True,3.6666666666666665,13.399999999999999,4,Returning
CUST_04976,4,7387.31,16.0,8.75,0.0,True,4.5,13.1,3,Returning
CUST_04977,1,8943.12,19.0,11.0,0.0,True,4.0,15.8,3,Returning
CUST_04978,1,968.34,15.0,11.0,132.42,True,3.0,13.4,2,Returning
CUST_04979,6,3668.05,15.833333333333334,9.666666666666666,125.50999999999999,True,3.6666666666666665,13.366666666666667,4,Returning
CUST_04980,3,412.56,13.0,9.0,46.980000000000004,True,4.0,11.4,1,Returning
CUST_04981,2,2314.0,14.0,10.5,359.25,True,4.5,12.600000000000001,1,Returning
CUST_04982,2,1574.26,17.5,6.5,31.41,True,4.0,13.1,3,Returning
CUST_04983,3,3725.8799999999997,16.666666666666668,8.0,0.0,True,3.0,13.2,2,Returning
CUST_04984,3,1386.0800000000002,16.333333333333332,9.666666666666666,17.14,True,4.666666666666667,13.666666666666666,3,Returning
CUST_04985,7,2999.17,14.428571428571429,6.857142857142857,409.95,True,2.857142857142857,11.399999999999999,4,Returning
CUST_04986,3,1504.53,11.666666666666666,9.0,34.89,True,4.0,10.6,1,Returning
CUST_04987,1,1609.28,15.0,8.0,392.89,False,1.0,12.2,2,At Risk
CUST_04988,1,54.35,15.0,8.0,7.92,False,4.0,12.2,3,At Risk
CUST_04989,4,5613.5,15.25,7.5,741.82,True,4.5,12.15,3,Returning
CUST_04990,3,12193.630000000001,14.666666666666666,9.666666666666666,1040.8600000000001,True,3.6666666666666665,12.666666666666666,4,Returning
CUST_04991,3,943.0799999999999,17.333333333333332,7.333333333333333,0.0,True,4.333333333333333,13.333333333333332,3,Returning
CUST_04992,2,8171.07,12.0,7.0,0.0,True,5.0,10.0,1,Returning
CUST_04993,9,16174.58,15.11111111111111,8.555555555555555,1065.2099999999998,True,4.0,12.488888888888889,0,Returning
CUST_04994,3,3125.6800000000003,14.333333333333334,8.0,824.8,True,4.0,11.8,3,Returning
CUST_04995,5,1016.1800000000001,15.4,8.4,71.58,True,2.4,12.600000000000001,2,Returning
CUST_04996,4,3001.96,14.75,7.5,0.0,True,3.0,11.85,2,Returning
CUST_04997,4,15440.42,15.5,11.25,7.62,True,4.0,13.799999999999999,4,Returning
CUST_04998,1,482.9,9.0,8.0,0.0,False,3.0,8.6,2,At Risk
CUST_04999,1,137.3,14.0,10.0,0.0,False,1.0,12.4,2,At Risk
CUST_05000,4,7282.41,15.0,9.25,225.81,True,3.75,12.7,4,Returning
